Tree,Node,ID,Feature,Split,Yes,No,Missing,Gain,Cover,Category
0,0,0-0,manggarai_air_lag1,635.0,0-1,0-2,0-2,28663008.0,27231.0,
0,1,0-1,manggarai_air_lag1,595.0,0-3,0-4,0-4,3658178.0,14432.0,
0,2,0-2,manggarai_air_lag1,694.0,0-5,0-6,0-6,7356939.0,12799.0,
0,3,0-3,manggarai_air_lag4,575.0,0-7,0-8,0-8,668690.0,5187.0,
0,4,0-4,manggarai_air_lag1,615.0,0-9,0-10,0-10,884815.5,9245.0,
0,5,0-5,manggarai_air_lag1,665.0,0-11,0-12,0-12,1621591.5,10999.0,
0,6,0-6,manggarai_air_lag1,745.0,0-13,0-14,0-14,1234806.0,1800.0,
0,7,0-7,manggarai_air_lag3,592.5,0-15,0-16,0-16,37159.0,1745.0,
0,8,0-8,manggarai_air_lag2,625.0,0-17,0-18,0-18,144155.0,3442.0,
0,9,0-9,manggarai_air_lag1,605.0,0-19,0-20,0-20,109512.0,5237.0,
0,10,0-10,manggarai_air_lag1,625.0,0-21,0-22,0-22,95863.2188,4008.0,
0,11,0-11,manggarai_air_lag1,650.0,0-23,0-24,0-24,275878.0,8378.0,
0,12,0-12,manggarai_air_lag1,680.0,0-25,0-26,0-26,98950.5,2621.0,
0,13,0-13,manggarai_air_lag1,725.0,0-27,0-28,0-28,185278.5,1338.0,
0,14,0-14,manggarai_air_lag1,790.0,0-29,0-30,0-30,173339.0,462.0,
0,15,0-15,manggarai_air_lag1,565.0,0-31,0-32,0-32,35639.0,1742.0,
0,16,0-16,time_index,157.0,0-33,0-34,0-34,77885.0547,3.0,
0,17,0-17,manggarai_air_lag20,20.0,0-35,0-36,0-36,87121.0,3418.0,
0,18,0-18,depok_air_lag8,106.0,0-37,0-38,0-38,9188.13086,24.0,
0,19,0-19,depok_air_lag7,150.0,0-39,0-40,0-40,14335.0,3395.0,
0,20,0-20,depok_air_lag8,155.0,0-41,0-42,0-42,21656.8125,1842.0,
0,21,0-21,manggarai_air_lag4,570.0,0-43,0-44,0-44,81829.125,2249.0,
0,22,0-22,depok_air_lag3,80.0,0-45,0-46,0-46,22716.9824,1759.0,
0,23,0-23,manggarai_air_lag1,645.0,0-47,0-48,0-48,21577.875,3203.0,
0,24,0-24,manggarai_air_lag1,651.0,0-49,0-50,0-50,76550.5,5175.0,
0,25,0-25,depok_air_lag7,160.0,0-51,0-52,0-52,28278.625,1185.0,
0,26,0-26,depok_air_lag7,137.5,0-53,0-54,0-54,34691.25,1436.0,
0,27,0-27,depok_air_lag7,145.0,0-55,0-56,0-56,47817.5,1030.0,
0,28,0-28,depok_air_lag7,155.0,0-57,0-58,0-58,9770.5,308.0,
0,29,0-29,depok_air_lag7,155.0,0-59,0-60,0-60,26459.0,342.0,
0,30,0-30,manggarai_air_lag2,715.0,0-61,0-62,0-62,8250.0,120.0,
0,31,0-31,manggarai_air_lag1,20.0,0-63,0-64,0-64,4888.5,1451.0,
0,32,0-32,depok_air_lag9,125.0,0-65,0-66,0-66,14370.1875,291.0,
0,33,0-33,Leaf,,,,,-30.9867039,1.0,
0,34,0-34,time_index,2013.0,0-67,0-68,0-68,105.295166,2.0,
0,35,0-35,time_index,289.0,0-69,0-70,0-70,46074.25,2.0,
0,36,0-36,manggarai_air_lag1,585.0,0-71,0-72,0-72,73562.0,3416.0,
0,37,0-37,depok_air_lag14,74.0,0-73,0-74,0-74,992.479614,12.0,
0,38,0-38,dayofyear_cos,0.652345598,0-75,0-76,0-76,8.375,12.0,
0,39,0-39,manggarai_air_lag1,598.0,0-77,0-78,0-78,11690.75,3382.0,
0,40,0-40,hour_sin,0.965925813,0-79,0-80,0-80,4321.0542,13.0,
0,41,0-41,manggarai_air_lag1,607.5,0-81,0-82,0-82,10244.125,1835.0,
0,42,0-42,depok_air_lag23,85.0,0-83,0-84,0-84,3278.33154,7.0,
0,43,0-43,time_index,289.0,0-85,0-86,0-86,96182.4062,3.0,
0,44,0-44,depok_air_lag24,195.0,0-87,0-88,0-88,30557.7812,2246.0,
0,45,0-45,depok_air_lag10,102.5,0-89,0-90,0-90,137662.844,15.0,
0,46,0-46,depok_air_lag7,111.0,0-91,0-92,0-92,15013.1465,1744.0,
0,47,0-47,depok_air_lag7,130.0,0-93,0-94,0-94,9959.95312,2583.0,
0,48,0-48,depok_air_lag7,130.0,0-95,0-96,0-96,8059.26562,620.0,
0,49,0-49,depok_air_lag8,170.0,0-97,0-98,0-98,14722.5,3694.0,
0,50,0-50,depok_air_lag23,190.0,0-99,0-100,0-100,23753.0,1481.0,
0,51,0-51,manggarai_air_lag3,658.0,0-101,0-102,0-102,8007.625,1150.0,
0,52,0-52,depok_air_lag24,135.0,0-103,0-104,0-104,688.671875,35.0,
0,53,0-53,depok_air_lag24,96.0,0-105,0-106,0-106,3405.25,1269.0,
0,54,0-54,manggarai_air_lag3,650.0,0-107,0-108,0-108,7239.3125,167.0,
0,55,0-55,katulampa_air_lag19,90.0,0-109,0-110,0-110,32005.25,792.0,
0,56,0-56,manggarai_air_lag1,705.0,0-111,0-112,0-112,490.125,238.0,
0,57,0-57,manggarai_air_lag20,815.0,0-113,0-114,0-114,672.875,210.0,
0,58,0-58,Leaf,,,,,11.1273346,98.0,
0,59,0-59,Leaf,,,,,11.5264502,184.0,
0,60,0-60,Leaf,,,,,13.7496967,158.0,
0,61,0-61,Leaf,,,,,6.01772881,2.0,
0,62,0-62,Leaf,,,,,17.3667049,118.0,
0,63,0-63,Leaf,,,,,0.0132965092,1.0,
0,64,0-64,depok_air_lag9,125.0,0-115,0-116,0-116,108.5,1450.0,
0,65,0-65,manggarai_air_lag1,580.0,0-117,0-118,0-118,4063.8125,287.0,
0,66,0-66,hour_sin,0.965925813,0-119,0-120,0-120,999.383606,4.0,
0,67,0-67,Leaf,,,,,-2.48670363,1.0,
0,68,0-68,Leaf,,,,,-0.486703485,1.0,
0,69,0-69,Leaf,,,,,-30.4867039,1.0,
0,70,0-70,Leaf,,,,,-1.98670352,1.0,
0,71,0-71,manggarai_air_lag2,602.5,0-121,0-122,0-122,9083.0,1205.0,
0,72,0-72,manggarai_cuaca_lag1_hujan,1.0,0-123,0-124,0-124,7357.5,2211.0,
0,73,0-73,Leaf,,,,,-0.648938,2.0,
0,74,0-74,katulampa_air_lag14,15.0,0-125,0-126,0-126,632.57959,10.0,
0,75,0-75,Leaf,,,,,5.27437735,11.0,
0,76,0-76,Leaf,,,,,1.51329648,1.0,
0,77,0-77,depok_air_lag8,120.0,0-127,0-128,0-128,2926.4375,762.0,
0,78,0-78,time_index,26957.0,0-129,0-130,0-130,8099.25,2620.0,
0,79,0-79,manggarai_air_lag21,607.5,0-131,0-132,0-132,1276.61462,9.0,
0,80,0-80,Leaf,,,,,-2.17872572,4.0,
0,81,0-81,depok_air_lag7,111.0,0-133,0-134,0-134,1160.1875,645.0,
0,82,0-82,manggarai_cuaca_lag1_hujan,1.0,0-135,0-136,0-136,5636.8125,1190.0,
0,83,0-83,time_index,6797.0,0-137,0-138,0-138,746.631836,4.0,
0,84,0-84,time_index,23375.0,0-139,0-140,0-140,791.105103,3.0,
0,85,0-85,Leaf,,,,,-30.9867039,1.0,
0,86,0-86,time_index,13301.0,0-141,0-142,0-142,99.9764252,2.0,
0,87,0-87,depok_air_lag7,135.0,0-143,0-144,0-144,23095.3438,2240.0,
0,88,0-88,manggarai_air_lag5,625.0,0-145,0-146,0-146,78215.7656,6.0,
0,89,0-89,hour_cos,-1.83697015e-16,0-147,0-148,0-148,262.429932,14.0,
0,90,0-90,Leaf,,,,,-28.4867039,1.0,
0,91,0-91,manggarai_air_lag2,607.5,0-149,0-150,0-150,13907.8594,1641.0,
0,92,0-92,depok_air_lag7,135.0,0-151,0-152,0-152,3182.92871,103.0,
0,93,0-93,manggarai_air_lag1,640.0,0-153,0-154,0-154,9320.45312,2492.0,
0,94,0-94,depok_air_lag3,205.0,0-155,0-156,0-156,8061.60156,91.0,
0,95,0-95,manggarai_air_lag6,520.0,0-157,0-158,0-158,5400.875,590.0,
0,96,0-96,depok_air_lag7,137.5,0-159,0-160,0-160,528.529297,30.0,
0,97,0-97,depok_air_lag7,137.5,0-161,0-162,0-162,8147.0,3684.0,
0,98,0-98,hour_sin,1.22464685e-16,0-163,0-164,0-164,167328.203,10.0,
0,99,0-99,depok_air_lag7,137.5,0-165,0-166,0-166,14728.125,1467.0,
0,100,0-100,hour_sin,0.0,0-167,0-168,0-168,144274.375,14.0,
0,101,0-101,depok_air_lag7,96.0,0-169,0-170,0-170,2512.28125,178.0,
0,102,0-102,manggarai_air_lag1,670.0,0-171,0-172,0-172,7836.25,972.0,
0,103,0-103,Leaf,,,,,7.42552948,24.0,
0,104,0-104,Leaf,,,,,4.89937735,11.0,
0,105,0-105,depok_air_lag7,135.0,0-173,0-174,0-174,22663.1562,174.0,
0,106,0-106,manggarai_air_lag1,690.0,0-175,0-176,0-176,4027.5,1095.0,
0,107,0-107,Leaf,,,,,8.05092907,39.0,
0,108,0-108,Leaf,,,,,6.10390615,128.0,
0,109,0-109,manggarai_air_lag1,705.0,0-177,0-178,0-178,23955.25,764.0,
0,110,0-110,manggarai_air_lag20,705.0,0-179,0-180,0-180,116721.469,28.0,
0,111,0-111,Leaf,,,,,7.6312027,80.0,
0,112,0-112,Leaf,,,,,8.82202339,158.0,
0,113,0-113,Leaf,,,,,9.43718052,209.0,
0,114,0-114,Leaf,,,,,2.5132966,1.0,
0,115,0-115,Leaf,,,,,-6.9699769,1449.0,
0,116,0-116,Leaf,,,,,-1.98670352,1.0,
0,117,0-117,Leaf,,,,,-5.95115757,245.0,
0,118,0-118,Leaf,,,,,-4.53216505,42.0,
0,119,0-119,Leaf,,,,,-0.730055273,3.0,
0,120,0-120,Leaf,,,,,2.0132966,1.0,
0,121,0-121,Leaf,,,,,-5.06442928,1199.0,
0,122,0-122,Leaf,,,,,-0.977205932,6.0,
0,123,0-123,Leaf,,,,,-4.08984709,2163.0,
0,124,0-124,Leaf,,,,,-2.71884775,48.0,
0,125,0-125,Leaf,,,,,2.85106206,2.0,
0,126,0-126,Leaf,,,,,0.912527084,8.0,
0,127,0-127,Leaf,,,,,-3.43988967,759.0,
0,128,0-128,Leaf,,,,,-0.230055243,3.0,
0,129,0-129,Leaf,,,,,-2.97131634,2617.0,
0,130,0-130,Leaf,,,,,1.76994479,3.0,
0,131,0-131,Leaf,,,,,2.16565108,6.0,
0,132,0-132,Leaf,,,,,-0.230055243,3.0,
0,133,0-133,Leaf,,,,,-2.46198893,636.0,
0,134,0-134,Leaf,,,,,-1.12606633,9.0,
0,135,0-135,Leaf,,,,,-1.98570025,1140.0,
0,136,0-136,Leaf,,,,,-0.875889242,50.0,
0,137,0-137,Leaf,,,,,1.85106206,2.0,
0,138,0-138,Leaf,,,,,6.01772881,2.0,
0,139,0-139,Leaf,,,,,1.35106206,2.0,
0,140,0-140,Leaf,,,,,-1.23670352,1.0,
0,141,0-141,Leaf,,,,,0.513296545,1.0,
0,142,0-142,Leaf,,,,,-0.486703485,1.0,
0,143,0-143,Leaf,,,,,-1.16747689,2212.0,
0,144,0-144,Leaf,,,,,1.68084848,28.0,
0,145,0-145,Leaf,,,,,-24.4867039,1.0,
0,146,0-146,Leaf,,,,,-0.894505799,5.0,
0,147,0-147,Leaf,,,,,-1.10505521,3.0,
0,148,0-148,Leaf,,,,,-0.142289743,11.0,
0,149,0-149,Leaf,,,,,-2.92217517,18.0,
0,150,0-150,Leaf,,,,,-0.200332239,1623.0,
0,151,0-151,Leaf,,,,,0.585025489,67.0,
0,152,0-152,Leaf,,,,,1.75560403,36.0,
0,153,0-153,Leaf,,,,,0.412023157,344.0,
0,154,0-154,Leaf,,,,,0.974370301,2148.0,
0,155,0-155,Leaf,,,,,2.0812459,90.0,
0,156,0-156,Leaf,,,,,-4.4867034,1.0,
0,157,0-157,Leaf,,,,,-2.81560469,2.0,
0,158,0-158,Leaf,,,,,1.52654791,588.0,
0,159,0-159,Leaf,,,,,2.39993095,15.0,
0,160,0-160,Leaf,,,,,3.77493095,15.0,
0,161,0-161,Leaf,,,,,1.98812413,3613.0,
0,162,0-162,Leaf,,,,,3.0887239,71.0,
0,163,0-163,Leaf,,,,,-27.9867039,1.0,
0,164,0-164,Leaf,,,,,3.72393394,9.0,
0,165,0-165,Leaf,,,,,2.83058548,1420.0,
0,166,0-166,Leaf,,,,,4.66145563,47.0,
0,167,0-167,Leaf,,,,,2.4889791,13.0,
0,168,0-168,Leaf,,,,,-26.2367039,1.0,
0,169,0-169,Leaf,,,,,3.4829762,34.0,
0,170,0-170,Leaf,,,,,4.7539959,144.0,
0,171,0-171,Leaf,,,,,3.07529068,173.0,
0,172,0-172,Leaf,,,,,3.87905955,799.0,
0,173,0-173,Leaf,,,,,4.70500612,167.0,
0,174,0-174,Leaf,,,,,-0.976731122,7.0,
0,175,0-175,Leaf,,,,,4.97178984,879.0,
0,176,0-176,Leaf,,,,,5.58868265,216.0,
0,177,0-177,Leaf,,,,,6.25547028,379.0,
0,178,0-178,Leaf,,,,,7.47937393,385.0,
0,179,0-179,Leaf,,,,,4.82921505,27.0,
0,180,0-180,Leaf,,,,,-20.2867031,1.0,
1,0,1-0,manggarai_air_lag1,635.0,1-1,1-2,1-2,23285102.0,27277.0,
1,1,1-1,manggarai_air_lag1,598.0,1-3,1-4,1-4,3048504.0,14457.0,
1,2,1-2,manggarai_air_lag1,690.0,1-5,1-6,1-6,6029736.0,12820.0,
1,3,1-3,manggarai_air_lag5,575.0,1-7,1-8,1-8,673661.0,5971.0,
1,4,1-4,manggarai_air_lag1,615.0,1-9,1-10,1-10,625443.25,8486.0,
1,5,1-5,manggarai_air_lag1,665.0,1-11,1-12,1-12,1069791.0,10696.0,
1,6,1-6,manggarai_air_lag1,732.5,1-13,1-14,1-14,1235711.0,2124.0,
1,7,1-7,manggarai_air_lag3,592.5,1-15,1-16,1-16,46194.5,1767.0,
1,8,1-8,manggarai_air_lag2,630.0,1-17,1-18,1-18,103930.0,4204.0,
1,9,1-9,manggarai_air_lag1,602.5,1-19,1-20,1-20,57785.25,4452.0,
1,10,1-10,manggarai_air_lag1,625.0,1-21,1-22,1-22,71124.9844,4034.0,
1,11,1-11,manggarai_air_lag1,645.0,1-23,1-24,1-24,239816.25,8375.0,
1,12,1-12,manggarai_air_lag1,680.0,1-25,1-26,1-26,53924.75,2321.0,
1,13,1-13,manggarai_air_lag1,710.0,1-27,1-28,1-28,113996.0,1522.0,
1,14,1-14,manggarai_air_lag1,770.0,1-29,1-30,1-30,230161.0,602.0,
1,15,1-15,manggarai_air_lag1,570.0,1-31,1-32,1-32,29968.0,1764.0,
1,16,1-16,time_index,157.0,1-33,1-34,1-34,57519.7734,3.0,
1,17,1-17,manggarai_air_lag1,587.5,1-35,1-36,1-36,104785.0,4185.0,
1,18,1-18,depok_air_lag8,106.0,1-37,1-38,1-38,5413.01758,19.0,
1,19,1-19,depok_air_lag7,145.0,1-39,1-40,1-40,12741.875,2644.0,
1,20,1-20,depok_air_lag6,140.0,1-41,1-42,1-42,23428.5625,1808.0,
1,21,1-21,depok_air_lag24,200.0,1-43,1-44,1-44,25327.8281,2241.0,
1,22,1-22,depok_air_lag6,120.0,1-45,1-46,1-46,10857.9131,1793.0,
1,23,1-23,depok_air_lag7,130.0,1-47,1-48,1-48,11167.0625,2562.0,
1,24,1-24,manggarai_air_lag1,658.0,1-49,1-50,1-50,74551.0,5813.0,
1,25,1-25,depok_air_lag7,137.5,1-51,1-52,1-52,17631.5,1186.0,
1,26,1-26,depok_air_lag6,137.5,1-53,1-54,1-54,15718.5,1135.0,
1,27,1-27,depok_air_lag6,137.5,1-55,1-56,1-56,35601.75,917.0,
1,28,1-28,depok_air_lag6,150.0,1-57,1-58,1-58,29863.25,605.0,
1,29,1-29,depok_air_lag7,170.0,1-59,1-60,1-60,16522.25,379.0,
1,30,1-30,manggarai_air_lag1,810.0,1-61,1-62,1-62,41046.0,223.0,
1,31,1-31,manggarai_air_lag2,592.5,1-63,1-64,1-64,3942.0,1526.0,
1,32,1-32,depok_air_lag8,125.0,1-65,1-66,1-66,8412.0625,238.0,
1,33,1-33,Leaf,,,,,-29.4373684,1.0,
1,34,1-34,Leaf,,,,,-3.39723325,2.0,
1,35,1-35,depok_air_lag7,20.0,1-67,1-68,1-68,78045.25,1518.0,
1,36,1-36,manggarai_air_lag1,595.0,1-69,1-70,1-70,11746.5,2667.0,
1,37,1-37,hour_sin,-0.965925813,1-71,1-72,1-72,438.200623,7.0,
1,38,1-38,Leaf,,,,,4.68200016,12.0,
1,39,1-39,manggarai_air_lag2,640.0,1-73,1-74,1-74,6851.375,2632.0,
1,40,1-40,hour_cos,-0.258819044,1-75,1-76,1-76,5358.59277,12.0,
1,41,1-41,manggarai_air_lag1,607.5,1-77,1-78,1-78,6634.5625,1786.0,
1,42,1-42,depok_air_lag13,86.0,1-79,1-80,1-80,9903.90332,22.0,
1,43,1-43,depok_air_lag7,111.0,1-81,1-82,1-82,21861.9375,2235.0,
1,44,1-44,manggarai_air_lag15,700.0,1-83,1-84,1-84,73917.3281,6.0,
1,45,1-45,manggarai_air_lag3,598.0,1-85,1-86,1-86,9511.7207,1696.0,
1,46,1-46,depok_air_lag6,210.0,1-87,1-88,1-88,4152.11914,97.0,
1,47,1-47,manggarai_air_lag1,640.0,1-89,1-90,1-90,6523.85938,2460.0,
1,48,1-48,depok_air_lag3,205.0,1-91,1-92,1-92,7206.83594,102.0,
1,49,1-49,depok_air_lag7,145.0,1-93,1-94,1-94,19363.625,4475.0,
1,50,1-50,manggarai_air_lag15,770.0,1-95,1-96,1-96,24323.75,1338.0,
1,51,1-51,manggarai_air_lag1,670.0,1-97,1-98,1-98,3348.625,1066.0,
1,52,1-52,depok_air_lag6,210.0,1-99,1-100,1-100,5276.0625,120.0,
1,53,1-53,manggarai_air_lag17,658.0,1-101,1-102,1-102,1899.0,1038.0,
1,54,1-54,manggarai_air_lag2,675.0,1-103,1-104,1-104,3227.875,97.0,
1,55,1-55,manggarai_air_lag1,700.0,1-105,1-106,1-106,9149.75,728.0,
1,56,1-56,depok_air_lag7,170.0,1-107,1-108,1-108,4831.0,189.0,
1,57,1-57,depok_air_lag14,225.0,1-109,1-110,1-110,21720.5,479.0,
1,58,1-58,dayofyear_cos,-0.993512869,1-111,1-112,1-112,35.1875,126.0,
1,59,1-59,Leaf,,,,,9.75188255,288.0,
1,60,1-60,Leaf,,,,,11.7191839,91.0,
1,61,1-61,katulampa_air_lag3,110.0,1-113,1-114,1-114,2734.0,162.0,
1,62,1-62,Leaf,,,,,17.0374222,61.0,
1,63,1-63,depok_air_lag6,155.0,1-115,1-116,1-116,1741.0,1525.0,
1,64,1-64,Leaf,,,,,0.0126312254,1.0,
1,65,1-65,manggarai_air_lag1,580.0,1-117,1-118,1-118,2964.9375,231.0,
1,66,1-66,manggarai_air_lag17,635.0,1-119,1-120,1-120,2304.3252,7.0,
1,67,1-67,time_index,289.0,1-121,1-122,1-122,39003.9844,2.0,
1,68,1-68,depok_air_lag7,160.0,1-123,1-124,1-124,5940.5,1516.0,
1,69,1-69,manggarai_cuaca_lag1_hujan,1.0,1-125,1-126,1-126,13038.5,1907.0,
1,70,1-70,depok_air_lag8,106.0,1-127,1-128,1-128,2782.4375,760.0,
1,71,1-71,Leaf,,,,,2.3707428,1.0,
1,72,1-72,manggarai_air_lag2,635.0,1-129,1-130,1-130,39.1277771,6.0,
1,73,1-73,dayofyear_sin,-0.999832988,1-131,1-132,1-132,4362.625,2624.0,
1,74,1-74,dayofyear_cos,-0.866562486,1-133,1-134,1-134,3292.0769,8.0,
1,75,1-75,Leaf,,,,,4.28654194,2.0,
1,76,1-76,dayofyear_sin,-0.814915955,1-135,1-136,1-136,2143.94189,10.0,
1,77,1-77,manggarai_air_lag2,598.0,1-137,1-138,1-138,899.84375,615.0,
1,78,1-78,katulampa_air_lag21,29.0,1-139,1-140,1-140,3708.8125,1171.0,
1,79,1-79,depok_air_lag6,165.0,1-141,1-142,1-142,771.285156,6.0,
1,80,1-80,dayofyear_sin,-0.689796031,1-143,1-144,1-144,3276.32104,16.0,
1,81,1-81,manggarai_air_lag1,620.0,1-145,1-146,1-146,8390.23438,2135.0,
1,82,1-82,depok_air_lag7,160.0,1-147,1-148,1-148,11098.3926,100.0,
1,83,1-83,Leaf,,,,,-23.2623692,1.0,
1,84,1-84,hour_cos,1.0,1-149,1-150,1-150,188.322815,5.0,
1,85,1-85,depok_cuaca_lag6_hujan,1.0,1-151,1-152,1-152,75204.7969,23.0,
1,86,1-86,manggarai_air_lag1,630.0,1-153,1-154,1-154,8295.12109,1673.0,
1,87,1-87,manggarai_air_lag2,620.0,1-155,1-156,1-156,3440.7207,93.0,
1,88,1-88,Leaf,,,,,3.69818115,4.0,
1,89,1-89,manggarai_air_lag7,720.0,1-157,1-158,1-158,3404.8916,353.0,
1,90,1-90,hour_sin,0.866025388,1-159,1-160,1-160,2026.0625,2107.0,
1,91,1-91,depok_air_lag3,135.0,1-161,1-162,1-162,5721.26172,101.0,
1,92,1-92,Leaf,,,,,-4.26236868,1.0,
1,93,1-93,katulampa_air_lag4,75.0,1-163,1-164,1-164,16968.875,4410.0,
1,94,1-94,time_index,26824.0,1-165,1-166,1-166,9433.76562,65.0,
1,95,1-95,depok_air_lag6,155.0,1-167,1-168,1-168,14352.625,1326.0,
1,96,1-96,depok_air_lag13,111.0,1-169,1-170,1-170,126534.172,12.0,
1,97,1-97,manggarai_air_lag3,670.0,1-171,1-172,1-172,2094.1875,209.0,
1,98,1-98,manggarai_air_lag2,670.0,1-173,1-174,1-174,2646.625,857.0,
1,99,1-99,depok_air_lag19,137.5,1-175,1-176,1-176,778.328125,114.0,
1,100,1-100,Leaf,,,,,7.88914442,6.0,
1,101,1-101,manggarai_air_lag3,658.0,1-177,1-178,1-178,1662.0625,267.0,
1,102,1-102,manggarai_cuaca_lag1_hujan,1.0,1-179,1-180,1-180,526.875,771.0,
1,103,1-103,Leaf,,,,,6.68147516,43.0,
1,104,1-104,Leaf,,,,,5.03951216,54.0,
1,105,1-105,dayofyear_sin,-0.997559071,1-181,1-182,1-182,5749.375,382.0,
1,106,1-106,depok_air_lag16,225.0,1-183,1-184,1-184,17336.75,346.0,
1,107,1-107,Leaf,,,,,6.60510635,151.0,
1,108,1-108,Leaf,,,,,8.37383175,38.0,
1,109,1-109,manggarai_air_lag3,602.5,1-185,1-186,1-186,11255.5,466.0,
1,110,1-110,manggarai_air_lag17,690.0,1-187,1-188,1-188,109829.633,13.0,
1,111,1-111,time_index,14893.0,1-189,1-190,1-190,6065.74023,5.0,
1,112,1-112,Leaf,,,,,9.1150074,121.0,
1,113,1-113,Leaf,,,,,13.3726683,161.0,
1,114,1-114,Leaf,,,,,3.21241164,1.0,
1,115,1-115,Leaf,,,,,-6.25814629,1524.0,
1,116,1-116,Leaf,,,,,-0.939144909,1.0,
1,117,1-117,Leaf,,,,,-5.30227661,185.0,
1,118,1-118,Leaf,,,,,-4.08784008,46.0,
1,119,1-119,Leaf,,,,,-2.06512356,6.0,
1,120,1-120,Leaf,,,,,1.91263127,1.0,
1,121,1-121,Leaf,,,,,-28.9623699,1.0,
1,122,1-122,Leaf,,,,,-2.23348093,1.0,
1,123,1-123,Leaf,,,,,-4.4531064,1514.0,
1,124,1-124,Leaf,,,,,0.688692272,2.0,
1,125,1-125,Leaf,,,,,-3.60981441,1867.0,
1,126,1-126,Leaf,,,,,-1.72099495,40.0,
1,127,1-127,Leaf,,,,,-3.10384345,752.0,
1,128,1-128,Leaf,,,,,-1.05536699,8.0,
1,129,1-129,Leaf,,,,,-0.032330323,1.0,
1,130,1-130,Leaf,,,,,0.612782836,5.0,
1,131,1-131,Leaf,,,,,-3.60169959,55.0,
1,132,1-132,Leaf,,,,,-2.63982558,2569.0,
1,133,1-133,Leaf,,,,,-2.00720668,3.0,
1,134,1-134,Leaf,,,,,1.69937348,5.0,
1,135,1-135,Leaf,,,,,-2.04340219,4.0,
1,136,1-136,Leaf,,,,,0.681963265,6.0,
1,137,1-137,Leaf,,,,,-1.18665493,12.0,
1,138,1-138,Leaf,,,,,-2.23127913,603.0,
1,139,1-139,Leaf,,,,,-1.75351048,1117.0,
1,140,1-140,Leaf,,,,,-2.63043714,54.0,
1,141,1-141,Leaf,,,,,2.11453414,3.0,
1,142,1-142,Leaf,,,,,5.64370298,3.0,
1,143,1-143,Leaf,,,,,1.83997595,5.0,
1,144,1-144,Leaf,,,,,-1.02219653,11.0,
1,145,1-145,Leaf,,,,,-1.35215366,627.0,
1,146,1-146,Leaf,,,,,-0.914365709,1508.0,
1,147,1-147,Leaf,,,,,0.177402541,94.0,
1,148,1-148,Leaf,,,,,4.30729294,6.0,
1,149,1-149,Leaf,,,,,-0.707163095,4.0,
1,150,1-150,Leaf,,,,,0.487631232,1.0,
1,151,1-151,Leaf,,,,,0.302368462,20.0,
1,152,1-152,Leaf,,,,,-14.7039385,3.0,
1,153,1-153,Leaf,,,,,-0.499711335,547.0,
1,154,1-154,Leaf,,,,,-0.0253034867,1126.0,
1,155,1-155,Leaf,,,,,2.30083466,11.0,
1,156,1-156,Leaf,,,,,0.476024836,82.0,
1,157,1-157,Leaf,,,,,0.346619368,352.0,
1,158,1-158,Leaf,,,,,4.49269438,1.0,
1,159,1-159,Leaf,,,,,0.883479893,1727.0,
1,160,1-160,Leaf,,,,,0.624355555,380.0,
1,161,1-161,Leaf,,,,,1.51824129,80.0,
1,162,1-162,Leaf,,,,,3.39490247,21.0,
1,163,1-163,Leaf,,,,,1.76367402,4396.0,
1,164,1-164,Leaf,,,,,-1.63582039,14.0,
1,165,1-165,Leaf,,,,,4.50758219,38.0,
1,166,1-166,Leaf,,,,,1.95313728,27.0,
1,167,1-167,Leaf,,,,,2.62152982,1300.0,
1,168,1-168,Leaf,,,,,5.00812864,26.0,
1,169,1-169,Leaf,,,,,-24.9248695,1.0,
1,170,1-170,Leaf,,,,,2.27344871,11.0,
1,171,1-171,Leaf,,,,,3.44080663,87.0,
1,172,1-172,Leaf,,,,,2.67662978,122.0,
1,173,1-173,Leaf,,,,,4.08145809,108.0,
1,174,1-174,Leaf,,,,,3.44216657,749.0,
1,175,1-175,Leaf,,,,,4.73367834,90.0,
1,176,1-176,Leaf,,,,,3.53895116,24.0,
1,177,1-177,Leaf,,,,,4.81824589,48.0,
1,178,1-178,Leaf,,,,,3.907058,219.0,
1,179,1-179,Leaf,,,,,4.48194027,736.0,
1,180,1-180,Leaf,,,,,5.34804058,35.0,
1,181,1-181,Leaf,,,,,-0.232637525,2.0,
1,182,1-182,Leaf,,,,,5.03049135,380.0,
1,183,1-183,Leaf,,,,,5.91786146,339.0,
1,184,1-184,Leaf,,,,,0.770383477,7.0,
1,185,1-185,Leaf,,,,,0.833992004,3.0,
1,186,1-186,Leaf,,,,,7.28222895,463.0,
1,187,1-187,Leaf,,,,,5.98358107,12.0,
1,188,1-188,Leaf,,,,,-19.2723694,1.0,
1,189,1-189,Leaf,,,,,-0.927804589,1.0,
1,190,1-190,Leaf,,,,,6.79626036,4.0,
2,0,2-0,manggarai_air_lag2,635.0,2-1,2-2,2-2,17962640.0,27196.0,
2,1,2-1,manggarai_air_lag2,595.0,2-3,2-4,2-4,2416819.0,14442.0,
2,2,2-2,manggarai_air_lag2,680.0,2-5,2-6,2-6,4259366.0,12754.0,
2,3,2-3,manggarai_air_lag3,575.0,2-7,2-8,2-8,472155.0,5189.0,
2,4,2-4,manggarai_air_lag2,615.0,2-9,2-10,2-10,611873.25,9253.0,
2,5,2-5,manggarai_air_lag2,658.0,2-11,2-12,2-12,379472.25,9507.0,
2,6,2-6,manggarai_air_lag2,730.0,2-13,2-14,2-14,1379481.0,3247.0,
2,7,2-7,depok_air_lag9,137.5,2-15,2-16,2-16,23435.5,1769.0,
2,8,2-8,depok_air_lag8,96.0,2-17,2-18,2-18,69575.75,3420.0,
2,9,2-9,depok_air_lag7,145.0,2-19,2-20,2-20,127549.25,5206.0,
2,10,2-10,depok_air_lag7,130.0,2-21,2-22,2-22,101479.68,4047.0,
2,11,2-11,manggarai_air_lag2,645.0,2-23,2-24,2-24,123371.375,6990.0,
2,12,2-12,depok_air_lag7,137.5,2-25,2-26,2-26,117731.125,2517.0,
2,13,2-13,depok_air_lag7,137.5,2-27,2-28,2-28,238058.0,2530.0,
2,14,2-14,depok_air_lag7,155.0,2-29,2-30,2-30,264931.5,717.0,
2,15,2-15,depok_air_lag9,130.0,2-31,2-32,2-32,111939.0,1763.0,
2,16,2-16,manggarai_air_lag2,565.0,2-33,2-34,2-34,506.899384,6.0,
2,17,2-17,depok_air_lag7,20.0,2-35,2-36,2-36,57128.5,3279.0,
2,18,2-18,manggarai_air_lag3,650.0,2-37,2-38,2-38,29605.3984,141.0,
2,19,2-19,manggarai_air_lag2,607.5,2-39,2-40,2-40,61213.25,5164.0,
2,20,2-20,depok_air_lag10,86.0,2-41,2-42,2-42,8429.77734,42.0,
2,21,2-21,manggarai_air_lag2,625.0,2-43,2-44,2-44,47848.4219,3913.0,
2,22,2-22,depok_air_lag6,150.0,2-45,2-46,2-46,12957.6484,134.0,
2,23,2-23,depok_air_lag7,125.0,2-47,2-48,2-48,43175.0625,2561.0,
2,24,2-24,depok_air_lag6,145.0,2-49,2-50,2-50,52136.625,4429.0,
2,25,2-25,manggarai_air_lag2,670.0,2-51,2-52,2-52,28954.125,2323.0,
2,26,2-26,time_index,27354.0,2-53,2-54,2-54,23271.625,194.0,
2,27,2-27,manggarai_air_lag2,700.0,2-55,2-56,2-56,50384.25,2046.0,
2,28,2-28,katulampa_air_lag19,110.0,2-57,2-58,2-58,75887.75,484.0,
2,29,2-29,manggarai_air_lag2,770.0,2-59,2-60,2-60,43701.75,441.0,
2,30,2-30,manggarai_air_lag2,800.0,2-61,2-62,2-62,54990.25,276.0,
2,31,2-31,manggarai_air_lag2,565.0,2-63,2-64,2-64,24841.0,1762.0,
2,32,2-32,Leaf,,,,,-29.4462414,1.0,
2,33,2-33,Leaf,,,,,-0.846945226,1.0,
2,34,2-34,hour_sin,0.866025388,2-65,2-66,2-66,171.052795,5.0,
2,35,2-35,time_index,289.0,2-67,2-68,2-68,55675.5391,3.0,
2,36,2-36,manggarai_air_lag2,585.0,2-69,2-70,2-70,46623.75,3276.0,
2,37,2-37,depok_air_lag8,155.0,2-71,2-72,2-72,19020.4414,129.0,
2,38,2-38,time_index,30677.0,2-73,2-74,2-74,160.048828,12.0,
2,39,2-39,depok_air_lag8,102.5,2-75,2-76,2-76,30591.0,4024.0,
2,40,2-40,depok_air_lag7,111.0,2-77,2-78,2-78,8798.5,1140.0,
2,41,2-41,manggarai_air_lag3,592.5,2-79,2-80,2-80,7143.69824,16.0,
2,42,2-42,katulampa_air_lag3,29.0,2-81,2-82,2-82,4467.16797,26.0,
2,43,2-43,depok_air_lag24,195.0,2-83,2-84,2-84,18999.0625,2206.0,
2,44,2-44,depok_air_lag12,74.0,2-85,2-86,2-86,21464.5898,1707.0,
2,45,2-45,depok_air_lag8,111.0,2-87,2-88,2-88,6053.51953,91.0,
2,46,2-46,manggarai_air_lag3,630.0,2-89,2-90,2-90,5750.42188,43.0,
2,47,2-47,manggarai_air_lag14,630.0,2-91,2-92,2-92,9819.53906,2427.0,
2,48,2-48,depok_air_lag6,160.0,2-93,2-94,2-94,21301.0,134.0,
2,49,2-49,depok_air_lag7,160.0,2-95,2-96,2-96,159303.438,4318.0,
2,50,2-50,depok_air_lag7,165.0,2-97,2-98,2-98,15277.1875,111.0,
2,51,2-51,manggarai_air_lag14,770.0,2-99,2-100,2-100,15819.5,1479.0,
2,52,2-52,manggarai_air_lag15,650.0,2-101,2-102,2-102,8702.25,844.0,
2,53,2-53,depok_air_lag7,190.0,2-103,2-104,2-104,14264.0938,122.0,
2,54,2-54,depok_air_lag16,96.0,2-105,2-106,2-106,2830.20312,72.0,
2,55,2-55,depok_air_lag13,190.0,2-107,2-108,2-108,18057.0,1391.0,
2,56,2-56,manggarai_air_lag3,755.0,2-109,2-110,2-110,37578.875,655.0,
2,57,2-57,depok_air_lag7,170.0,2-111,2-112,2-112,46958.25,483.0,
2,58,2-58,Leaf,,,,,-13.2666845,1.0,
2,59,2-59,manggarai_air_lag2,745.0,2-113,2-114,2-114,3530.875,351.0,
2,60,2-60,dayofyear_cos,0.869763851,2-115,2-116,2-116,1830.3125,90.0,
2,61,2-61,depok_air_lag7,180.0,2-117,2-118,2-118,22113.25,217.0,
2,62,2-62,Leaf,,,,,15.1656027,59.0,
2,63,2-63,depok_air_lag6,155.0,2-119,2-120,2-120,1326.5,1457.0,
2,64,2-64,depok_air_lag8,160.0,2-121,2-122,2-122,8606.1875,305.0,
2,65,2-65,Leaf,,,,,0.373800665,3.0,
2,66,2-66,Leaf,,,,,1.6229248,2.0,
2,67,2-67,Leaf,,,,,-27.5142517,1.0,
2,68,2-68,Leaf,,,,,-2.48235273,2.0,
2,69,2-69,manggarai_cuaca_lag1_hujan,1.0,2-123,2-124,2-124,10354.625,1133.0,
2,70,2-70,manggarai_cuaca_lag1_hujan,1.0,2-125,2-126,2-126,20496.25,2143.0,
2,71,2-71,manggarai_cuaca_lag1_hujan,1.0,2-127,2-128,2-128,14259.9219,124.0,
2,72,2-72,dayofyear_sin,-0.141444072,2-129,2-130,2-130,743.918945,5.0,
2,73,2-73,Leaf,,,,,3.4433639,11.0,
2,74,2-74,Leaf,,,,,0.825708032,1.0,
2,75,2-75,manggarai_cuaca_lag1_hujan,1.0,2-131,2-132,2-132,11295.25,3837.0,
2,76,2-76,manggarai_air_lag3,598.0,2-133,2-134,2-134,6413.78906,187.0,
2,77,2-77,manggarai_air_lag5,592.5,2-135,2-136,2-136,7580.28125,1102.0,
2,78,2-78,depok_air_lag13,85.0,2-137,2-138,2-138,3069.0918,38.0,
2,79,2-79,Leaf,,,,,5.04601765,3.0,
2,80,2-80,depok_cuaca_lag9_hujan,1.0,2-139,2-140,2-140,3601.23755,13.0,
2,81,2-81,depok_air_lag8,92.5,2-141,2-142,2-142,2711.48047,17.0,
2,82,2-82,depok_cuaca_lag7_hujan,1.0,2-143,2-144,2-144,2106.28125,9.0,
2,83,2-83,depok_air_lag8,111.0,2-145,2-146,2-146,8146.6875,2199.0,
2,84,2-84,manggarai_air_lag15,700.0,2-147,2-148,2-148,70861.6406,7.0,
2,85,2-85,dayofyear_sin,-0.901168704,2-149,2-150,2-150,73934.0469,14.0,
2,86,2-86,depok_air_lag6,106.0,2-151,2-152,2-152,8656.5293,1693.0,
2,87,2-87,hour_sin,0.5,2-153,2-154,2-154,2588.07129,31.0,
2,88,2-88,time_index,26824.0,2-155,2-156,2-156,3382.27148,60.0,
2,89,2-89,time_index,9053.0,2-157,2-158,2-158,2077.44141,27.0,
2,90,2-90,katulampa_air_lag5,45.0,2-159,2-160,2-160,5889.8877,16.0,
2,91,2-91,manggarai_air_lag3,550.0,2-161,2-162,2-162,6331.11816,315.0,
2,92,2-92,dayofyear_cos,0.370482534,2-163,2-164,2-164,4082.35156,2112.0,
2,93,2-93,time_index,24035.0,2-165,2-166,2-166,4578.60156,111.0,
2,94,2-94,depok_air_lag16,111.0,2-167,2-168,2-168,3005.01953,23.0,
2,95,2-95,depok_air_lag8,135.0,2-169,2-170,2-170,16602.25,4317.0,
2,96,2-96,Leaf,,,,,-26.6850262,1.0,
2,97,2-97,manggarai_air_lag3,645.0,2-171,2-172,2-172,4769.74219,83.0,
2,98,2-98,time_index,30677.0,2-173,2-174,2-174,3738.57812,28.0,
2,99,2-99,manggarai_air_lag4,675.0,2-175,2-176,2-176,7380.8125,1460.0,
2,100,2-100,manggarai_air_lag5,670.0,2-177,2-178,2-178,118109.977,19.0,
2,101,2-101,manggarai_air_lag4,670.0,2-179,2-180,2-180,6012.21875,212.0,
2,102,2-102,manggarai_air_lag3,650.0,2-181,2-182,2-182,5752.875,632.0,
2,103,2-103,manggarai_air_lag15,640.0,2-183,2-184,2-184,381.28125,108.0,
2,104,2-104,Leaf,,,,,9.12564373,14.0,
2,105,2-105,katulampa_air_lag5,29.0,2-185,2-186,2-186,1365.58984,12.0,
2,106,2-106,depok_air_lag9,106.0,2-187,2-188,2-188,311.339844,60.0,
2,107,2-107,manggarai_air_lag15,640.0,2-189,2-190,2-190,10182.25,1387.0,
2,108,2-108,time_index,29616.0,2-191,2-192,2-192,32688.1816,4.0,
2,109,2-109,depok_air_lag6,120.0,2-193,2-194,2-194,10945.125,649.0,
2,110,2-110,hour_sin,-0.5,2-195,2-196,2-196,68635.4844,6.0,
2,111,2-111,manggarai_air_lag2,694.0,2-197,2-198,2-198,9512.5,387.0,
2,112,2-112,Leaf,,,,,8.88020897,96.0,
2,113,2-113,depok_air_lag13,170.0,2-199,2-200,2-200,7054.625,200.0,
2,114,2-114,manggarai_air_lag3,800.0,2-201,2-202,2-202,2368.125,151.0,
2,115,2-115,dayofyear_cos,-0.999609292,2-203,2-204,2-204,267.625,88.0,
2,116,2-116,Leaf,,,,,3.86237192,2.0,
2,117,2-117,depok_air_lag24,305.0,2-205,2-206,2-206,613.75,106.0,
2,118,2-118,Leaf,,,,,12.4955473,111.0,
2,119,2-119,Leaf,,,,,-5.64017057,1456.0,
2,120,2-120,Leaf,,,,,-0.892187536,1.0,
2,121,2-121,Leaf,,,,,-4.63246632,303.0,
2,122,2-122,Leaf,,,,,1.37047732,2.0,
2,123,2-123,Leaf,,,,,-4.09432936,1114.0,
2,124,2-124,Leaf,,,,,-1.62328374,19.0,
2,125,2-125,Leaf,,,,,-3.30461478,2081.0,
2,126,2-126,Leaf,,,,,-1.42723429,62.0,
2,127,2-127,Leaf,,,,,-2.14550614,121.0,
2,128,2-128,Leaf,,,,,4.00336313,3.0,
2,129,2-129,Leaf,,,,,1.33684897,2.0,
2,130,2-130,Leaf,,,,,4.76026011,3.0,
2,131,2-131,Leaf,,,,,-2.48034954,3724.0,
2,132,2-132,Leaf,,,,,-1.44333816,113.0,
2,133,2-133,Leaf,,,,,0.130497843,33.0,
2,134,2-134,Leaf,,,,,-1.40112901,154.0,
2,135,2-135,Leaf,,,,,-3.22852945,28.0,
2,136,2-136,Leaf,,,,,-1.56244385,1074.0,
2,137,2-137,Leaf,,,,,2.02826858,5.0,
2,138,2-138,Leaf,,,,,-0.424990654,33.0,
2,139,2-139,Leaf,,,,,-0.912478089,9.0,
2,140,2-140,Leaf,,,,,2.37607169,4.0,
2,141,2-141,Leaf,,,,,-0.259059638,2.0,
2,142,2-142,Leaf,,,,,3.52404451,15.0,
2,143,2-143,Leaf,,,,,7.03974152,7.0,
2,144,2-144,Leaf,,,,,1.96263635,2.0,
2,145,2-145,Leaf,,,,,-0.934492588,2144.0,
2,146,2-146,Leaf,,,,,0.293391556,55.0,
2,147,2-147,Leaf,,,,,-22.0992489,1.0,
2,148,2-148,Leaf,,,,,-0.31071952,6.0,
2,149,2-149,Leaf,,,,,-18.0262833,2.0,
2,150,2-150,Leaf,,,,,-0.435918719,12.0,
2,151,2-151,Leaf,,,,,-0.255469829,1536.0,
2,152,2-152,Leaf,,,,,0.521985292,157.0,
2,153,2-153,Leaf,,,,,1.7614584,8.0,
2,154,2-154,Leaf,,,,,-0.230872616,23.0,
2,155,2-155,Leaf,,,,,2.42026401,48.0,
2,156,2-156,Leaf,,,,,0.498138905,12.0,
2,157,2-157,Leaf,,,,,5.39522123,15.0,
2,158,2-158,Leaf,,,,,3.02702594,12.0,
2,159,2-159,Leaf,,,,,0.652673841,12.0,
2,160,2-160,Leaf,,,,,4.80813217,4.0,
2,161,2-161,Leaf,,,,,-5.49180603,1.0,
2,162,2-162,Leaf,,,,,0.152972981,314.0,
2,163,2-163,Leaf,,,,,0.402380139,349.0,
2,164,2-164,Leaf,,,,,0.778596222,1763.0,
2,165,2-165,Leaf,,,,,2.48683262,58.0,
2,166,2-166,Leaf,,,,,1.1650604,53.0,
2,167,2-167,Leaf,,,,,5.74167538,19.0,
2,168,2-168,Leaf,,,,,1.99931526,4.0,
2,169,2-169,Leaf,,,,,1.53941202,4246.0,
2,170,2-170,Leaf,,,,,3.08199763,71.0,
2,171,2-171,Leaf,,,,,4.79879475,13.0,
2,172,2-172,Leaf,,,,,2.59931374,70.0,
2,173,2-173,Leaf,,,,,6.58223486,20.0,
2,174,2-174,Leaf,,,,,3.25723267,8.0,
2,175,2-175,Leaf,,,,,2.37707686,1269.0,
2,176,2-176,Leaf,,,,,1.68866789,191.0,
2,177,2-177,Leaf,,,,,-23.6786251,1.0,
2,178,2-178,Leaf,,,,,1.87318826,18.0,
2,179,2-179,Leaf,,,,,3.15262723,74.0,
2,180,2-180,Leaf,,,,,1.98958004,138.0,
2,181,2-181,Leaf,,,,,5.63780022,10.0,
2,182,2-182,Leaf,,,,,3.13600469,622.0,
2,183,2-183,Leaf,,,,,6.34627056,27.0,
2,184,2-184,Leaf,,,,,5.08332014,81.0,
2,185,2-185,Leaf,,,,,2.15723109,3.0,
2,186,2-186,Leaf,,,,,5.80996323,9.0,
2,187,2-187,Leaf,,,,,2.14017892,10.0,
2,188,2-188,Leaf,,,,,3.34162784,50.0,
2,189,2-189,Leaf,,,,,3.27132106,212.0,
2,190,2-190,Leaf,,,,,4.07842016,1175.0,
2,191,2-191,Leaf,,,,,-12.4393921,1.0,
2,192,2-192,Leaf,,,,,3.32491159,3.0,
2,193,2-193,Leaf,,,,,4.6103363,311.0,
2,194,2-194,Leaf,,,,,5.5230794,338.0,
2,195,2-195,Leaf,,,,,3.1682322,5.0,
2,196,2-196,Leaf,,,,,-18.3087521,1.0,
2,197,2-197,Leaf,,,,,5.47773457,134.0,
2,198,2-198,Leaf,,,,,6.71402359,253.0,
2,199,2-199,Leaf,,,,,7.62060118,140.0,
2,200,2-200,Leaf,,,,,5.93233681,60.0,
2,201,2-201,Leaf,,,,,8.23853588,149.0,
2,202,2-202,Leaf,,,,,2.70028901,2.0,
2,203,2-203,Leaf,,,,,2.94938064,1.0,
2,204,2-204,Leaf,,,,,10.4045553,87.0,
2,205,2-205,Leaf,,,,,10.014617,105.0,
2,206,2-206,Leaf,,,,,2.71304321,1.0,
3,0,3-0,manggarai_air_lag2,630.0,3-1,3-2,3-2,14314706.0,27077.0,
3,1,3-1,manggarai_air_lag2,595.0,3-3,3-4,3-4,1575237.5,13180.0,
3,2,3-2,manggarai_air_lag2,680.0,3-5,3-6,3-6,3665650.5,13897.0,
3,3,3-3,manggarai_air_lag4,575.0,3-7,3-8,3-8,381472.5,5168.0,
3,4,3-4,manggarai_air_lag2,607.5,3-9,3-10,3-10,314623.25,8012.0,
3,5,3-5,manggarai_air_lag2,645.0,3-11,3-12,3-12,426708.125,10720.0,
3,6,3-6,manggarai_air_lag2,730.0,3-13,3-14,3-14,1084616.0,3177.0,
3,7,3-7,manggarai_air_lag3,592.5,3-15,3-16,3-16,102060.0,1753.0,
3,8,3-8,manggarai_air_lag20,20.0,3-17,3-18,3-18,105235.25,3415.0,
3,9,3-9,depok_air_lag7,145.0,3-19,3-20,3-20,50715.0,3997.0,
3,10,3-10,depok_air_lag7,130.0,3-21,3-22,3-22,79449.5938,4015.0,
3,11,3-11,depok_air_lag7,125.0,3-23,3-24,3-24,59776.7812,3747.0,
3,12,3-12,manggarai_air_lag2,658.0,3-25,3-26,3-26,160196.5,6973.0,
3,13,3-13,depok_air_lag6,137.5,3-27,3-28,3-28,159901.0,2464.0,
3,14,3-14,depok_air_lag8,170.0,3-29,3-30,3-30,206295.5,713.0,
3,15,3-15,depok_air_lag8,102.5,3-31,3-32,3-32,38690.0,1752.0,
3,16,3-16,Leaf,,,,,-27.7607861,1.0,
3,17,3-17,Leaf,,,,,-26.1385384,1.0,
3,18,3-18,depok_air_lag10,96.0,3-33,3-34,3-34,59127.0,3414.0,
3,19,3-19,depok_air_lag8,102.5,3-35,3-36,3-36,22545.625,3968.0,
3,20,3-20,depok_air_lag8,125.0,3-37,3-38,3-38,12808.7686,29.0,
3,21,3-21,manggarai_air_lag2,620.0,3-39,3-40,3-40,49757.6562,3916.0,
3,22,3-22,depok_air_lag6,160.0,3-41,3-42,3-42,20185.3086,99.0,
3,23,3-23,manggarai_air_lag2,640.0,3-43,3-44,3-44,30830.4336,3556.0,
3,24,3-24,depok_air_lag6,160.0,3-45,3-46,3-46,23900.8984,191.0,
3,25,3-25,depok_air_lag7,165.0,3-47,3-48,3-48,40557.0,4506.0,
3,26,3-26,depok_air_lag8,137.5,3-49,3-50,3-50,93025.5,2467.0,
3,27,3-27,manggarai_air_lag2,700.0,3-51,3-52,3-52,50061.0,2081.0,
3,28,3-28,depok_air_lag7,170.0,3-53,3-54,3-54,29813.0,383.0,
3,29,3-29,manggarai_air_lag2,770.0,3-55,3-56,3-56,39992.25,486.0,
3,30,3-30,manggarai_air_lag2,785.0,3-57,3-58,3-58,35617.25,227.0,
3,31,3-31,manggarai_air_lag2,565.0,3-59,3-60,3-60,12494.5,1723.0,
3,32,3-32,depok_air_lag8,160.0,3-61,3-62,3-62,7266.52539,29.0,
3,33,3-33,manggarai_air_lag3,585.0,3-63,3-64,3-64,36891.5,3320.0,
3,34,3-34,depok_air_lag7,120.0,3-65,3-66,3-66,30115.8867,94.0,
3,35,3-35,manggarai_air_lag2,598.0,3-67,3-68,3-68,9548.375,3776.0,
3,36,3-36,depok_air_lag9,150.0,3-69,3-70,3-70,4808.17188,192.0,
3,37,3-37,depok_air_lag19,92.5,3-71,3-72,3-72,5575.51221,17.0,
3,38,3-38,depok_air_lag6,190.0,3-73,3-74,3-74,4380.11133,12.0,
3,39,3-39,manggarai_cuaca_lag1_hujan,1.0,3-75,3-76,3-76,23193.6875,1822.0,
3,40,3-40,manggarai_cuaca_lag1_hujan,1.0,3-77,3-78,3-78,12091.6797,2094.0,
3,41,3-41,depok_air_lag8,111.0,3-79,3-80,3-80,5408.98535,79.0,
3,42,3-42,manggarai_air_lag20,650.0,3-81,3-82,3-82,770.824219,20.0,
3,43,3-43,manggarai_cuaca_lag1_hujan,1.0,3-83,3-84,3-84,11468.7393,1449.0,
3,44,3-44,manggarai_air_lag15,625.0,3-85,3-86,3-86,6189.74219,2107.0,
3,45,3-45,manggarai_air_lag6,620.0,3-87,3-88,3-88,6224.96875,156.0,
3,46,3-46,dayofyear_sin,-0.992887199,3-89,3-90,3-90,4899.63281,35.0,
3,47,3-47,depok_air_lag8,170.0,3-91,3-92,3-92,29989.5625,4475.0,
3,48,3-48,depok_air_lag8,185.0,3-93,3-94,3-94,4137.86719,31.0,
3,49,3-49,manggarai_air_lag2,670.0,3-95,3-96,3-96,18207.375,2287.0,
3,50,3-50,depok_air_lag7,160.0,3-97,3-98,3-98,25400.2188,180.0,
3,51,3-51,depok_air_lag7,155.0,3-99,3-100,3-100,123852.5,1398.0,
3,52,3-52,depok_air_lag16,210.0,3-101,3-102,3-102,29519.125,683.0,
3,53,3-53,manggarai_air_lag2,705.0,3-103,3-104,3-104,8981.8125,302.0,
3,54,3-54,depok_air_lag7,210.0,3-105,3-106,3-106,910.0625,81.0,
3,55,3-55,depok_air_lag6,150.0,3-107,3-108,3-108,13889.625,386.0,
3,56,3-56,manggarai_air_lag4,650.0,3-109,3-110,3-110,1468.125,100.0,
3,57,3-57,depok_air_lag8,185.0,3-111,3-112,3-112,5470.625,148.0,
3,58,3-58,Leaf,,,,,13.1013708,79.0,
3,59,3-59,depok_air_lag6,155.0,3-113,3-114,3-114,1002.0,1448.0,
3,60,3-60,time_index,18065.0,3-115,3-116,3-116,666.25,275.0,
3,61,3-61,depok_air_lag9,130.0,3-117,3-118,3-118,3771.78418,25.0,
3,62,3-62,hour_cos,0.258819044,3-119,3-120,3-120,245.813477,4.0,
3,63,3-63,depok_air_lag7,165.0,3-121,3-122,3-122,19475.625,1133.0,
3,64,3-64,depok_air_lag8,130.0,3-123,3-124,3-124,8734.5,2187.0,
3,65,3-65,manggarai_cuaca_lag1_hujan,1.0,3-125,3-126,3-126,12119.9082,83.0,
3,66,3-66,time_index,7593.0,3-127,3-128,3-128,3743.72656,11.0,
3,67,3-67,depok_air_lag23,111.0,3-129,3-130,3-130,2874.46875,746.0,
3,68,3-68,manggarai_cuaca_lag1_hujan,1.0,3-131,3-132,3-132,8382.875,3030.0,
3,69,3-69,dayofyear_sin,-0.750864267,3-133,3-134,3-134,4645.8125,190.0,
3,70,3-70,Leaf,,,,,2.95091558,2.0,
3,71,3-71,depok_air_lag6,200.0,3-135,3-136,3-136,617.756104,9.0,
3,72,3-72,manggarai_air_lag17,640.0,3-137,3-138,3-138,886.852295,8.0,
3,73,3-73,time_index,14893.0,3-139,3-140,3-140,1120.31641,11.0,
3,74,3-74,Leaf,,,,,-1.07813418,1.0,
3,75,3-75,depok_air_lag7,106.0,3-141,3-142,3-142,6923.03125,1735.0,
3,76,3-76,dayofyear_sin,-0.994566739,3-143,3-144,3-144,18087.8398,87.0,
3,77,3-77,depok_air_lag8,106.0,3-145,3-146,3-146,7210.70312,2016.0,
3,78,3-78,manggarai_air_lag4,645.0,3-147,3-148,3-148,7270.56836,78.0,
3,79,3-79,dayofyear_sin,0.858401537,3-149,3-150,3-150,3172.56592,34.0,
3,80,3-80,dayofyear_sin,-0.211275756,3-151,3-152,3-152,2224.49414,45.0,
3,81,3-81,hour_cos,1.0,3-153,3-154,3-154,34.8164062,14.0,
3,82,3-82,dayofyear_sin,-0.541298449,3-155,3-156,3-156,53.1806641,6.0,
3,83,3-83,depok_air_lag7,111.0,3-157,3-158,3-158,7387.87012,1375.0,
3,84,3-84,dayofyear_sin,-0.175412595,3-159,3-160,3-160,5276.3877,74.0,
3,85,3-85,manggarai_air_lag4,630.0,3-161,3-162,3-162,2508.16309,202.0,
3,86,3-86,depok_cuaca_lag5_hujan,1.0,3-163,3-164,3-164,3615.57812,1905.0,
3,87,3-87,Leaf,,,,,3.71124315,13.0,
3,88,3-88,katulampa_air_lag3,45.0,3-165,3-166,3-166,3426.49023,143.0,
3,89,3-89,Leaf,,,,,-0.174556479,2.0,
3,90,3-90,depok_air_lag8,111.0,3-167,3-168,3-168,4109.60156,33.0,
3,91,3-91,depok_air_lag7,130.0,3-169,3-170,3-170,20919.375,4470.0,
3,92,3-92,hour_cos,0.866025388,3-171,3-172,3-172,115003.906,5.0,
3,93,3-93,time_index,29880.0,3-173,3-174,3-174,4238.22656,22.0,
3,94,3-94,Leaf,,,,,7.00962305,9.0,
3,95,3-95,depok_air_lag6,137.5,3-175,3-176,3-176,8968.8125,1457.0,
3,96,3-96,manggarai_air_lag20,645.0,3-177,3-178,3-178,9826.125,830.0,
3,97,3-97,time_index,21647.0,3-179,3-180,3-180,4747.17188,128.0,
3,98,3-98,depok_air_lag7,205.0,3-181,3-182,3-182,2399.14062,52.0,
3,99,3-99,depok_air_lag6,111.0,3-183,3-184,3-184,9850.375,1396.0,
3,100,3-100,time_index,8921.0,3-185,3-186,3-186,83133.3203,2.0,
3,101,3-101,depok_air_lag7,130.0,3-187,3-188,3-188,15901.5,659.0,
3,102,3-102,manggarai_air_lag20,685.0,3-189,3-190,3-190,82653.0,24.0,
3,103,3-103,manggarai_air_lag4,680.0,3-191,3-192,3-192,5445.4375,173.0,
3,104,3-104,manggarai_air_lag9,790.0,3-193,3-194,3-194,1456.25,129.0,
3,105,3-105,depok_air_lag10,92.5,3-195,3-196,3-196,4325.0625,57.0,
3,106,3-106,Leaf,,,,,9.19812584,24.0,
3,107,3-107,depok_air_lag14,180.0,3-197,3-198,3-198,5293.875,313.0,
3,108,3-108,time_index,21647.0,3-199,3-200,3-200,207.375,73.0,
3,109,3-109,Leaf,,,,,4.320961,3.0,
3,110,3-110,Leaf,,,,,9.44848537,97.0,
3,111,3-111,Leaf,,,,,8.6394186,53.0,
3,112,3-112,Leaf,,,,,10.7592373,95.0,
3,113,3-113,Leaf,,,,,-5.0806632,1447.0,
3,114,3-114,Leaf,,,,,-0.847576916,1.0,
3,115,3-115,Leaf,,,,,-4.30822945,269.0,
3,116,3-116,Leaf,,,,,-2.39884305,6.0,
3,117,3-117,Leaf,,,,,-2.66181469,17.0,
3,118,3-118,Leaf,,,,,-0.0463127978,8.0,
3,119,3-119,Leaf,,,,,2.72005463,3.0,
3,120,3-120,Leaf,,,,,0.422177136,1.0,
3,121,3-121,Leaf,,,,,-3.64902544,1130.0,
3,122,3-122,Leaf,,,,,3.57304239,3.0,
3,123,3-123,Leaf,,,,,-2.92873263,2176.0,
3,124,3-124,Leaf,,,,,-0.0949401855,11.0,
3,125,3-125,Leaf,,,,,-1.55712807,79.0,
3,126,3-126,Leaf,,,,,3.55113649,4.0,
3,127,3-127,Leaf,,,,,0.0913269073,2.0,
3,128,3-128,Leaf,,,,,4.87722921,9.0,
3,129,3-129,Leaf,,,,,-2.49812675,741.0,
3,130,3-130,Leaf,,,,,-4.92627096,5.0,
3,131,3-131,Leaf,,,,,-2.1392839,2951.0,
3,132,3-132,Leaf,,,,,-1.07463455,79.0,
3,133,3-133,Leaf,,,,,-1.70327079,81.0,
3,134,3-134,Leaf,,,,,-0.695288658,109.0,
3,135,3-135,Leaf,,,,,-1.7205174,8.0,
3,136,3-136,Leaf,,,,,0.502111852,1.0,
3,137,3-137,Leaf,,,,,2.8994422,4.0,
3,138,3-138,Leaf,,,,,0.671398938,4.0,
3,139,3-139,Leaf,,,,,2.80135298,5.0,
3,140,3-140,Leaf,,,,,6.02053308,6.0,
3,141,3-141,Leaf,,,,,-1.42824852,1668.0,
3,142,3-142,Leaf,,,,,-0.384676218,67.0,
3,143,3-143,Leaf,,,,,7.91338301,2.0,
3,144,3-144,Leaf,,,,,0.0125499638,85.0,
3,145,3-145,Leaf,,,,,-0.687288225,1900.0,
3,146,3-146,Leaf,,,,,0.123854473,116.0,
3,147,3-147,Leaf,,,,,0.395360619,75.0,
3,148,3-148,Leaf,,,,,4.7809906,3.0,
3,149,3-149,Leaf,,,,,-0.209807321,29.0,
3,150,3-150,Leaf,,,,,2.3109529,5.0,
3,151,3-151,Leaf,,,,,1.09084308,22.0,
3,152,3-152,Leaf,,,,,2.57094646,23.0,
3,153,3-153,Leaf,,,,,5.41803932,13.0,
3,154,3-154,Leaf,,,,,1.54071355,1.0,
3,155,3-155,Leaf,,,,,3.01348066,5.0,
3,156,3-156,Leaf,,,,,0.787686169,1.0,
3,157,3-157,Leaf,,,,,-0.0631541312,1326.0,
3,158,3-158,Leaf,,,,,1.17509246,49.0,
3,159,3-159,Leaf,,,,,2.47949624,23.0,
3,160,3-160,Leaf,,,,,0.660888433,51.0,
3,161,3-161,Leaf,,,,,0.668930829,58.0,
3,162,3-162,Leaf,,,,,-0.104651093,144.0,
3,163,3-163,Leaf,,,,,0.658879995,1737.0,
3,164,3-164,Leaf,,,,,1.14667583,168.0,
3,165,3-165,Leaf,,,,,1.31528664,135.0,
3,166,3-166,Leaf,,,,,3.39084125,8.0,
3,167,3-167,Leaf,,,,,2.70133662,10.0,
3,168,3-168,Leaf,,,,,5.60947752,23.0,
3,169,3-169,Leaf,,,,,1.40617347,4321.0,
3,170,3-170,Leaf,,,,,2.61342907,149.0,
3,171,3-171,Leaf,,,,,3.35800171,4.0,
3,172,3-172,Leaf,,,,,-25.3507748,1.0,
3,173,3-173,Leaf,,,,,4.6642189,17.0,
3,174,3-174,Leaf,,,,,1.09789836,5.0,
3,175,3-175,Leaf,,,,,2.03001451,1415.0,
3,176,3-176,Leaf,,,,,3.53077126,42.0,
3,177,3-177,Leaf,,,,,2.05484891,209.0,
3,178,3-178,Leaf,,,,,2.87415481,621.0,
3,179,3-179,Leaf,,,,,4.51345825,63.0,
3,180,3-180,Leaf,,,,,3.13085437,65.0,
3,181,3-181,Leaf,,,,,5.90073538,43.0,
3,182,3-182,Leaf,,,,,8.7487669,9.0,
3,183,3-183,Leaf,,,,,3.31975985,792.0,
3,184,3-184,Leaf,,,,,3.8890698,604.0,
3,185,3-185,Leaf,,,,,3.50711679,1.0,
3,186,3-186,Leaf,,,,,-28.8173103,1.0,
3,187,3-187,Leaf,,,,,4.31382322,423.0,
3,188,3-188,Leaf,,,,,5.40553713,236.0,
3,189,3-189,Leaf,,,,,3.80042815,20.0,
3,190,3-190,Leaf,,,,,-10.5155439,4.0,
3,191,3-191,Leaf,,,,,5.89419508,64.0,
3,192,3-192,Leaf,,,,,4.49700403,109.0,
3,193,3-193,Leaf,,,,,6.43673086,122.0,
3,194,3-194,Leaf,,,,,3.75025725,7.0,
3,195,3-195,Leaf,,,,,2.38472438,3.0,
3,196,3-196,Leaf,,,,,7.40676355,54.0,
3,197,3-197,Leaf,,,,,6.89548874,236.0,
3,198,3-198,Leaf,,,,,5.6141758,77.0,
3,199,3-199,Leaf,,,,,8.92344475,50.0,
3,200,3-200,Leaf,,,,,6.83553934,23.0,
4,0,4-0,manggarai_air_lag2,635.0,4-1,4-2,4-2,11836734.0,27175.0,
4,1,4-1,manggarai_air_lag2,598.0,4-3,4-4,4-4,1615661.0,14443.0,
4,2,4-2,manggarai_air_lag2,700.0,4-5,4-6,4-6,2771883.5,12732.0,
4,3,4-3,manggarai_air_lag7,575.0,4-7,4-8,4-8,400605.0,5991.0,
4,4,4-4,manggarai_air_lag2,615.0,4-9,4-10,4-10,330722.062,8452.0,
4,5,4-5,manggarai_air_lag2,665.0,4-11,4-12,4-12,680702.25,11078.0,
4,6,4-6,depok_air_lag7,150.0,4-13,4-14,4-14,474398.0,1654.0,
4,7,4-7,manggarai_air_lag3,592.5,4-15,4-16,4-16,28587.75,1766.0,
4,8,4-8,depok_air_lag7,111.0,4-17,4-18,4-18,69041.75,4225.0,
4,9,4-9,depok_air_lag7,145.0,4-19,4-20,4-20,75552.25,4407.0,
4,10,4-10,depok_air_lag7,120.0,4-21,4-22,4-22,72150.3828,4045.0,
4,11,4-11,manggarai_air_lag2,645.0,4-23,4-24,4-24,122469.0,8316.0,
4,12,4-12,depok_air_lag7,160.0,4-25,4-26,4-26,84619.25,2762.0,
4,13,4-13,manggarai_air_lag2,730.0,4-27,4-28,4-28,98487.75,1120.0,
4,14,4-14,manggarai_air_lag2,760.0,4-29,4-30,4-30,141625.75,534.0,
4,15,4-15,depok_air_lag9,137.5,4-31,4-32,4-32,17119.75,1762.0,
4,16,4-16,hour_sin,0.258819044,4-33,4-34,4-34,65410.2969,4.0,
4,17,4-17,manggarai_air_lag3,585.0,4-35,4-36,4-36,51546.75,4136.0,
4,18,4-18,depok_air_lag7,185.0,4-37,4-38,4-38,28071.0566,89.0,
4,19,4-19,manggarai_air_lag2,605.0,4-39,4-40,4-40,31384.875,4365.0,
4,20,4-20,depok_air_lag10,86.0,4-41,4-42,4-42,8893.42383,42.0,
4,21,4-21,manggarai_air_lag2,625.0,4-43,4-44,4-44,34224.9453,3863.0,
4,22,4-22,depok_air_lag6,155.0,4-45,4-46,4-46,12404.6094,182.0,
4,23,4-23,depok_air_lag6,160.0,4-47,4-48,4-48,43266.0,2551.0,
4,24,4-24,depok_air_lag6,145.0,4-49,4-50,4-50,60444.375,5765.0,
4,25,4-25,manggarai_air_lag2,680.0,4-51,4-52,4-52,38642.5,2668.0,
4,26,4-26,depok_air_lag7,205.0,4-53,4-54,4-54,6529.9375,94.0,
4,27,4-27,manggarai_air_lag3,755.0,4-55,4-56,4-56,21663.375,777.0,
4,28,4-28,manggarai_air_lag2,770.0,4-57,4-58,4-58,10749.125,343.0,
4,29,4-29,depok_air_lag7,195.0,4-59,4-60,4-60,19770.625,334.0,
4,30,4-30,manggarai_air_lag2,800.0,4-61,4-62,4-62,14756.75,200.0,
4,31,4-31,depok_air_lag10,125.0,4-63,4-64,4-64,108479.5,1754.0,
4,32,4-32,manggarai_air_lag2,570.0,4-65,4-66,4-66,1439.67615,8.0,
4,33,4-33,hour_sin,0.0,4-67,4-68,4-68,750.828735,3.0,
4,34,4-34,Leaf,,,,,-26.3727455,1.0,
4,35,4-35,depok_air_lag10,96.0,4-69,4-70,4-70,11430.5,1181.0,
4,36,4-36,manggarai_cuaca_lag1_hujan,1.0,4-71,4-72,4-72,24670.625,2955.0,
4,37,4-37,depok_air_lag9,96.0,4-73,4-74,4-74,20182.2109,81.0,
4,38,4-38,Leaf,,,,,5.36411333,8.0,
4,39,4-39,manggarai_cuaca_lag1_hujan,1.0,4-75,4-76,4-76,6788.5,2625.0,
4,40,4-40,manggarai_cuaca_lag1_hujan,1.0,4-77,4-78,4-78,12453.625,1740.0,
4,41,4-41,hour_sin,0.866025388,4-79,4-80,4-80,4134.23584,14.0,
4,42,4-42,katulampa_air_lag3,29.0,4-81,4-82,4-82,3886.33984,28.0,
4,43,4-43,depok_air_lag23,190.0,4-83,4-84,4-84,15928.375,2197.0,
4,44,4-44,depok_air_lag3,80.0,4-85,4-86,4-86,20267.9102,1666.0,
4,45,4-45,manggarai_air_lag17,592.5,4-87,4-88,4-88,4206.56836,146.0,
4,46,4-46,depok_air_lag6,195.0,4-89,4-90,4-90,3267.19531,36.0,
4,47,4-47,depok_air_lag7,111.0,4-91,4-92,4-92,9958.625,2516.0,
4,48,4-48,depok_air_lag7,106.0,4-93,4-94,4-94,5523.80859,35.0,
4,49,4-49,depok_air_lag7,160.0,4-95,4-96,4-96,41080.125,5598.0,
4,50,4-50,depok_air_lag7,160.0,4-97,4-98,4-98,13182.6875,167.0,
4,51,4-51,depok_air_lag7,125.0,4-99,4-100,4-100,16871.4375,1140.0,
4,52,4-52,depok_air_lag6,137.5,4-101,4-102,4-102,15076.0,1528.0,
4,53,4-53,depok_air_lag3,235.0,4-103,4-104,4-104,1252.23438,77.0,
4,54,4-54,Leaf,,,,,8.02017403,17.0,
4,55,4-55,depok_air_lag16,225.0,4-105,4-106,4-106,11909.875,770.0,
4,56,4-56,hour_sin,-0.258819044,4-107,4-108,4-108,64304.2227,7.0,
4,57,4-57,depok_air_lag6,125.0,4-109,4-110,4-110,1887.3125,280.0,
4,58,4-58,hour_sin,-0.707106769,4-111,4-112,4-112,3919.5625,63.0,
4,59,4-59,manggarai_air_lag2,715.0,4-113,4-114,4-114,6527.0,273.0,
4,60,4-60,Leaf,,,,,8.97233391,61.0,
4,61,4-61,manggarai_air_lag3,710.0,4-115,4-116,4-116,2212.5,132.0,
4,62,4-62,Leaf,,,,,12.1475191,68.0,
4,63,4-63,manggarai_air_lag2,565.0,4-117,4-118,4-118,11364.5,1753.0,
4,64,4-64,Leaf,,,,,-27.9716129,1.0,
4,65,4-65,hour_sin,0.866025388,4-119,4-120,4-120,25.02948,3.0,
4,66,4-66,dayofyear_cos,-0.891152918,4-121,4-122,4-122,250.983582,5.0,
4,67,4-67,Leaf,,,,,-2.97628188,2.0,
4,68,4-68,Leaf,,,,,0.0958038345,1.0,
4,69,4-69,manggarai_air_lag2,580.0,4-123,4-124,4-124,6183.75,1161.0,
4,70,4-70,manggarai_air_lag2,586.0,4-125,4-126,4-126,635.236572,20.0,
4,71,4-71,manggarai_air_lag3,630.0,4-127,4-128,4-128,17082.25,2854.0,
4,72,4-72,manggarai_air_lag9,585.0,4-129,4-130,4-130,12595.5908,101.0,
4,73,4-73,katulampa_air_lag21,15.0,4-131,4-132,4-132,4518.08789,46.0,
4,74,4-74,manggarai_air_lag15,640.0,4-133,4-134,4-134,5926.67285,35.0,
4,75,4-75,depok_air_lag9,102.5,4-135,4-136,4-136,6351.5,2573.0,
4,76,4-76,hour_cos,0.258819044,4-137,4-138,4-138,3325.78418,52.0,
4,77,4-77,manggarai_air_lag7,598.0,4-139,4-140,4-140,9178.375,1668.0,
4,78,4-78,dayofyear_sin,-0.994566739,4-141,4-142,4-142,17489.2559,72.0,
4,79,4-79,dayofyear_sin,0.432499409,4-143,4-144,4-144,3064.97461,5.0,
4,80,4-80,depok_air_lag10,70.0,4-145,4-146,4-146,2085.66211,9.0,
4,81,4-81,katulampa_air_lag19,15.0,4-147,4-148,4-148,2134.13672,18.0,
4,82,4-82,manggarai_air_lag20,640.0,4-149,4-150,4-150,1293.26562,10.0,
4,83,4-83,manggarai_cuaca_lag1_hujan,1.0,4-151,4-152,4-152,7082.9375,2190.0,
4,84,4-84,manggarai_air_lag5,625.0,4-153,4-154,4-154,65942.8984,7.0,
4,85,4-85,depok_air_lag10,102.5,4-155,4-156,4-156,115103.766,15.0,
4,86,4-86,depok_cuaca_lag5_hujan,1.0,4-157,4-158,4-158,7748.50879,1651.0,
4,87,4-87,manggarai_air_lag9,592.5,4-159,4-160,4-160,720.820312,11.0,
4,88,4-88,depok_air_lag9,96.0,4-161,4-162,4-162,4986.31641,135.0,
4,89,4-89,katulampa_air_lag19,15.0,4-163,4-164,4-164,1263.65234,31.0,
4,90,4-90,Leaf,,,,,5.51870632,5.0,
4,91,4-91,manggarai_cuaca_lag1_hujan,1.0,4-165,4-166,4-166,8778.86328,2224.0,
4,92,4-92,manggarai_air_lag6,620.0,4-167,4-168,4-168,4643.98828,292.0,
4,93,4-93,Leaf,,,,,0.79587096,5.0,
4,94,4-94,manggarai_air_lag17,694.0,4-169,4-170,4-170,2707.25,30.0,
4,95,4-95,manggarai_air_lag2,658.0,4-171,4-172,4-172,24164.5,5594.0,
4,96,4-96,hour_cos,0.5,4-173,4-174,4-174,88806.2031,4.0,
4,97,4-97,manggarai_air_lag12,645.0,4-175,4-176,4-176,4415.04688,114.0,
4,98,4-98,depok_air_lag9,92.5,4-177,4-178,4-178,2913.39062,53.0,
4,99,4-99,manggarai_air_lag20,645.0,4-179,4-180,4-180,11065.5938,905.0,
4,100,4-100,manggarai_air_lag3,665.0,4-181,4-182,4-182,6802.60938,235.0,
4,101,4-101,depok_air_lag7,155.0,4-183,4-184,4-184,109400.25,1407.0,
4,102,4-102,manggarai_air_lag5,680.0,4-185,4-186,4-186,2733.375,121.0,
4,103,4-103,manggarai_air_lag3,700.0,4-187,4-188,4-188,1277.54688,74.0,
4,104,4-104,Leaf,,,,,2.20051265,3.0,
4,105,4-105,depok_air_lag6,125.0,4-189,4-190,4-190,12825.375,755.0,
4,106,4-106,dayofyear_sin,-0.962067544,4-191,4-192,4-192,40311.6992,15.0,
4,107,4-107,Leaf,,,,,3.48350763,6.0,
4,108,4-108,Leaf,,,,,-16.8675365,1.0,
4,109,4-109,katulampa_air_lag3,45.0,4-193,4-194,4-194,3254.3125,107.0,
4,110,4-110,depok_air_lag16,175.0,4-195,4-196,4-196,3289.75,173.0,
4,111,4-111,Leaf,,,,,4.81029654,10.0,
4,112,4-112,dayofyear_cos,-0.999609292,4-197,4-198,4-198,92.78125,53.0,
4,113,4-113,manggarai_air_lag14,815.0,4-199,4-200,4-200,2354.875,94.0,
4,114,4-114,depok_air_lag12,170.0,4-201,4-202,4-202,3642.9375,179.0,
4,115,4-115,Leaf,,,,,2.10496831,1.0,
4,116,4-116,depok_air_lag6,175.0,4-203,4-204,4-204,859.375,131.0,
4,117,4-117,Leaf,,,,,-4.56501341,1500.0,
4,118,4-118,Leaf,,,,,-3.78117919,253.0,
4,119,4-119,Leaf,,,,,-0.363317877,1.0,
4,120,4-120,Leaf,,,,,-1.55472219,2.0,
4,121,4-121,Leaf,,,,,2.07176518,1.0,
4,122,4-122,Leaf,,,,,0.494816869,4.0,
4,123,4-123,Leaf,,,,,-3.92695856,184.0,
4,124,4-124,Leaf,,,,,-3.24159813,977.0,
4,125,4-125,Leaf,,,,,-1.19681704,15.0,
4,126,4-126,Leaf,,,,,0.0793894455,5.0,
4,127,4-127,Leaf,,,,,-2.59524441,2843.0,
4,128,4-128,Leaf,,,,,1.25860345,11.0,
4,129,4-129,Leaf,,,,,5.44105244,2.0,
4,130,4-130,Leaf,,,,,-1.15965414,99.0,
4,131,4-131,Leaf,,,,,-2.14298415,43.0,
4,132,4-132,Leaf,,,,,1.49906468,3.0,
4,133,4-133,Leaf,,,,,0.455239296,26.0,
4,134,4-134,Leaf,,,,,3.34258509,9.0,
4,135,4-135,Leaf,,,,,-1.98612428,2487.0,
4,136,4-136,Leaf,,,,,-1.09107471,86.0,
4,137,4-137,Leaf,,,,,-1.50297153,28.0,
4,138,4-138,Leaf,,,,,0.0850678682,24.0,
4,139,4-139,Leaf,,,,,-2.34434843,106.0,
4,140,4-140,Leaf,,,,,-1.376266,1562.0,
4,141,4-141,Leaf,,,,,7.38582373,2.0,
4,142,4-142,Leaf,,,,,-0.409294188,70.0,
4,143,4-143,Leaf,,,,,3.53800178,4.0,
4,144,4-144,Leaf,,,,,-1.47007143,1.0,
4,145,4-145,Leaf,,,,,2.17934275,1.0,
4,146,4-146,Leaf,,,,,-1.44894278,8.0,
4,147,4-147,Leaf,,,,,2.66507673,17.0,
4,148,4-148,Leaf,,,,,-1.19420469,1.0,
4,149,4-149,Leaf,,,,,5.68353271,8.0,
4,150,4-150,Leaf,,,,,1.64176846,2.0,
4,151,4-151,Leaf,,,,,-0.791209698,2109.0,
4,152,4-152,Leaf,,,,,0.159883827,81.0,
4,153,4-153,Leaf,,,,,-20.9599209,1.0,
4,154,4-154,Leaf,,,,,0.00615583127,6.0,
4,155,4-155,Leaf,,,,,-0.473749608,14.0,
4,156,4-156,Leaf,,,,,-26.1566296,1.0,
4,157,4-157,Leaf,,,,,-0.196257383,1537.0,
4,158,4-158,Leaf,,,,,0.654823959,114.0,
4,159,4-159,Leaf,,,,,3.53333735,7.0,
4,160,4-160,Leaf,,,,,1.32456672,4.0,
4,161,4-161,Leaf,,,,,0.0355418809,43.0,
4,162,4-162,Leaf,,,,,1.33860338,92.0,
4,163,4-163,Leaf,,,,,3.240273,17.0,
4,164,4-164,Leaf,,,,,1.70436943,14.0,
4,165,4-165,Leaf,,,,,0.439672202,2066.0,
4,166,4-166,Leaf,,,,,1.21185136,158.0,
4,167,4-167,Leaf,,,,,2.9847858,12.0,
4,168,4-168,Leaf,,,,,1.02583075,280.0,
4,169,4-169,Leaf,,,,,5.00249147,25.0,
4,170,4-170,Leaf,,,,,1.88993931,5.0,
4,171,4-171,Leaf,,,,,1.28777957,4326.0,
4,172,4-172,Leaf,,,,,1.78604245,1268.0,
4,173,4-173,Leaf,,,,,2.43079066,3.0,
4,174,4-174,Leaf,,,,,-24.0832367,1.0,
4,175,4-175,Leaf,,,,,4.10493135,19.0,
4,176,4-176,Leaf,,,,,2.34565401,95.0,
4,177,4-177,Leaf,,,,,2.74856663,11.0,
4,178,4-178,Leaf,,,,,5.06409597,42.0,
4,179,4-179,Leaf,,,,,1.71936858,282.0,
4,180,4-180,Leaf,,,,,2.49032187,623.0,
4,181,4-181,Leaf,,,,,4.25057745,54.0,
4,182,4-182,Leaf,,,,,2.88866806,181.0,
4,183,4-183,Leaf,,,,,3.17239213,1405.0,
4,184,4-184,Leaf,,,,,-16.0297909,2.0,
4,185,4-185,Leaf,,,,,5.10141039,44.0,
4,186,4-186,Leaf,,,,,3.83250999,77.0,
4,187,4-187,Leaf,,,,,5.57848883,72.0,
4,188,4-188,Leaf,,,,,1.73278201,2.0,
4,189,4-189,Leaf,,,,,3.92268872,414.0,
4,190,4-190,Leaf,,,,,4.80804014,341.0,
4,191,4-191,Leaf,,,,,-12.0775728,1.0,
4,192,4-192,Leaf,,,,,3.06940246,14.0,
4,193,4-193,Leaf,,,,,5.53301382,100.0,
4,194,4-194,Leaf,,,,,2.66130519,7.0,
4,195,4-195,Leaf,,,,,6.4927597,150.0,
4,196,4-196,Leaf,,,,,4.62786341,23.0,
4,197,4-197,Leaf,,,,,2.32948613,1.0,
4,198,4-198,Leaf,,,,,8.12352657,52.0,
4,199,4-199,Leaf,,,,,5.97491932,90.0,
4,200,4-200,Leaf,,,,,2.49282479,4.0,
4,201,4-201,Leaf,,,,,7.50217915,143.0,
4,202,4-202,Leaf,,,,,5.77490425,36.0,
4,203,4-203,Leaf,,,,,9.00473976,79.0,
4,204,4-204,Leaf,,,,,10.809742,52.0,
5,0,5-0,manggarai_air_lag1,635.0,5-1,5-2,5-2,10273679.0,27239.0,
5,1,5-1,manggarai_air_lag1,598.0,5-3,5-4,5-4,1303545.5,14476.0,
5,2,5-2,manggarai_air_lag1,694.0,5-5,5-6,5-6,2836842.0,12763.0,
5,3,5-3,manggarai_air_lag2,580.0,5-7,5-8,5-8,302459.5,5985.0,
5,4,5-4,manggarai_air_lag1,615.0,5-9,5-10,5-10,256967.562,8491.0,
5,5,5-5,manggarai_air_lag1,665.0,5-11,5-12,5-12,571259.5,10956.0,
5,6,5-6,manggarai_air_lag1,750.0,5-13,5-14,5-14,466651.0,1807.0,
5,7,5-7,manggarai_air_lag1,570.0,5-15,5-16,5-16,13218.25,1916.0,
5,8,5-8,depok_air_lag7,20.0,5-17,5-18,5-18,98117.25,4069.0,
5,9,5-9,manggarai_air_lag1,605.0,5-19,5-20,5-20,25057.625,4431.0,
5,10,5-10,manggarai_air_lag4,570.0,5-21,5-22,5-22,35150.0,4060.0,
5,11,5-11,manggarai_air_lag1,650.0,5-23,5-24,5-24,103125.812,8339.0,
5,12,5-12,manggarai_air_lag1,680.0,5-25,5-26,5-26,34391.5,2617.0,
5,13,5-13,manggarai_air_lag1,725.0,5-27,5-28,5-28,82215.5,1392.0,
5,14,5-14,manggarai_air_lag1,805.0,5-29,5-30,5-30,56258.75,415.0,
5,15,5-15,manggarai_air_lag4,592.5,5-31,5-32,5-32,2304.25,1557.0,
5,16,5-16,manggarai_air_lag1,580.0,5-33,5-34,5-34,2925.78125,359.0,
5,17,5-17,Leaf,,,,,-24.6695309,1.0,
5,18,5-18,manggarai_air_lag2,630.0,5-35,5-36,5-36,46744.5,4068.0,
5,19,5-19,depok_air_lag7,111.0,5-37,5-38,5-38,4770.875,2643.0,
5,20,5-20,depok_air_lag6,140.0,5-39,5-40,5-40,12213.4375,1788.0,
5,21,5-21,manggarai_air_lag2,592.5,5-41,5-42,5-42,101565.969,6.0,
5,22,5-22,manggarai_air_lag1,625.0,5-43,5-44,5-44,29001.9219,4054.0,
5,23,5-23,manggarai_air_lag2,635.0,5-45,5-46,5-46,10527.25,3139.0,
5,24,5-24,manggarai_air_lag1,655.0,5-47,5-48,5-48,28633.5,5200.0,
5,25,5-25,manggarai_air_lag2,658.0,5-49,5-50,5-50,20888.4375,1181.0,
5,26,5-26,manggarai_air_lag2,680.0,5-51,5-52,5-52,23699.375,1436.0,
5,27,5-27,depok_air_lag6,150.0,5-53,5-54,5-54,21593.5,1016.0,
5,28,5-28,manggarai_air_lag2,730.0,5-55,5-56,5-56,14608.75,376.0,
5,29,5-29,manggarai_air_lag1,770.0,5-57,5-58,5-58,14852.0,351.0,
5,30,5-30,Leaf,,,,,11.5483036,64.0,
5,31,5-31,depok_air_lag7,155.0,5-59,5-60,5-60,814.0,1555.0,
5,32,5-32,time_index,157.0,5-61,5-62,5-62,108.251122,2.0,
5,33,5-33,depok_air_lag9,102.5,5-63,5-64,5-64,622.3125,326.0,
5,34,5-34,depok_air_lag7,96.0,5-65,5-66,5-66,2047.23633,33.0,
5,35,5-35,manggarai_air_lag1,587.5,5-67,5-68,5-68,37348.0,4045.0,
5,36,5-36,depok_air_lag8,120.0,5-69,5-70,5-70,4699.0625,23.0,
5,37,5-37,dayofyear_sin,-0.999832988,5-71,5-72,5-72,3998.8125,2594.0,
5,38,5-38,hour_cos,-0.258819044,5-73,5-74,5-74,4571.97998,49.0,
5,39,5-39,manggarai_air_lag4,625.0,5-75,5-76,5-76,3956.96875,1770.0,
5,40,5-40,depok_air_lag13,86.0,5-77,5-78,5-78,6544.44531,18.0,
5,41,5-41,Leaf,,,,,-26.5730324,1.0,
5,42,5-42,manggarai_air_lag3,592.5,5-79,5-80,5-80,153.686707,5.0,
5,43,5-43,depok_air_lag7,111.0,5-81,5-82,5-82,10265.0234,2272.0,
5,44,5-44,depok_air_lag6,85.0,5-83,5-84,5-84,12120.2617,1782.0,
5,45,5-45,manggarai_air_lag1,645.0,5-85,5-86,5-86,5979.80469,191.0,
5,46,5-46,depok_air_lag6,160.0,5-87,5-88,5-88,7264.48438,2948.0,
5,47,5-47,depok_air_lag8,170.0,5-89,5-90,5-90,29251.625,3718.0,
5,48,5-48,manggarai_air_lag15,770.0,5-91,5-92,5-92,16819.4375,1482.0,
5,49,5-49,manggarai_air_lag15,710.0,5-93,5-94,5-94,2843.9375,116.0,
5,50,5-50,manggarai_air_lag21,645.0,5-95,5-96,5-96,5896.96875,1065.0,
5,51,5-51,depok_air_lag6,160.0,5-97,5-98,5-98,5711.71875,192.0,
5,52,5-52,depok_air_lag9,160.0,5-99,5-100,5-100,23102.875,1244.0,
5,53,5-53,manggarai_air_lag1,710.0,5-101,5-102,5-102,16055.5,857.0,
5,54,5-54,Leaf,,,,,5.49150419,159.0,
5,55,5-55,Leaf,,,,,7.07178068,131.0,
5,56,5-56,manggarai_air_lag1,732.5,5-103,5-104,5-104,4050.375,245.0,
5,57,5-57,depok_air_lag6,180.0,5-105,5-106,5-106,2476.3125,185.0,
5,58,5-58,manggarai_air_lag7,830.0,5-107,5-108,5-108,430.25,166.0,
5,59,5-59,Leaf,,,,,-4.1217308,1554.0,
5,60,5-60,Leaf,,,,,-0.576947033,1.0,
5,61,5-61,Leaf,,,,,-0.907690465,1.0,
5,62,5-62,Leaf,,,,,0.208346561,1.0,
5,63,5-63,Leaf,,,,,-3.52973056,319.0,
5,64,5-64,hour_cos,-1.83697015e-16,5-109,5-110,5-110,680.799316,7.0,
5,65,5-65,manggarai_cuaca_lag1_hujan,1.0,5-111,5-112,5-112,36.4882812,27.0,
5,66,5-66,hour_sin,0.965925813,5-113,5-114,5-114,228.965546,6.0,
5,67,5-67,depok_air_lag6,170.0,5-115,5-116,5-116,4275.5,1374.0,
5,68,5-68,depok_air_lag7,165.0,5-117,5-118,5-118,4651.25,2671.0,
5,69,5-69,dayofyear_sin,0.943196476,5-119,5-120,5-120,928.567078,14.0,
5,70,5-70,hour_sin,-0.707106769,5-121,5-122,5-122,103.09375,9.0,
5,71,5-71,depok_air_lag19,92.5,5-123,5-124,5-124,131474.969,50.0,
5,72,5-72,manggarai_air_lag5,651.0,5-125,5-126,5-126,1598.6875,2544.0,
5,73,5-73,hour_sin,0.866025388,5-127,5-128,5-128,2066.63428,6.0,
5,74,5-74,dayofyear_sin,-0.640038133,5-129,5-130,5-130,2102.96338,43.0,
5,75,5-75,manggarai_air_lag1,607.5,5-131,5-132,5-132,3416.17188,1660.0,
5,76,5-76,katulampa_air_lag21,29.0,5-133,5-134,5-134,18654.1562,110.0,
5,77,5-77,dayofyear_sin,0.221772164,5-135,5-136,5-136,585.082031,6.0,
5,78,5-78,time_index,1617.0,5-137,5-138,5-138,2376.12671,12.0,
5,79,5-79,Leaf,,,,,0.606864393,2.0,
5,80,5-80,time_index,26558.0,5-139,5-140,5-140,16.9839592,3.0,
5,81,5-81,manggarai_air_lag21,710.0,5-141,5-142,5-142,5107.9375,2178.0,
5,82,5-82,depok_air_lag7,165.0,5-143,5-144,5-144,5108.83447,94.0,
5,83,5-83,dayofyear_sin,0.955979347,5-145,5-146,5-146,63579.8047,79.0,
5,84,5-84,manggarai_air_lag2,625.0,5-147,5-148,5-148,7939.34424,1703.0,
5,85,5-85,depok_air_lag6,190.0,5-149,5-150,5-150,5254.31641,165.0,
5,86,5-86,dayofyear_sin,0.432499409,5-151,5-152,5-152,555.464844,26.0,
5,87,5-87,manggarai_air_lag14,630.0,5-153,5-154,5-154,6598.25781,2924.0,
5,88,5-88,depok_air_lag8,111.0,5-155,5-156,5-156,1627.30957,24.0,
5,89,5-89,katulampa_air_lag4,75.0,5-157,5-158,5-158,27175.125,3712.0,
5,90,5-90,hour_sin,1.22464685e-16,5-159,5-160,5-160,86411.5156,6.0,
5,91,5-91,manggarai_air_lag2,650.0,5-161,5-162,5-162,12602.625,1470.0,
5,92,5-92,depok_air_lag13,111.0,5-163,5-164,5-164,101760.875,12.0,
5,93,5-93,katulampa_air_lag19,35.0,5-165,5-166,5-166,1263.125,109.0,
5,94,5-94,hour_sin,0.5,5-167,5-168,5-168,688.023438,7.0,
5,95,5-95,manggarai_air_lag2,675.0,5-169,5-170,5-170,2336.92188,274.0,
5,96,5-96,depok_air_lag7,165.0,5-171,5-172,5-172,2504.59375,791.0,
5,97,5-97,katulampa_cuaca_lag18_hujan,1.0,5-173,5-174,5-174,3600.98438,166.0,
5,98,5-98,Leaf,,,,,5.65458298,26.0,
5,99,5-99,depok_air_lag13,190.0,5-175,5-176,5-176,8002.25,1232.0,
5,100,5-100,manggarai_cuaca_lag4_hujan,1.0,5-177,5-178,5-178,149448.344,12.0,
5,101,5-101,katulampa_air_lag19,110.0,5-179,5-180,5-180,9658.3125,513.0,
5,102,5-102,manggarai_air_lag2,602.5,5-181,5-182,5-182,4208.25,344.0,
5,103,5-103,depok_air_lag13,200.0,5-183,5-184,5-184,2072.54688,96.0,
5,104,5-104,depok_air_lag14,200.0,5-185,5-186,5-186,350.5,149.0,
5,105,5-105,Leaf,,,,,7.03107071,152.0,
5,106,5-106,Leaf,,,,,8.71506405,33.0,
5,107,5-107,depok_air_lag19,230.0,5-187,5-188,5-188,1457.125,162.0,
5,108,5-108,Leaf,,,,,4.85445356,4.0,
5,109,5-109,Leaf,,,,,0.234149173,1.0,
5,110,5-110,Leaf,,,,,-2.34344149,6.0,
5,111,5-111,Leaf,,,,,-2.79310656,25.0,
5,112,5-112,Leaf,,,,,-1.12571216,2.0,
5,113,5-113,Leaf,,,,,-0.822401941,5.0,
5,114,5-114,Leaf,,,,,0.48651123,1.0,
5,115,5-115,Leaf,,,,,-2.90709162,1371.0,
5,116,5-116,Leaf,,,,,0.674124181,3.0,
5,117,5-117,Leaf,,,,,-2.25597143,2669.0,
5,118,5-118,Leaf,,,,,1.89297485,2.0,
5,119,5-119,Leaf,,,,,0.241348773,11.0,
5,120,5-120,Leaf,,,,,2.04857183,3.0,
5,121,5-121,Leaf,,,,,0.998840332,1.0,
5,122,5-122,Leaf,,,,,3.83141065,8.0,
5,123,5-123,Leaf,,,,,-1.61120534,49.0,
5,124,5-124,Leaf,,,,,-27.8277645,1.0,
5,125,5-125,Leaf,,,,,-1.74672401,2537.0,
5,126,5-126,Leaf,,,,,-0.202297211,7.0,
5,127,5-127,Leaf,,,,,-0.247421265,3.0,
5,128,5-128,Leaf,,,,,3.14903879,3.0,
5,129,5-129,Leaf,,,,,-1.77248216,22.0,
5,130,5-130,Leaf,,,,,-0.366316378,21.0,
5,131,5-131,Leaf,,,,,-1.43765128,595.0,
5,132,5-132,Leaf,,,,,-1.13203669,1065.0,
5,133,5-133,Leaf,,,,,-1.51872766,104.0,
5,134,5-134,Leaf,,,,,-6.89966345,6.0,
5,135,5-135,Leaf,,,,,4.11292219,5.0,
5,136,5-136,Leaf,,,,,0.657058716,1.0,
5,137,5-137,Leaf,,,,,1.38918459,5.0,
5,138,5-138,Leaf,,,,,-1.24417198,7.0,
5,139,5-139,Leaf,,,,,-0.460500091,2.0,
5,140,5-140,Leaf,,,,,0.00776977558,1.0,
5,141,5-141,Leaf,,,,,-0.686701,2114.0,
5,142,5-142,Leaf,,,,,-1.59117186,64.0,
5,143,5-143,Leaf,,,,,0.194282934,91.0,
5,144,5-144,Leaf,,,,,3.84928751,3.0,
5,145,5-145,Leaf,,,,,-0.597798526,75.0,
5,146,5-146,Leaf,,,,,-12.2554121,4.0,
5,147,5-147,Leaf,,,,,0.628228366,146.0,
5,148,5-148,Leaf,,,,,-0.140596166,1557.0,
5,149,5-149,Leaf,,,,,1.15096962,164.0,
5,150,5-150,Leaf,,,,,-4.06374502,1.0,
5,151,5-151,Leaf,,,,,3.08954024,18.0,
5,152,5-152,Leaf,,,,,1.64717007,8.0,
5,153,5-153,Leaf,,,,,0.142258063,351.0,
5,154,5-154,Leaf,,,,,0.604923427,2573.0,
5,155,5-155,Leaf,,,,,1.62981057,18.0,
5,156,5-156,Leaf,,,,,3.66589093,6.0,
5,157,5-157,Leaf,,,,,1.21409988,3703.0,
5,158,5-158,Leaf,,,,,-4.01972485,9.0,
5,159,5-159,Leaf,,,,,-22.8790741,1.0,
5,160,5-160,Leaf,,,,,1.45967102,5.0,
5,161,5-161,Leaf,,,,,2.91358042,87.0,
5,162,5-162,Leaf,,,,,1.66467345,1383.0,
5,163,5-163,Leaf,,,,,-22.6854992,1.0,
5,164,5-164,Leaf,,,,,1.71875918,11.0,
5,165,5-165,Leaf,,,,,3.55307078,101.0,
5,166,5-166,Leaf,,,,,1.83572388,8.0,
5,167,5-167,Leaf,,,,,6.5906496,5.0,
5,168,5-168,Leaf,,,,,2.29906225,2.0,
5,169,5-169,Leaf,,,,,2.1294229,123.0,
5,170,5-170,Leaf,,,,,1.50565922,151.0,
5,171,5-171,Leaf,,,,,2.32144332,777.0,
5,172,5-172,Leaf,,,,,3.76270938,14.0,
5,173,5-173,Leaf,,,,,4.01768541,152.0,
5,174,5-174,Leaf,,,,,2.08768201,14.0,
5,175,5-175,Leaf,,,,,2.98938799,1222.0,
5,176,5-176,Leaf,,,,,0.135140717,10.0,
5,177,5-177,Leaf,,,,,2.96768904,11.0,
5,178,5-178,Leaf,,,,,-26.574955,1.0,
5,179,5-179,Leaf,,,,,3.85453987,503.0,
5,180,5-180,Leaf,,,,,0.644251049,10.0,
5,181,5-181,Leaf,,,,,0.0981282517,2.0,
5,182,5-182,Leaf,,,,,4.74840784,342.0,
5,183,5-183,Leaf,,,,,5.13009167,84.0,
5,184,5-184,Leaf,,,,,3.14016914,12.0,
5,185,5-185,Leaf,,,,,6.17486715,131.0,
5,186,5-186,Leaf,,,,,4.6324563,18.0,
5,187,5-187,Leaf,,,,,9.03841305,161.0,
5,188,5-188,Leaf,,,,,2.09550786,1.0,
6,0,6-0,manggarai_air_lag1,635.0,6-1,6-2,6-2,8373307.0,27225.0,
6,1,6-1,manggarai_air_lag1,595.0,6-3,6-4,6-4,1067658.5,14462.0,
6,2,6-2,manggarai_air_lag1,694.0,6-5,6-6,6-6,2287749.5,12763.0,
6,3,6-3,manggarai_air_lag4,580.0,6-7,6-8,6-8,189039.25,5246.0,
6,4,6-4,manggarai_air_lag1,615.0,6-9,6-10,6-10,238736.625,9216.0,
6,5,6-5,manggarai_air_lag1,665.0,6-11,6-12,6-12,472441.625,10959.0,
6,6,6-6,manggarai_air_lag1,750.0,6-13,6-14,6-14,379822.0,1804.0,
6,7,6-7,manggarai_cuaca_lag5_hujan,1.0,6-15,6-16,6-16,11873.0,1868.0,
6,8,6-8,depok_air_lag7,20.0,6-17,6-18,6-18,54672.5,3378.0,
6,9,6-9,manggarai_air_lag1,605.0,6-19,6-20,6-20,28519.375,5190.0,
6,10,6-10,manggarai_air_lag1,625.0,6-21,6-22,6-22,26447.75,4026.0,
6,11,6-11,manggarai_air_lag1,650.0,6-23,6-24,6-24,86293.875,8315.0,
6,12,6-12,manggarai_air_lag1,680.0,6-25,6-26,6-26,27405.25,2644.0,
6,13,6-13,manggarai_air_lag1,725.0,6-27,6-28,6-28,69094.0,1389.0,
6,14,6-14,manggarai_air_lag1,785.0,6-29,6-30,6-30,41844.25,415.0,
6,15,6-15,manggarai_air_lag1,570.0,6-31,6-32,6-32,12906.0,1856.0,
6,16,6-16,time_index,157.0,6-33,6-34,6-34,76673.125,12.0,
6,17,6-17,time_index,289.0,6-35,6-36,6-36,34005.4766,2.0,
6,18,6-18,manggarai_air_lag2,630.0,6-37,6-38,6-38,45047.125,3376.0,
6,19,6-19,depok_air_lag7,165.0,6-39,6-40,6-40,5952.0625,3391.0,
6,20,6-20,depok_air_lag8,155.0,6-41,6-42,6-42,9343.875,1799.0,
6,21,6-21,manggarai_air_lag4,570.0,6-43,6-44,6-44,44774.1719,2275.0,
6,22,6-22,depok_air_lag3,80.0,6-45,6-46,6-46,11829.9453,1751.0,
6,23,6-23,manggarai_air_lag2,635.0,6-47,6-48,6-48,8929.39062,3137.0,
6,24,6-24,manggarai_air_lag1,658.0,6-49,6-50,6-50,22551.25,5178.0,
6,25,6-25,manggarai_air_lag2,658.0,6-51,6-52,6-52,14935.0625,1202.0,
6,26,6-26,manggarai_air_lag2,680.0,6-53,6-54,6-54,27378.875,1442.0,
6,27,6-27,depok_air_lag16,210.0,6-55,6-56,6-56,16821.625,1020.0,
6,28,6-28,manggarai_air_lag2,720.0,6-57,6-58,6-58,7387.5,369.0,
6,29,6-29,depok_air_lag7,180.0,6-59,6-60,6-60,3861.25,272.0,
6,30,6-30,manggarai_air_lag1,820.0,6-61,6-62,6-62,7981.0,143.0,
6,31,6-31,manggarai_air_lag1,20.0,6-63,6-64,6-64,1639.0,1523.0,
6,32,6-32,depok_air_lag10,92.5,6-65,6-66,6-66,4666.0,333.0,
6,33,6-33,Leaf,,,,,-24.9087524,1.0,
6,34,6-34,Leaf,,,,,-3.18141341,11.0,
6,35,6-35,Leaf,,,,,-23.4360561,1.0,
6,36,6-36,Leaf,,,,,-0.419680804,1.0,
6,37,6-37,manggarai_air_lag1,585.0,6-67,6-68,6-68,19554.0,3351.0,
6,38,6-38,depok_air_lag8,120.0,6-69,6-70,6-70,3880.48535,25.0,
6,39,6-39,depok_air_lag8,125.0,6-71,6-72,6-72,4496.375,3383.0,
6,40,6-40,time_index,25496.0,6-73,6-74,6-74,1199.60181,8.0,
6,41,6-41,manggarai_air_lag4,625.0,6-75,6-76,6-76,3202.6875,1792.0,
6,42,6-42,depok_air_lag23,85.0,6-77,6-78,6-78,1758.47363,7.0,
6,43,6-43,time_index,289.0,6-79,6-80,6-80,76375.5312,4.0,
6,44,6-44,depok_air_lag24,200.0,6-81,6-82,6-82,19822.3906,2271.0,
6,45,6-45,depok_air_lag7,85.0,6-83,6-84,6-84,110303.203,16.0,
6,46,6-46,manggarai_cuaca_lag12_hujan,1.0,6-85,6-86,6-86,5910.58398,1735.0,
6,47,6-47,manggarai_air_lag1,645.0,6-87,6-88,6-88,3574.22461,205.0,
6,48,6-48,manggarai_air_lag1,640.0,6-89,6-90,6-90,6964.38281,2932.0,
6,49,6-49,katulampa_air_lag4,75.0,6-91,6-92,6-92,21037.0625,3867.0,
6,50,6-50,depok_air_lag23,185.0,6-93,6-94,6-94,15811.75,1311.0,
6,51,6-51,depok_air_lag24,160.0,6-95,6-96,6-96,2634.0,115.0,
6,52,6-52,manggarai_air_lag4,685.0,6-97,6-98,6-98,5244.84375,1087.0,
6,53,6-53,depok_air_lag12,125.0,6-99,6-100,6-100,2945.0625,185.0,
6,54,6-54,manggarai_air_lag17,658.0,6-101,6-102,6-102,9726.375,1257.0,
6,55,6-55,manggarai_air_lag1,705.0,6-103,6-104,6-104,11182.0,989.0,
6,56,6-56,manggarai_air_lag20,685.0,6-105,6-106,6-106,58553.8789,31.0,
6,57,6-57,Leaf,,,,,6.62165833,70.0,
6,58,6-58,manggarai_air_lag1,732.5,6-107,6-108,6-108,1750.5625,299.0,
6,59,6-59,manggarai_air_lag2,651.0,6-109,6-110,6-110,505.875,200.0,
6,60,6-60,Leaf,,,,,7.93388605,72.0,
6,61,6-61,Leaf,,,,,8.59820461,108.0,
6,62,6-62,Leaf,,,,,11.0693426,35.0,
6,63,6-63,Leaf,,,,,0.176052853,1.0,
6,64,6-64,depok_air_lag7,155.0,6-111,6-112,6-112,621.25,1522.0,
6,65,6-65,manggarai_air_lag1,580.0,6-113,6-114,6-114,699.46875,308.0,
6,66,6-66,depok_air_lag12,74.0,6-115,6-116,6-116,661.801758,25.0,
6,67,6-67,manggarai_cuaca_lag1_hujan,1.0,6-117,6-118,6-118,4547.5625,1146.0,
6,68,6-68,depok_air_lag3,210.0,6-119,6-120,6-120,3072.25,2205.0,
6,69,6-69,depok_air_lag13,74.0,6-121,6-122,6-122,614.171326,15.0,
6,70,6-70,Leaf,,,,,3.27872062,10.0,
6,71,6-71,manggarai_air_lag1,598.0,6-123,6-124,6-124,4396.1875,3360.0,
6,72,6-72,time_index,18065.0,6-125,6-126,6-126,1168.21497,23.0,
6,73,6-73,depok_air_lag13,92.5,6-127,6-128,6-128,476.715088,7.0,
6,74,6-74,Leaf,,,,,-1.3699311,1.0,
6,75,6-75,depok_air_lag7,111.0,6-129,6-130,6-130,3188.8125,1666.0,
6,76,6-76,katulampa_air_lag21,29.0,6-131,6-132,6-132,12483.4492,126.0,
6,77,6-77,Leaf,,,,,3.45687366,4.0,
6,78,6-78,time_index,23375.0,6-133,6-134,6-134,411.800293,3.0,
6,79,6-79,Leaf,,,,,-25.244379,1.0,
6,80,6-80,time_index,13301.0,6-135,6-136,6-136,94.1173859,3.0,
6,81,6-81,depok_air_lag7,155.0,6-137,6-138,6-138,8934.98438,2265.0,
6,82,6-82,manggarai_air_lag15,700.0,6-139,6-140,6-140,54318.8984,6.0,
6,83,6-83,hour_cos,0.258819044,6-141,6-142,6-142,1215.67749,15.0,
6,84,6-84,Leaf,,,,,-24.8189087,1.0,
6,85,6-85,manggarai_air_lag2,625.0,6-143,6-144,6-144,7625.87207,1674.0,
6,86,6-86,manggarai_air_lag2,607.5,6-145,6-146,6-146,151526.531,61.0,
6,87,6-87,depok_air_lag3,195.0,6-147,6-148,6-148,4664.12695,178.0,
6,88,6-88,dayofyear_sin,0.753697693,6-149,6-150,6-150,754.754883,27.0,
6,89,6-89,time_index,18863.0,6-151,6-152,6-152,1100.89099,275.0,
6,90,6-90,manggarai_air_lag15,630.0,6-153,6-154,6-154,3677.79688,2657.0,
6,91,6-91,manggarai_air_lag2,640.0,6-155,6-156,6-156,15568.1875,3857.0,
6,92,6-92,dayofyear_sin,0.880682886,6-157,6-158,6-158,161084.656,10.0,
6,93,6-93,manggarai_air_lag2,658.0,6-159,6-160,6-160,6247.46875,1298.0,
6,94,6-94,hour_sin,0.0,6-161,6-162,6-162,90717.4609,13.0,
6,95,6-95,dayofyear_sin,-0.982351661,6-163,6-164,6-164,1450.85938,112.0,
6,96,6-96,Leaf,,,,,6.16387796,3.0,
6,97,6-97,depok_air_lag7,165.0,6-165,6-166,6-166,2715.0625,782.0,
6,98,6-98,manggarai_air_lag14,635.0,6-167,6-168,6-168,1157.6875,305.0,
6,99,6-99,manggarai_air_lag2,650.0,6-169,6-170,6-170,3428.25,164.0,
6,100,6-100,depok_air_lag7,111.0,6-171,6-172,6-172,674.630859,21.0,
6,101,6-101,depok_air_lag7,155.0,6-173,6-174,6-174,71215.1875,341.0,
6,102,6-102,manggarai_air_lag1,685.0,6-175,6-176,6-176,2227.5,916.0,
6,103,6-103,manggarai_air_lag2,694.0,6-177,6-178,6-178,10691.0625,465.0,
6,104,6-104,manggarai_air_lag2,705.0,6-179,6-180,6-180,6907.625,524.0,
6,105,6-105,depok_air_lag8,106.0,6-181,6-182,6-182,123.753906,26.0,
6,106,6-106,time_index,9317.0,6-183,6-184,6-184,72629.3672,5.0,
6,107,6-107,manggarai_air_lag4,640.0,6-185,6-186,6-186,1118.28125,125.0,
6,108,6-108,manggarai_air_lag4,760.0,6-187,6-188,6-188,1295.1875,174.0,
6,109,6-109,time_index,19659.0,6-189,6-190,6-190,2481.98779,3.0,
6,110,6-110,manggarai_air_lag2,800.0,6-191,6-192,6-192,425.1875,197.0,
6,111,6-111,Leaf,,,,,-3.70686412,1521.0,
6,112,6-112,Leaf,,,,,-0.548098743,1.0,
6,113,6-113,Leaf,,,,,-3.16976905,270.0,
6,114,6-114,Leaf,,,,,-2.47356057,38.0,
6,115,6-115,Leaf,,,,,-0.301712662,4.0,
6,116,6-116,Leaf,,,,,-1.78743923,21.0,
6,117,6-117,Leaf,,,,,-2.71986175,1136.0,
6,118,6-118,Leaf,,,,,-0.519133449,10.0,
6,119,6-119,Leaf,,,,,-2.18993306,2201.0,
6,120,6-120,Leaf,,,,,0.477442652,4.0,
6,121,6-121,Leaf,,,,,-0.656752527,2.0,
6,122,6-122,Leaf,,,,,0.984453857,13.0,
6,123,6-123,Leaf,,,,,-1.85839808,750.0,
6,124,6-124,Leaf,,,,,-1.57558858,2610.0,
6,125,6-125,Leaf,,,,,0.622346222,9.0,
6,126,6-126,Leaf,,,,,-0.775928199,14.0,
6,127,6-127,Leaf,,,,,0.696674585,5.0,
6,128,6-128,Leaf,,,,,2.52512431,2.0,
6,129,6-129,Leaf,,,,,-1.12376177,1637.0,
6,130,6-130,Leaf,,,,,-0.0636409521,29.0,
6,131,6-131,Leaf,,,,,-1.31803477,116.0,
6,132,6-132,Leaf,,,,,-4.87892437,10.0,
6,133,6-133,Leaf,,,,,0.977830052,2.0,
6,134,6-134,Leaf,,,,,-0.889572144,1.0,
6,135,6-135,Leaf,,,,,0.521704137,1.0,
6,136,6-136,Leaf,,,,,-0.363964856,2.0,
6,137,6-137,Leaf,,,,,-0.626482189,2255.0,
6,138,6-138,Leaf,,,,,2.2364912,10.0,
6,139,6-139,Leaf,,,,,-19.8775921,1.0,
6,140,6-140,Leaf,,,,,-0.313276172,5.0,
6,141,6-141,Leaf,,,,,-0.850868404,6.0,
6,142,6-142,Leaf,,,,,0.869320095,9.0,
6,143,6-143,Leaf,,,,,0.613185585,147.0,
6,144,6-144,Leaf,,,,,-0.13861756,1527.0,
6,145,6-145,Leaf,,,,,-28.1444283,1.0,
6,146,6-146,Leaf,,,,,-0.161375359,60.0,
6,147,6-147,Leaf,,,,,1.04692566,177.0,
6,148,6-148,Leaf,,,,,-3.86055923,1.0,
6,149,6-149,Leaf,,,,,2.42009473,24.0,
6,150,6-150,Leaf,,,,,0.525738537,3.0,
6,151,6-151,Leaf,,,,,0.0521432124,264.0,
6,152,6-152,Leaf,,,,,-0.927122056,11.0,
6,153,6-153,Leaf,,,,,0.184822917,266.0,
6,154,6-154,Leaf,,,,,0.577667832,2391.0,
6,155,6-155,Leaf,,,,,2.59387565,67.0,
6,156,6-156,Leaf,,,,,1.06147373,3790.0,
6,157,6-157,Leaf,,,,,2.17004514,9.0,
6,158,6-158,Leaf,,,,,-29.0150032,1.0,
6,159,6-159,Leaf,,,,,2.23544574,139.0,
6,160,6-160,Leaf,,,,,1.51405585,1159.0,
6,161,6-161,Leaf,,,,,1.36464608,12.0,
6,162,6-162,Leaf,,,,,-21.5512238,1.0,
6,163,6-163,Leaf,,,,,1.39019239,7.0,
6,164,6-164,Leaf,,,,,3.18438005,105.0,
6,165,6-165,Leaf,,,,,2.11547518,767.0,
6,166,6-166,Leaf,,,,,3.53888106,15.0,
6,167,6-167,Leaf,,,,,1.27225137,79.0,
6,168,6-168,Leaf,,,,,1.76323664,226.0,
6,169,6-169,Leaf,,,,,5.14876318,33.0,
6,170,6-170,Leaf,,,,,3.77731681,131.0,
6,171,6-171,Leaf,,,,,0.50881958,2.0,
6,172,6-172,Leaf,,,,,2.74415326,19.0,
6,173,6-173,Leaf,,,,,2.28505588,338.0,
6,174,6-174,Leaf,,,,,-11.1792517,3.0,
6,175,6-175,Leaf,,,,,2.65994525,644.0,
6,176,6-176,Leaf,,,,,3.05540967,272.0,
6,177,6-177,Leaf,,,,,4.3520751,147.0,
6,178,6-178,Leaf,,,,,3.26278543,318.0,
6,179,6-179,Leaf,,,,,4.97703981,148.0,
6,180,6-180,Leaf,,,,,4.07012939,376.0,
6,181,6-181,Leaf,,,,,0.916543603,1.0,
6,182,6-182,Leaf,,,,,3.57373118,25.0,
6,183,6-183,Leaf,,,,,-18.5116558,2.0,
6,184,6-184,Leaf,,,,,2.7322998,3.0,
6,185,6-185,Leaf,,,,,0.668365479,1.0,
6,186,6-186,Leaf,,,,,4.82567263,124.0,
6,187,6-187,Leaf,,,,,5.84035683,131.0,
6,188,6-188,Leaf,,,,,4.68630743,43.0,
6,189,6-189,Leaf,,,,,4.61166191,2.0,
6,190,6-190,Leaf,,,,,-0.613842785,1.0,
6,191,6-191,Leaf,,,,,6.72845221,194.0,
6,192,6-192,Leaf,,,,,3.20004439,3.0,
7,0,7-0,manggarai_air_lag2,630.0,7-1,7-2,7-2,6314759.5,27206.0,
7,1,7-1,manggarai_air_lag2,592.5,7-3,7-4,7-4,712817.75,13288.0,
7,2,7-2,manggarai_air_lag2,680.0,7-5,7-6,7-6,1605846.5,13918.0,
7,3,7-3,manggarai_air_lag4,575.0,7-7,7-8,7-8,177661.25,5238.0,
7,4,7-4,manggarai_air_lag2,607.5,7-9,7-10,7-10,129812.375,8050.0,
7,5,7-5,manggarai_air_lag2,645.0,7-11,7-12,7-12,166009.812,10687.0,
7,6,7-6,manggarai_air_lag2,730.0,7-13,7-14,7-14,460562.0,3231.0,
7,7,7-7,manggarai_air_lag3,592.5,7-15,7-16,7-16,82170.875,1796.0,
7,8,7-8,depok_air_lag8,125.0,7-17,7-18,7-18,34973.5,3442.0,
7,9,7-9,depok_air_lag8,150.0,7-19,7-20,7-20,33790.4375,4009.0,
7,10,7-10,depok_air_lag8,111.0,7-21,7-22,7-22,36665.6484,4041.0,
7,11,7-11,depok_air_lag8,120.0,7-23,7-24,7-24,20755.3516,3726.0,
7,12,7-12,depok_air_lag8,135.0,7-25,7-26,7-26,69918.875,6961.0,
7,13,7-13,depok_air_lag8,137.5,7-27,7-28,7-28,87226.25,2533.0,
7,14,7-14,depok_air_lag8,170.0,7-29,7-30,7-30,91199.5,698.0,
7,15,7-15,depok_air_lag10,125.0,7-31,7-32,7-32,27641.5,1795.0,
7,16,7-16,Leaf,,,,,-23.6633148,1.0,
7,17,7-17,manggarai_air_lag3,585.0,7-33,7-34,7-34,17214.75,3410.0,
7,18,7-18,katulampa_air_lag4,15.0,7-35,7-36,7-36,10506.085,32.0,
7,19,7-19,depok_air_lag8,102.5,7-37,7-38,7-38,12531.0625,3989.0,
7,20,7-20,depok_air_lag9,180.0,7-39,7-40,7-40,1693.60449,20.0,
7,21,7-21,manggarai_air_lag2,620.0,7-41,7-42,7-42,22273.4688,3901.0,
7,22,7-22,depok_air_lag8,175.0,7-43,7-44,7-44,10986.1523,140.0,
7,23,7-23,manggarai_air_lag2,640.0,7-45,7-46,7-46,16474.5156,3512.0,
7,24,7-24,depok_air_lag3,137.5,7-47,7-48,7-48,6002.38672,214.0,
7,25,7-25,manggarai_air_lag2,658.0,7-49,7-50,7-50,41329.5,6623.0,
7,26,7-26,hour_cos,1.0,7-51,7-52,7-52,19833.8281,338.0,
7,27,7-27,manggarai_air_lag3,755.0,7-53,7-54,7-54,27857.875,1980.0,
7,28,7-28,depok_air_lag8,170.0,7-55,7-56,7-56,30462.1875,553.0,
7,29,7-29,manggarai_air_lag2,770.0,7-57,7-58,7-58,13019.625,476.0,
7,30,7-30,manggarai_air_lag2,800.0,7-59,7-60,7-60,14662.0,222.0,
7,31,7-31,manggarai_air_lag2,570.0,7-61,7-62,7-62,8964.625,1792.0,
7,32,7-32,dayofyear_sin,-0.922329128,7-63,7-64,7-64,60225.5469,3.0,
7,33,7-33,depok_air_lag10,102.5,7-65,7-66,7-66,4708.75,1157.0,
7,34,7-34,manggarai_air_lag3,612.5,7-67,7-68,7-68,11860.5625,2253.0,
7,35,7-35,depok_air_lag10,145.0,7-69,7-70,7-70,3519.50195,14.0,
7,36,7-36,depok_air_lag8,175.0,7-71,7-72,7-72,2961.22656,18.0,
7,37,7-37,manggarai_cuaca_lag1_hujan,1.0,7-73,7-74,7-74,4840.0,3807.0,
7,38,7-38,dayofyear_sin,-0.513900995,7-75,7-76,7-76,3584.48975,182.0,
7,39,7-39,katulampa_cuaca_lag14_hujan,1.0,7-77,7-78,7-78,2519.94873,15.0,
7,40,7-40,Leaf,,,,,4.21069479,5.0,
7,41,7-41,manggarai_cuaca_lag1_hujan,1.0,7-79,7-80,7-80,10974.5,1811.0,
7,42,7-42,depok_air_lag24,195.0,7-81,7-82,7-82,21384.8828,2090.0,
7,43,7-43,dayofyear_cos,-0.396299124,7-83,7-84,7-84,3213.2666,135.0,
7,44,7-44,Leaf,,,,,5.21589184,5.0,
7,45,7-45,depok_cuaca_lag6_hujan,1.0,7-85,7-86,7-86,9302.61719,1449.0,
7,46,7-46,manggarai_air_lag17,640.0,7-87,7-88,7-88,4262.94922,2063.0,
7,47,7-47,depok_air_lag8,150.0,7-89,7-90,7-90,2772.09961,186.0,
7,48,7-48,depok_air_lag10,111.0,7-91,7-92,7-92,5492.65625,28.0,
7,49,7-49,katulampa_air_lag4,75.0,7-93,7-94,7-94,14103.625,4379.0,
7,50,7-50,depok_air_lag3,111.0,7-95,7-96,7-96,9174.03125,2244.0,
7,51,7-51,depok_air_lag8,160.0,7-97,7-98,7-98,17965.4844,330.0,
7,52,7-52,dayofyear_sin,0.931210041,7-99,7-100,7-100,98309.2969,8.0,
7,53,7-53,manggarai_air_lag2,705.0,7-101,7-102,7-102,22991.125,1976.0,
7,54,7-54,hour_sin,-0.5,7-103,7-104,7-104,35086.0273,4.0,
7,55,7-55,manggarai_air_lag2,694.0,7-105,7-106,7-106,9573.5,445.0,
7,56,7-56,depok_air_lag8,195.0,7-107,7-108,7-108,1000.75,108.0,
7,57,7-57,manggarai_cuaca_lag1_hujan,1.0,7-109,7-110,7-110,6627.25,376.0,
7,58,7-58,hour_sin,-0.707106769,7-111,7-112,7-112,3013.3125,100.0,
7,59,7-59,depok_air_lag8,220.0,7-113,7-114,7-114,4327.4375,173.0,
7,60,7-60,Leaf,,,,,9.14078426,49.0,
7,61,7-61,depok_air_lag8,125.0,7-115,7-116,7-116,1323.875,1538.0,
7,62,7-62,depok_air_lag9,92.5,7-117,7-118,7-118,4375.14062,254.0,
7,63,7-63,Leaf,,,,,-23.9821606,1.0,
7,64,7-64,Leaf,,,,,0.375360101,2.0,
7,65,7-65,manggarai_air_lag2,580.0,7-119,7-120,7-120,2408.875,1143.0,
7,66,7-66,manggarai_air_lag2,586.0,7-121,7-122,7-122,408.338104,14.0,
7,67,7-67,manggarai_cuaca_lag1_hujan,1.0,7-123,7-124,7-124,6652.0625,2235.0,
7,68,7-68,manggarai_air_lag3,625.0,7-125,7-126,7-126,1362.7135,18.0,
7,69,7-69,depok_air_lag9,102.5,7-127,7-128,7-128,859.056152,11.0,
7,70,7-70,dayofyear_cos,-0.443132222,7-129,7-130,7-130,50.6088867,3.0,
7,71,7-71,dayofyear_cos,0.635898471,7-131,7-132,7-132,1269.67188,15.0,
7,72,7-72,Leaf,,,,,5.32546568,3.0,
7,73,7-73,manggarai_cuaca_lag12_hujan,1.0,7-133,7-134,7-134,3671.125,3695.0,
7,74,7-74,depok_air_lag23,96.0,7-135,7-136,7-136,3238.8374,112.0,
7,75,7-75,depok_air_lag3,106.0,7-137,7-138,7-138,1116.97559,97.0,
7,76,7-76,depok_air_lag23,102.5,7-139,7-140,7-140,2559.45386,85.0,
7,77,7-77,depok_air_lag12,96.0,7-141,7-142,7-142,1253.13477,12.0,
7,78,7-78,hour_sin,0.707106769,7-143,7-144,7-144,697.991699,3.0,
7,79,7-79,manggarai_air_lag15,602.5,7-145,7-146,7-146,4159.35938,1723.0,
7,80,7-80,katulampa_air_lag21,35.0,7-147,7-148,7-148,12877.0635,88.0,
7,81,7-81,manggarai_cuaca_lag1_hujan,1.0,7-149,7-150,7-150,11454.1074,2084.0,
7,82,7-82,dayofyear_cos,0.687457204,7-151,7-152,7-152,46986.0391,6.0,
7,83,7-83,depok_air_lag8,137.5,7-153,7-154,7-154,1791.78516,36.0,
7,84,7-84,depok_air_lag3,111.0,7-155,7-156,7-156,1649.21997,99.0,
7,85,7-85,depok_air_lag12,74.0,7-157,7-158,7-158,10614.1494,1358.0,
7,86,7-86,katulampa_air_lag5,65.0,7-159,7-160,7-160,5724.95996,91.0,
7,87,7-87,depok_air_lag3,135.0,7-161,7-162,7-162,2456.62061,342.0,
7,88,7-88,manggarai_air_lag7,694.0,7-163,7-164,7-164,1370.23047,1721.0,
7,89,7-89,dayofyear_cos,0.538583577,7-165,7-166,7-166,1774.34863,151.0,
7,90,7-90,depok_air_lag10,86.0,7-167,7-168,7-168,1931.07031,35.0,
7,91,7-91,katulampa_air_lag3,45.0,7-169,7-170,7-170,2320.69336,18.0,
7,92,7-92,manggarai_air_lag4,625.0,7-171,7-172,7-172,1060.06653,10.0,
7,93,7-93,manggarai_cuaca_lag1_hujan,1.0,7-173,7-174,7-174,11344.2812,4366.0,
7,94,7-94,katulampa_air_lag3,35.0,7-175,7-176,7-176,149220.266,13.0,
7,95,7-95,manggarai_air_lag14,770.0,7-177,7-178,7-178,14757.8438,1643.0,
7,96,7-96,manggarai_air_lag4,602.5,7-179,7-180,7-180,4465.53125,601.0,
7,97,7-97,manggarai_air_lag4,650.0,7-181,7-182,7-182,4063.15625,259.0,
7,98,7-98,depok_air_lag3,135.0,7-183,7-184,7-184,6782.39062,71.0,
7,99,7-99,dayofyear_cos,-0.993512869,7-185,7-186,7-186,519.710449,7.0,
7,100,7-100,Leaf,,,,,-21.7881927,1.0,
7,101,7-101,depok_air_lag3,125.0,7-187,7-188,7-188,11013.9375,1631.0,
7,102,7-102,depok_air_lag3,155.0,7-189,7-190,7-190,6175.75,345.0,
7,103,7-103,Leaf,,,,,1.36794126,3.0,
7,104,7-104,Leaf,,,,,-15.3359957,1.0,
7,105,7-105,manggarai_cuaca_lag4_hujan,1.0,7-191,7-192,7-192,41069.8438,140.0,
7,106,7-106,hour_cos,6.12323426e-17,7-193,7-194,7-194,3605.09375,305.0,
7,107,7-107,depok_air_lag10,230.0,7-195,7-196,7-196,413.140625,72.0,
7,108,7-108,depok_air_lag12,80.0,7-197,7-198,7-198,199.203125,36.0,
7,109,7-109,depok_air_lag3,130.0,7-199,7-200,7-200,4812.1875,331.0,
7,110,7-110,manggarai_air_lag17,586.0,7-201,7-202,7-202,5563.40625,45.0,
7,111,7-111,depok_air_lag9,155.0,7-203,7-204,7-204,912.451172,15.0,
7,112,7-112,dayofyear_cos,-0.999609292,7-205,7-206,7-206,262.875,85.0,
7,113,7-113,manggarai_air_lag14,845.0,7-207,7-208,7-208,1088.25,124.0,
7,114,7-114,Leaf,,,,,7.96010685,49.0,
7,115,7-115,Leaf,,,,,-3.32928824,1534.0,
7,116,7-116,Leaf,,,,,-1.12197018,4.0,
7,117,7-117,Leaf,,,,,-2.77065158,234.0,
7,118,7-118,Leaf,,,,,-1.14834797,20.0,
7,119,7-119,Leaf,,,,,-2.84050107,143.0,
7,120,7-120,Leaf,,,,,-2.35296702,1000.0,
7,121,7-121,Leaf,,,,,-0.795583129,11.0,
7,122,7-122,Leaf,,,,,0.407809466,3.0,
7,123,7-123,Leaf,,,,,-1.96239507,2178.0,
7,124,7-124,Leaf,,,,,-0.847212613,57.0,
7,125,7-125,Leaf,,,,,-0.341943353,8.0,
7,126,7-126,Leaf,,,,,1.33886325,10.0,
7,127,7-127,Leaf,,,,,-2.23025751,7.0,
7,128,7-128,Leaf,,,,,-0.336547852,4.0,
7,129,7-129,Leaf,,,,,0.485836804,1.0,
7,130,7-130,Leaf,,,,,2.11369634,2.0,
7,131,7-131,Leaf,,,,,2.45111942,11.0,
7,132,7-132,Leaf,,,,,0.307462186,4.0,
7,133,7-133,Leaf,,,,,-1.43532073,3607.0,
7,134,7-134,Leaf,,,,,-2.10383964,88.0,
7,135,7-135,Leaf,,,,,-0.99961108,95.0,
7,136,7-136,Leaf,,,,,0.475467265,17.0,
7,137,7-137,Leaf,,,,,-1.15680969,78.0,
7,138,7-138,Leaf,,,,,-0.284603894,19.0,
7,139,7-139,Leaf,,,,,-0.261192471,79.0,
7,140,7-140,Leaf,,,,,1.73327196,6.0,
7,141,7-141,Leaf,,,,,2.78229427,11.0,
7,142,7-142,Leaf,,,,,-0.485430926,1.0,
7,143,7-143,Leaf,,,,,1.02390444,1.0,
7,144,7-144,Leaf,,,,,-1.43101811,2.0,
7,145,7-145,Leaf,,,,,-1.27865791,301.0,
7,146,7-146,Leaf,,,,,-0.865752876,1422.0,
7,147,7-147,Leaf,,,,,-0.020226771,86.0,
7,148,7-148,Leaf,,,,,6.64444828,2.0,
7,149,7-149,Leaf,,,,,-0.429608345,2011.0,
7,150,7-150,Leaf,,,,,0.838009477,73.0,
7,151,7-151,Leaf,,,,,-0.61605227,5.0,
7,152,7-152,Leaf,,,,,-18.8837128,1.0,
7,153,7-153,Leaf,,,,,1.1103524,26.0,
7,154,7-154,Leaf,,,,,2.72902656,10.0,
7,155,7-155,Leaf,,,,,0.255796552,71.0,
7,156,7-156,Leaf,,,,,1.15617347,28.0,
7,157,7-157,Leaf,,,,,-2.67049193,14.0,
7,158,7-158,Leaf,,,,,0.00440202793,1344.0,
7,159,7-159,Leaf,,,,,0.713122308,81.0,
7,160,7-160,Leaf,,,,,3.16414905,10.0,
7,161,7-161,Leaf,,,,,0.0791981816,316.0,
7,162,7-162,Leaf,,,,,1.07335699,26.0,
7,163,7-163,Leaf,,,,,0.549334466,1717.0,
7,164,7-164,Leaf,,,,,-1.12635505,4.0,
7,165,7-165,Leaf,,,,,1.46800435,40.0,
7,166,7-166,Leaf,,,,,0.681930721,111.0,
7,167,7-167,Leaf,,,,,-0.142203376,4.0,
7,168,7-168,Leaf,,,,,2.15424967,31.0,
7,169,7-169,Leaf,,,,,4.04650259,16.0,
7,170,7-170,Leaf,,,,,0.290342212,2.0,
7,171,7-171,Leaf,,,,,2.77533269,1.0,
7,172,7-172,Leaf,,,,,0.202191785,9.0,
7,173,7-173,Leaf,,,,,0.905018449,4133.0,
7,174,7-174,Leaf,,,,,1.62353075,233.0,
7,175,7-175,Leaf,,,,,-27.5642529,1.0,
7,176,7-176,Leaf,,,,,1.82282627,12.0,
7,177,7-177,Leaf,,,,,1.36595488,1629.0,
7,178,7-178,Leaf,,,,,-1.80413282,14.0,
7,179,7-179,Leaf,,,,,-0.803879261,6.0,
7,180,7-180,Leaf,,,,,1.82698715,595.0,
7,181,7-181,Leaf,,,,,2.94989419,75.0,
7,182,7-182,Leaf,,,,,2.02661467,184.0,
7,183,7-183,Leaf,,,,,3.00678229,36.0,
7,184,7-184,Leaf,,,,,5.16013813,35.0,
7,185,7-185,Leaf,,,,,0.42313233,1.0,
7,186,7-186,Leaf,,,,,3.36594439,6.0,
7,187,7-187,Leaf,,,,,2.22065425,1300.0,
7,188,7-188,Leaf,,,,,2.88200402,331.0,
7,189,7-189,Leaf,,,,,3.11632013,316.0,
7,190,7-190,Leaf,,,,,4.7416048,29.0,
7,191,7-191,Leaf,,,,,3.18079352,134.0,
7,192,7-192,Leaf,,,,,-4.74960852,6.0,
7,193,7-193,Leaf,,,,,3.55160785,196.0,
7,194,7-194,Leaf,,,,,4.40136003,109.0,
7,195,7-195,Leaf,,,,,5.01409483,71.0,
7,196,7-196,Leaf,,,,,1.18208015,1.0,
7,197,7-197,Leaf,,,,,1.72992551,1.0,
7,198,7-198,Leaf,,,,,6.32322645,35.0,
7,199,7-199,Leaf,,,,,3.9908998,180.0,
7,200,7-200,Leaf,,,,,4.89526796,151.0,
7,201,7-201,Leaf,,,,,1.23675537,3.0,
7,202,7-202,Leaf,,,,,6.18395472,42.0,
7,203,7-203,Leaf,,,,,2.70087504,8.0,
7,204,7-204,Leaf,,,,,5.12001419,7.0,
7,205,7-205,Leaf,,,,,1.70145571,1.0,
7,206,7-206,Leaf,,,,,6.32136011,84.0,
7,207,7-207,Leaf,,,,,6.45048285,120.0,
7,208,7-208,Leaf,,,,,3.18641615,4.0,
8,0,8-0,manggarai_air_lag1,640.0,8-1,8-2,8-2,5579967.5,27137.0,
8,1,8-1,manggarai_air_lag1,598.0,8-3,8-4,8-4,715227.0,14811.0,
8,2,8-2,manggarai_air_lag1,700.0,8-5,8-6,8-6,1537615.5,12326.0,
8,3,8-3,manggarai_air_lag4,580.0,8-7,8-8,8-8,148975.25,5949.0,
8,4,8-4,manggarai_air_lag1,620.0,8-9,8-10,8-10,151148.781,8862.0,
8,5,8-5,manggarai_air_lag1,665.0,8-11,8-12,8-12,317194.75,10658.0,
8,6,8-6,manggarai_air_lag1,750.0,8-13,8-14,8-14,242016.25,1668.0,
8,7,8-7,manggarai_air_lag3,592.5,8-15,8-16,8-16,25151.75,1828.0,
8,8,8-8,manggarai_air_lag20,20.0,8-17,8-18,8-18,48798.75,4121.0,
8,9,8-9,manggarai_air_lag1,607.5,8-19,8-20,8-20,24926.6875,5130.0,
8,10,8-10,manggarai_air_lag4,570.0,8-21,8-22,8-22,21050.1777,3732.0,
8,11,8-11,manggarai_air_lag1,650.0,8-23,8-24,8-24,50631.125,7912.0,
8,12,8-12,manggarai_air_lag2,651.0,8-25,8-26,8-26,24116.75,2746.0,
8,13,8-13,manggarai_air_lag1,725.0,8-27,8-28,8-28,40785.125,1239.0,
8,14,8-14,manggarai_air_lag1,785.0,8-29,8-30,8-30,30901.375,429.0,
8,15,8-15,manggarai_air_lag1,575.0,8-31,8-32,8-32,8359.0,1824.0,
8,16,8-16,hour_sin,0.707106769,8-33,8-34,8-34,50710.1758,4.0,
8,17,8-17,time_index,289.0,8-35,8-36,8-36,33973.6641,2.0,
8,18,8-18,manggarai_air_lag2,635.0,8-37,8-38,8-38,26648.375,4119.0,
8,19,8-19,manggarai_air_lag2,598.0,8-39,8-40,8-40,3921.0,3291.0,
8,20,8-20,depok_air_lag6,160.0,8-41,8-42,8-42,9368.5625,1839.0,
8,21,8-21,manggarai_air_lag2,592.5,8-43,8-44,8-44,80481.1562,8.0,
8,22,8-22,depok_air_lag6,120.0,8-45,8-46,8-46,13697.4023,3724.0,
8,23,8-23,manggarai_air_lag2,640.0,8-47,8-48,8-48,9161.87109,2769.0,
8,24,8-24,manggarai_air_lag2,650.0,8-49,8-50,8-50,19097.7188,5143.0,
8,25,8-25,depok_air_lag6,170.0,8-51,8-52,8-52,6126.04688,166.0,
8,26,8-26,manggarai_air_lag1,680.0,8-53,8-54,8-54,24237.8125,2580.0,
8,27,8-27,manggarai_air_lag2,700.0,8-55,8-56,8-56,13472.4375,871.0,
8,28,8-28,manggarai_air_lag2,715.0,8-57,8-58,8-58,9550.875,368.0,
8,29,8-29,depok_air_lag12,150.0,8-59,8-60,8-60,4216.9375,273.0,
8,30,8-30,manggarai_air_lag1,820.0,8-61,8-62,8-62,8972.5,156.0,
8,31,8-31,depok_air_lag9,125.0,8-63,8-64,8-64,2356.0,1707.0,
8,32,8-32,depok_air_lag9,92.5,8-65,8-66,8-66,1754.79688,117.0,
8,33,8-33,time_index,2013.0,8-67,8-68,8-68,89.2327881,3.0,
8,34,8-34,Leaf,,,,,-22.4801483,1.0,
8,35,8-35,Leaf,,,,,-22.1466045,1.0,
8,36,8-36,Leaf,,,,,0.215457156,1.0,
8,37,8-37,manggarai_air_lag1,587.5,8-69,8-70,8-70,21974.75,4097.0,
8,38,8-38,depok_air_lag8,120.0,8-71,8-72,8-72,2309.73877,22.0,
8,39,8-39,depok_air_lag8,96.0,8-73,8-74,8-74,2388.88965,102.0,
8,40,8-40,time_index,26957.0,8-75,8-76,8-76,3181.9375,3189.0,
8,41,8-41,manggarai_air_lag2,607.5,8-77,8-78,8-78,7171.89062,1830.0,
8,42,8-42,dayofyear_cos,0.468015343,8-79,8-80,8-80,2998.86035,9.0,
8,43,8-43,Leaf,,,,,-22.7830524,1.0,
8,44,8-44,manggarai_air_lag3,592.5,8-81,8-82,8-82,157.352509,7.0,
8,45,8-45,manggarai_air_lag1,630.0,8-83,8-84,8-84,10624.5508,3536.0,
8,46,8-46,manggarai_air_lag4,612.5,8-85,8-86,8-86,5433.70117,188.0,
8,47,8-47,depok_air_lag6,190.0,8-87,8-88,8-88,4402.2207,167.0,
8,48,8-48,depok_air_lag6,135.0,8-89,8-90,8-90,4624.46484,2602.0,
8,49,8-49,manggarai_air_lag3,598.0,8-91,8-92,8-92,5201.5625,228.0,
8,50,8-50,depok_air_lag8,170.0,8-93,8-94,8-94,16688.0625,4915.0,
8,51,8-51,katulampa_air_lag4,110.0,8-95,8-96,8-96,3684.38281,142.0,
8,52,8-52,time_index,14893.0,8-97,8-98,8-98,1032.25,24.0,
8,53,8-53,manggarai_air_lag2,680.0,8-99,8-100,8-100,6343.1875,1061.0,
8,54,8-54,manggarai_air_lag2,680.0,8-101,8-102,8-102,12441.8125,1519.0,
8,55,8-55,depok_air_lag8,86.0,8-103,8-104,8-104,5605.78125,180.0,
8,56,8-56,depok_air_lag14,225.0,8-105,8-106,8-106,11740.75,691.0,
8,57,8-57,Leaf,,,,,5.8035903,61.0,
8,58,8-58,depok_air_lag6,125.0,8-107,8-108,8-108,2824.6875,307.0,
8,59,8-59,dayofyear_cos,0.869763851,8-109,8-110,8-110,357.25,142.0,
8,60,8-60,depok_air_lag8,145.0,8-111,8-112,8-112,1126.90625,131.0,
8,61,8-61,katulampa_air_lag3,110.0,8-113,8-114,8-114,1556.6875,121.0,
8,62,8-62,Leaf,,,,,9.34326935,35.0,
8,63,8-63,manggarai_air_lag1,565.0,8-115,8-116,8-116,1796.625,1703.0,
8,64,8-64,time_index,14361.0,8-117,8-118,8-118,210.093887,4.0,
8,65,8-65,katulampa_cuaca_lag14_hujan,1.0,8-119,8-120,8-120,361.90625,99.0,
8,66,8-66,depok_air_lag6,106.0,8-121,8-122,8-122,795.358887,18.0,
8,67,8-67,Leaf,,,,,-1.69554651,2.0,
8,68,8-68,Leaf,,,,,-0.261950701,1.0,
8,69,8-69,depok_air_lag6,220.0,8-123,8-124,8-124,2530.1875,1407.0,
8,70,8-70,depok_air_lag6,165.0,8-125,8-126,8-126,6025.3125,2690.0,
8,71,8-71,katulampa_air_lag5,15.0,8-127,8-128,8-128,352.531311,12.0,
8,72,8-72,manggarai_air_lag1,550.0,8-129,8-130,8-130,208.234863,10.0,
8,73,8-73,time_index,1217.0,8-131,8-132,8-132,556.085449,73.0,
8,74,8-74,depok_air_lag6,120.0,8-133,8-134,8-134,752.544434,29.0,
8,75,8-75,manggarai_air_lag1,605.0,8-135,8-136,8-136,2313.8125,3185.0,
8,76,8-76,Leaf,,,,,1.30362427,4.0,
8,77,8-77,manggarai_air_lag1,612.5,8-137,8-138,8-138,1374.30273,120.0,
8,78,8-78,depok_air_lag8,86.0,8-139,8-140,8-140,2380.16406,1710.0,
8,79,8-79,Leaf,,,,,3.67625737,5.0,
8,80,8-80,depok_air_lag6,185.0,8-141,8-142,8-142,84.1694107,4.0,
8,81,8-81,Leaf,,,,,0.562672973,2.0,
8,82,8-82,hour_cos,0.258819044,8-143,8-144,8-144,43.1182747,5.0,
8,83,8-83,depok_air_lag24,200.0,8-145,8-146,8-146,13409.5,2068.0,
8,84,8-84,depok_air_lag6,85.0,8-147,8-148,8-148,12264.7129,1468.0,
8,85,8-85,depok_air_lag8,155.0,8-149,8-150,8-150,2403.83301,32.0,
8,86,8-86,depok_air_lag6,210.0,8-151,8-152,8-152,2850.52637,156.0,
8,87,8-87,manggarai_air_lag1,645.0,8-153,8-154,8-154,2279.19141,166.0,
8,88,8-88,Leaf,,,,,-3.56941223,1.0,
8,89,8-89,depok_air_lag6,130.0,8-155,8-156,8-156,5231.59766,2514.0,
8,90,8-90,depok_air_lag6,195.0,8-157,8-158,8-158,2289.09961,88.0,
8,91,8-91,depok_air_lag23,102.5,8-159,8-160,8-160,3864.76758,9.0,
8,92,8-92,depok_air_lag6,135.0,8-161,8-162,8-162,4166.625,219.0,
8,93,8-93,manggarai_air_lag1,658.0,8-163,8-164,8-164,11822.9688,4909.0,
8,94,8-94,hour_sin,1.22464685e-16,8-165,8-166,8-166,77943.8359,6.0,
8,95,8-95,time_index,20187.0,8-167,8-168,8-168,2846.39062,141.0,
8,96,8-96,Leaf,,,,,-1.81920171,1.0,
8,97,8-97,Leaf,,,,,5.53437567,14.0,
8,98,8-98,manggarai_air_lag12,651.0,8-169,8-170,8-170,280.757812,10.0,
8,99,8-99,depok_air_lag6,120.0,8-171,8-172,8-172,2416.95312,829.0,
8,100,8-100,manggarai_air_lag2,700.0,8-173,8-174,8-174,2241.67773,232.0,
8,101,8-101,katulampa_air_lag14,56.0,8-175,8-176,8-176,4757.34375,148.0,
8,102,8-102,depok_air_lag9,160.0,8-177,8-178,8-178,12174.0,1371.0,
8,103,8-103,time_index,4269.0,8-179,8-180,8-180,1201.47205,4.0,
8,104,8-104,manggarai_air_lag1,710.0,8-181,8-182,8-182,1851.34375,176.0,
8,105,8-105,manggarai_air_lag1,705.0,8-183,8-184,8-184,6156.1875,678.0,
8,106,8-106,manggarai_air_lag20,675.0,8-185,8-186,8-186,49578.7344,13.0,
8,107,8-107,katulampa_air_lag4,15.0,8-187,8-188,8-188,7057.97656,56.0,
8,108,8-108,depok_air_lag12,155.0,8-189,8-190,8-190,657.0,251.0,
8,109,8-109,manggarai_air_lag21,820.0,8-191,8-192,8-192,48.875,135.0,
8,110,8-110,Leaf,,,,,3.95101404,7.0,
8,111,8-111,Leaf,,,,,4.12656355,28.0,
8,112,8-112,Leaf,,,,,5.41862297,103.0,
8,113,8-113,Leaf,,,,,7.07711363,120.0,
8,114,8-114,Leaf,,,,,1.3407532,1.0,
8,115,8-115,Leaf,,,,,-3.00649548,1453.0,
8,116,8-116,Leaf,,,,,-2.65330958,250.0,
8,117,8-117,Leaf,,,,,0.267657489,2.0,
8,118,8-118,Leaf,,,,,-0.955102563,2.0,
8,119,8-119,Leaf,,,,,-2.25075293,95.0,
8,120,8-120,Leaf,,,,,-0.918115258,4.0,
8,121,8-121,Leaf,,,,,-1.32478225,15.0,
8,122,8-122,Leaf,,,,,0.350830078,3.0,
8,123,8-123,Leaf,,,,,-2.16336775,1406.0,
8,124,8-124,Leaf,,,,,1.70987248,1.0,
8,125,8-125,Leaf,,,,,-1.67582977,2683.0,
8,126,8-126,Leaf,,,,,1.13537216,7.0,
8,127,8-127,Leaf,,,,,-0.287886053,3.0,
8,128,8-128,Leaf,,,,,0.871349514,9.0,
8,129,8-129,Leaf,,,,,2.91790438,8.0,
8,130,8-130,Leaf,,,,,0.970819116,2.0,
8,131,8-131,Leaf,,,,,0.0624684654,5.0,
8,132,8-132,Leaf,,,,,-1.01763475,68.0,
8,133,8-133,Leaf,,,,,-0.147239178,23.0,
8,134,8-134,Leaf,,,,,1.03230679,6.0,
8,135,8-135,Leaf,,,,,-1.32729506,2589.0,
8,136,8-136,Leaf,,,,,-1.10125053,596.0,
8,137,8-137,Leaf,,,,,-0.269379705,89.0,
8,138,8-138,Leaf,,,,,0.493754953,31.0,
8,139,8-139,Leaf,,,,,-1.04347408,550.0,
8,140,8-140,Leaf,,,,,-0.7871086,1160.0,
8,141,8-141,Leaf,,,,,-0.283233643,2.0,
8,142,8-142,Leaf,,,,,0.47052002,2.0,
8,143,8-143,Leaf,,,,,-0.450842291,4.0,
8,144,8-144,Leaf,,,,,0.153344736,1.0,
8,145,8-145,Leaf,,,,,-0.422102988,2060.0,
8,146,8-146,Leaf,,,,,-4.29328108,8.0,
8,147,8-147,Leaf,,,,,-1.37907827,69.0,
8,148,8-148,Leaf,,,,,-0.0226780269,1399.0,
8,149,8-149,Leaf,,,,,1.3709681,29.0,
8,150,8-150,Leaf,,,,,4.13699818,3.0,
8,151,8-151,Leaf,,,,,0.261130422,153.0,
8,152,8-152,Leaf,,,,,2.97027755,3.0,
8,153,8-153,Leaf,,,,,0.98227185,121.0,
8,154,8-154,Leaf,,,,,1.83479905,45.0,
8,155,8-155,Leaf,,,,,0.399736434,2489.0,
8,156,8-156,Leaf,,,,,-1.02817333,25.0,
8,157,8-157,Leaf,,,,,0.957125783,82.0,
8,158,8-158,Leaf,,,,,2.89053512,6.0,
8,159,8-159,Leaf,,,,,5.48202801,6.0,
8,160,8-160,Leaf,,,,,0.853848279,3.0,
8,161,8-161,Leaf,,,,,1.55937302,183.0,
8,162,8-162,Leaf,,,,,2.76507258,36.0,
8,163,8-163,Leaf,,,,,0.861340523,3664.0,
8,164,8-164,Leaf,,,,,1.21928144,1245.0,
8,165,8-165,Leaf,,,,,-20.698782,1.0,
8,166,8-166,Leaf,,,,,2.2949636,5.0,
8,167,8-167,Leaf,,,,,3.32515693,93.0,
8,168,8-168,Leaf,,,,,2.24951434,48.0,
8,169,8-169,Leaf,,,,,3.60343099,8.0,
8,170,8-170,Leaf,,,,,1.22860718,2.0,
8,171,8-171,Leaf,,,,,1.60528016,560.0,
8,172,8-172,Leaf,,,,,1.99135339,269.0,
8,173,8-173,Leaf,,,,,1.18931127,224.0,
8,174,8-174,Leaf,,,,,-0.465207905,8.0,
8,175,8-175,Leaf,,,,,3.25777936,139.0,
8,176,8-176,Leaf,,,,,0.782127082,9.0,
8,177,8-177,Leaf,,,,,2.1637094,1356.0,
8,178,8-178,Leaf,,,,,-0.662199438,15.0,
8,179,8-179,Leaf,,,,,1.25738525,3.0,
8,180,8-180,Leaf,,,,,-1.7540772,1.0,
8,181,8-181,Leaf,,,,,3.822649,116.0,
8,182,8-182,Leaf,,,,,4.7676158,60.0,
8,183,8-183,Leaf,,,,,2.69546866,241.0,
8,184,8-184,Leaf,,,,,3.37218022,437.0,
8,185,8-185,Leaf,,,,,2.34340262,12.0,
8,186,8-186,Leaf,,,,,-14.5691957,1.0,
8,187,8-187,Leaf,,,,,0.431078345,7.0,
8,188,8-188,Leaf,,,,,3.88809967,49.0,
8,189,8-189,Leaf,,,,,4.71737242,152.0,
8,190,8-190,Leaf,,,,,4.05537558,99.0,
8,191,8-191,Leaf,,,,,6.32862806,134.0,
8,192,8-192,Leaf,,,,,1.82341003,1.0,
9,0,9-0,manggarai_air_lag2,630.0,9-1,9-2,9-2,4053404.0,27179.0,
9,1,9-1,manggarai_air_lag4,585.0,9-3,9-4,9-4,456796.5,13271.0,
9,2,9-2,manggarai_air_lag2,680.0,9-5,9-6,9-6,1042451.88,13908.0,
9,3,9-3,manggarai_air_lag20,20.0,9-7,9-8,9-8,69361.25,2979.0,
9,4,9-4,manggarai_air_lag2,605.0,9-9,9-10,9-10,147971.312,10292.0,
9,5,9-5,manggarai_air_lag2,645.0,9-11,9-12,9-12,124166.25,10715.0,
9,6,9-6,manggarai_air_lag2,730.0,9-13,9-14,9-14,315441.25,3193.0,
9,7,9-7,Leaf,,,,,-21.0392742,1.0,
9,8,9-8,manggarai_air_lag7,570.0,9-15,9-16,9-16,46247.5,2978.0,
9,9,9-9,depok_air_lag7,111.0,9-17,9-18,9-18,31724.375,5665.0,
9,10,9-10,depok_air_lag7,145.0,9-19,9-20,9-20,41407.6094,4627.0,
9,11,9-11,depok_air_lag7,120.0,9-21,9-22,9-22,27160.2832,3756.0,
9,12,9-12,depok_air_lag7,125.0,9-23,9-24,9-24,57259.3125,6959.0,
9,13,9-13,depok_air_lag7,137.5,9-25,9-26,9-26,57540.125,2507.0,
9,14,9-14,depok_air_lag8,155.0,9-27,9-28,9-28,70599.625,686.0,
9,15,9-15,manggarai_cuaca_lag5_hujan,1.0,9-29,9-30,9-30,22457.125,1541.0,
9,16,9-16,depok_air_lag8,96.0,9-31,9-32,9-32,14078.1875,1437.0,
9,17,9-17,manggarai_air_lag2,592.5,9-33,9-34,9-34,13471.6875,5540.0,
9,18,9-18,depok_air_lag8,165.0,9-35,9-36,9-36,10632.7188,125.0,
9,19,9-19,manggarai_air_lag2,620.0,9-37,9-38,9-38,20544.1562,4583.0,
9,20,9-20,depok_air_lag8,175.0,9-39,9-40,9-40,4742.88867,44.0,
9,21,9-21,manggarai_air_lag20,630.0,9-41,9-42,9-42,8632.72559,3490.0,
9,22,9-22,depok_air_lag7,165.0,9-43,9-44,9-44,11757.6562,266.0,
9,23,9-23,manggarai_air_lag2,658.0,9-45,9-46,9-46,22257.4375,6316.0,
9,24,9-24,depok_air_lag7,170.0,9-47,9-48,9-48,21468.1719,643.0,
9,25,9-25,manggarai_air_lag2,705.0,9-49,9-50,9-50,11618.4375,2029.0,
9,26,9-26,depok_air_lag14,135.0,9-51,9-52,9-52,21470.2812,478.0,
9,27,9-27,katulampa_air_lag5,29.0,9-53,9-54,9-54,7058.78125,357.0,
9,28,9-28,manggarai_air_lag2,785.0,9-55,9-56,9-56,20089.25,329.0,
9,29,9-29,katulampa_air_lag14,29.0,9-57,9-58,9-58,9508.25,1536.0,
9,30,9-30,time_index,157.0,9-59,9-60,9-60,45797.0625,5.0,
9,31,9-31,manggarai_air_lag2,580.0,9-61,9-62,9-62,6798.375,1357.0,
9,32,9-32,depok_air_lag8,160.0,9-63,9-64,9-64,6893.11279,80.0,
9,33,9-33,depok_cuaca_lag1_hujan,1.0,9-65,9-66,9-66,8465.78125,2260.0,
9,34,9-34,dayofyear_sin,-0.999832988,9-67,9-68,9-68,3540.0,3280.0,
9,35,9-35,depok_air_lag9,102.5,9-69,9-70,9-70,7026.25391,117.0,
9,36,9-36,Leaf,,,,,3.59934092,8.0,
9,37,9-37,depok_cuaca_lag6_hujan,1.0,9-71,9-72,9-72,3934.48438,2437.0,
9,38,9-38,depok_air_lag23,190.0,9-73,9-74,9-74,14806.4355,2146.0,
9,39,9-39,dayofyear_cos,0.598690689,9-75,9-76,9-76,2783.83789,35.0,
9,40,9-40,hour_cos,0.707106769,9-77,9-78,9-78,461.412109,9.0,
9,41,9-41,depok_air_lag3,95.0,9-79,9-80,9-80,8597.04688,721.0,
9,42,9-42,manggarai_air_lag2,635.0,9-81,9-82,9-82,4047.24805,2769.0,
9,43,9-43,time_index,24035.0,9-83,9-84,9-84,3096.91016,233.0,
9,44,9-44,depok_air_lag3,130.0,9-85,9-86,9-86,4537.83594,33.0,
9,45,9-45,katulampa_air_lag4,75.0,9-87,9-88,9-88,9391.28125,4231.0,
9,46,9-46,manggarai_air_lag20,650.0,9-89,9-90,9-90,8005.21875,2085.0,
9,47,9-47,time_index,24567.0,9-91,9-92,9-92,11862.1406,567.0,
9,48,9-48,time_index,26293.0,9-93,9-94,9-94,5978.41406,76.0,
9,49,9-49,depok_air_lag23,96.0,9-95,9-96,9-96,13324.5,1644.0,
9,50,9-50,manggarai_air_lag5,780.0,9-97,9-98,9-98,17632.5781,385.0,
9,51,9-51,depok_air_lag8,185.0,9-99,9-100,9-100,8365.9375,315.0,
9,52,9-52,manggarai_air_lag4,665.0,9-101,9-102,9-102,62136.6875,163.0,
9,53,9-53,depok_air_lag24,125.0,9-103,9-104,9-104,4374.91406,107.0,
9,54,9-54,manggarai_cuaca_lag2_hujan,1.0,9-105,9-106,9-106,4257.71875,250.0,
9,55,9-55,depok_air_lag7,205.0,9-107,9-108,9-108,6939.6875,218.0,
9,56,9-56,depok_air_lag9,215.0,9-109,9-110,9-110,1624.5625,111.0,
9,57,9-57,depok_air_lag9,102.5,9-111,9-112,9-112,8328.125,1526.0,
9,58,9-58,time_index,289.0,9-113,9-114,9-114,31376.9883,10.0,
9,59,9-59,Leaf,,,,,-21.3561401,1.0,
9,60,9-60,Leaf,,,,,-2.16393805,4.0,
9,61,9-61,depok_air_lag9,102.5,9-115,9-116,9-116,847.1875,360.0,
9,62,9-62,katulampa_air_lag3,29.0,9-117,9-118,9-118,4012.53125,997.0,
9,63,9-63,depok_air_lag9,102.5,9-119,9-120,9-120,2397.07666,74.0,
9,64,9-64,time_index,6797.0,9-121,9-122,9-122,73.1091309,6.0,
9,65,9-65,depok_air_lag9,102.5,9-123,9-124,9-124,4235.8125,2184.0,
9,66,9-66,manggarai_cuaca_lag2_hujan,1.0,9-125,9-126,9-126,6699.47266,76.0,
9,67,9-67,depok_air_lag19,86.0,9-127,9-128,9-128,121616.711,53.0,
9,68,9-68,depok_air_lag8,106.0,9-129,9-130,9-130,3292.15625,3227.0,
9,69,9-69,depok_cuaca_lag6_hujan,1.0,9-131,9-132,9-132,4875.02832,75.0,
9,70,9-70,depok_air_lag13,120.0,9-133,9-134,9-134,2535.51416,42.0,
9,71,9-71,depok_air_lag9,111.0,9-135,9-136,9-136,3801.51562,2323.0,
9,72,9-72,hour_cos,1.0,9-137,9-138,9-138,1310.84924,114.0,
9,73,9-73,manggarai_air_lag21,710.0,9-139,9-140,9-140,5143.48242,2140.0,
9,74,9-74,manggarai_air_lag5,625.0,9-141,9-142,9-142,45902.5625,6.0,
9,75,9-75,manggarai_air_lag2,607.5,9-143,9-144,9-144,1791.56445,25.0,
9,76,9-76,dayofyear_sin,-0.677239954,9-145,9-146,9-146,1847.82642,10.0,
9,77,9-77,Leaf,,,,,4.76094961,8.0,
9,78,9-78,Leaf,,,,,1.01771545,1.0,
9,79,9-79,depok_air_lag19,74.0,9-147,9-148,9-148,4189.18652,293.0,
9,80,9-80,katulampa_air_lag5,56.0,9-149,9-150,9-150,2617.44824,428.0,
9,81,9-81,katulampa_air_lag4,75.0,9-151,9-152,9-152,4273.24951,794.0,
9,82,9-82,dayofyear_sin,0.93957001,9-153,9-154,9-154,2522.10547,1975.0,
9,83,9-83,depok_air_lag13,106.0,9-155,9-156,9-156,2608.50977,126.0,
9,84,9-84,depok_air_lag24,74.0,9-157,9-158,9-158,1031.4209,107.0,
9,85,9-85,time_index,18863.0,9-159,9-160,9-160,452.664032,7.0,
9,86,9-86,depok_air_lag14,111.0,9-161,9-162,9-162,687.394531,26.0,
9,87,9-87,manggarai_air_lag17,640.0,9-163,9-164,9-164,7507.75,4215.0,
9,88,9-88,katulampa_air_lag3,35.0,9-165,9-166,9-166,137061.391,16.0,
9,89,9-89,depok_air_lag3,96.0,9-167,9-168,9-168,4588.11719,549.0,
9,90,9-90,manggarai_air_lag14,765.0,9-169,9-170,9-170,6898.125,1536.0,
9,91,9-91,depok_air_lag8,137.5,9-171,9-172,9-172,4482.3125,320.0,
9,92,9-92,hour_cos,1.0,9-173,9-174,9-174,26032.7793,247.0,
9,93,9-93,depok_air_lag7,210.0,9-175,9-176,9-176,1559.89844,52.0,
9,94,9-94,depok_air_lag3,125.0,9-177,9-178,9-178,2308.83496,24.0,
9,95,9-95,depok_air_lag20,180.0,9-179,9-180,9-180,12376.5977,259.0,
9,96,9-96,manggarai_air_lag17,651.0,9-181,9-182,9-182,4165.9375,1385.0,
9,97,9-97,depok_air_lag7,96.0,9-183,9-184,9-184,5228.39062,380.0,
9,98,9-98,dayofyear_sin,-0.803547621,9-185,9-186,9-186,34988.9961,5.0,
9,99,9-99,time_index,13697.0,9-187,9-188,9-188,3083.59375,263.0,
9,100,9-100,time_index,14893.0,9-189,9-190,9-190,650.929688,52.0,
9,101,9-101,dayofyear_sin,0.661263466,9-191,9-192,9-192,80834.4766,3.0,
9,102,9-102,katulampa_air_lag19,110.0,9-193,9-194,9-194,17435.0,160.0,
9,103,9-103,depok_air_lag8,125.0,9-195,9-196,9-196,3372.3125,94.0,
9,104,9-104,hour_cos,-0.866025388,9-197,9-198,9-198,17839.3945,13.0,
9,105,9-105,manggarai_air_lag4,651.0,9-199,9-200,9-200,2281.71875,213.0,
9,106,9-106,dayofyear_cos,0.687457204,9-201,9-202,9-202,2079.96875,37.0,
9,107,9-107,manggarai_air_lag2,745.0,9-203,9-204,9-204,3213.5625,174.0,
9,108,9-108,Leaf,,,,,6.39130211,44.0,
9,109,9-109,Leaf,,,,,6.26553059,71.0,
9,110,9-110,Leaf,,,,,7.82235718,40.0,
9,111,9-111,Leaf,,,,,-2.68657708,1517.0,
9,112,9-112,Leaf,,,,,0.329935312,9.0,
9,113,9-113,Leaf,,,,,-14.523798,2.0,
9,114,9-114,Leaf,,,,,-2.16146255,8.0,
9,115,9-115,Leaf,,,,,-2.39059782,359.0,
9,116,9-116,Leaf,,,,,0.275006115,1.0,
9,117,9-117,Leaf,,,,,-1.886145,982.0,
9,118,9-118,Leaf,,,,,-0.222267911,15.0,
9,119,9-119,Leaf,,,,,-1.44389403,38.0,
9,120,9-120,Leaf,,,,,-0.301719397,36.0,
9,121,9-121,Leaf,,,,,2.58063269,5.0,
9,122,9-122,Leaf,,,,,0.625750721,1.0,
9,123,9-123,Leaf,,,,,-1.56033456,2163.0,
9,124,9-124,Leaf,,,,,-0.126905411,21.0,
9,125,9-125,Leaf,,,,,-0.949546039,60.0,
9,126,9-126,Leaf,,,,,1.29883754,16.0,
9,127,9-127,Leaf,,,,,-1.05823553,52.0,
9,128,9-128,Leaf,,,,,-26.219471,1.0,
9,129,9-129,Leaf,,,,,-1.18915308,3182.0,
9,130,9-130,Leaf,,,,,-0.319338322,45.0,
9,131,9-131,Leaf,,,,,-0.749350429,71.0,
9,132,9-132,Leaf,,,,,2.48949337,4.0,
9,133,9-133,Leaf,,,,,0.554781735,31.0,
9,134,9-134,Leaf,,,,,2.29533911,11.0,
9,135,9-135,Leaf,,,,,-0.794505,2294.0,
9,136,9-136,Leaf,,,,,0.347546399,29.0,
9,137,9-137,Leaf,,,,,-0.284012794,104.0,
9,138,9-138,Leaf,,,,,0.864738405,10.0,
9,139,9-139,Leaf,,,,,-0.282774627,2067.0,
9,140,9-140,Leaf,,,,,-1.13206923,73.0,
9,141,9-141,Leaf,,,,,-17.7248631,1.0,
9,142,9-142,Leaf,,,,,0.167615756,5.0,
9,143,9-143,Leaf,,,,,0.583271265,5.0,
9,144,9-144,Leaf,,,,,2.83002996,20.0,
9,145,9-145,Leaf,,,,,-1.38670194,3.0,
9,146,9-146,Leaf,,,,,1.25659716,7.0,
9,147,9-147,Leaf,,,,,-1.71735537,27.0,
9,148,9-148,Leaf,,,,,-0.427010149,266.0,
9,149,9-149,Leaf,,,,,0.116393663,421.0,
9,150,9-150,Leaf,,,,,1.94306338,7.0,
9,151,9-151,Leaf,,,,,0.0406783484,788.0,
9,152,9-152,Leaf,,,,,2.52248549,6.0,
9,153,9-153,Leaf,,,,,0.354102492,1889.0,
9,154,9-154,Leaf,,,,,-0.197757974,86.0,
9,155,9-155,Leaf,,,,,1.58911288,89.0,
9,156,9-156,Leaf,,,,,0.569936514,37.0,
9,157,9-157,Leaf,,,,,-0.871323228,4.0,
9,158,9-158,Leaf,,,,,0.620846808,103.0,
9,159,9-159,Leaf,,,,,1.57011521,2.0,
9,160,9-160,Leaf,,,,,0.0135874441,5.0,
9,161,9-161,Leaf,,,,,3.81229281,22.0,
9,162,9-162,Leaf,,,,,1.65819347,4.0,
9,163,9-163,Leaf,,,,,0.324957639,386.0,
9,164,9-164,Leaf,,,,,0.788839281,3829.0,
9,165,9-165,Leaf,,,,,-26.229105,1.0,
9,166,9-166,Leaf,,,,,1.56220245,15.0,
9,167,9-167,Leaf,,,,,0.254153043,119.0,
9,168,9-168,Leaf,,,,,0.958219647,430.0,
9,169,9-169,Leaf,,,,,1.28438222,1506.0,
9,170,9-170,Leaf,,,,,-0.239674613,30.0,
9,171,9-171,Leaf,,,,,1.76046789,212.0,
9,172,9-172,Leaf,,,,,2.58480239,108.0,
9,173,9-173,Leaf,,,,,1.28451848,241.0,
9,174,9-174,Leaf,,,,,-4.91607237,6.0,
9,175,9-175,Leaf,,,,,3.56521726,41.0,
9,176,9-176,Leaf,,,,,5.40803051,11.0,
9,177,9-177,Leaf,,,,,-0.163664564,4.0,
9,178,9-178,Leaf,,,,,2.41867995,20.0,
9,179,9-179,Leaf,,,,,1.31976521,255.0,
9,180,9-180,Leaf,,,,,-3.73422241,4.0,
9,181,9-181,Leaf,,,,,1.69308078,331.0,
9,182,9-182,Leaf,,,,,2.11862254,1054.0,
9,183,9-183,Leaf,,,,,0.707965076,15.0,
9,184,9-184,Leaf,,,,,2.66972709,365.0,
9,185,9-185,Leaf,,,,,-13.8407364,1.0,
9,186,9-186,Leaf,,,,,1.97702277,4.0,
9,187,9-187,Leaf,,,,,3.92752576,109.0,
9,188,9-188,Leaf,,,,,3.11203694,154.0,
9,189,9-189,Leaf,,,,,5.76528502,21.0,
9,190,9-190,Leaf,,,,,4.23435831,31.0,
9,191,9-191,Leaf,,,,,2.81538701,2.0,
9,192,9-192,Leaf,,,,,-24.4166546,1.0,
9,193,9-193,Leaf,,,,,2.70232606,158.0,
9,194,9-194,Leaf,,,,,-5.13654184,2.0,
9,195,9-195,Leaf,,,,,2.24300241,34.0,
9,196,9-196,Leaf,,,,,3.64385962,60.0,
9,197,9-197,Leaf,,,,,-7.79604483,1.0,
9,198,9-198,Leaf,,,,,2.38077021,12.0,
9,199,9-199,Leaf,,,,,-0.530102551,1.0,
9,200,9-200,Leaf,,,,,3.7863183,212.0,
9,201,9-201,Leaf,,,,,5.53071165,30.0,
9,202,9-202,Leaf,,,,,2.83445048,7.0,
9,203,9-203,Leaf,,,,,3.98504257,62.0,
9,204,9-204,Leaf,,,,,5.14739561,112.0,
10,0,10-0,manggarai_air_lag1,635.0,10-1,10-2,10-2,3713432.75,27258.0,
10,1,10-1,manggarai_air_lag1,595.0,10-3,10-4,10-4,452259.625,14458.0,
10,2,10-2,manggarai_air_lag1,694.0,10-5,10-6,10-6,1034051.25,12800.0,
10,3,10-3,manggarai_air_lag15,575.0,10-7,10-8,10-8,75279.25,5236.0,
10,4,10-4,manggarai_air_lag1,612.5,10-9,10-10,10-10,102442.562,9222.0,
10,5,10-5,manggarai_air_lag1,665.0,10-11,10-12,10-12,201434.625,10996.0,
10,6,10-6,manggarai_air_lag1,745.0,10-13,10-14,10-14,169222.75,1804.0,
10,7,10-7,manggarai_air_lag1,565.0,10-15,10-16,10-16,3222.875,1693.0,
10,8,10-8,depok_air_lag7,20.0,10-17,10-18,10-18,27359.625,3543.0,
10,9,10-9,manggarai_air_lag1,605.0,10-19,10-20,10-20,12988.0312,5205.0,
10,10,10-10,manggarai_air_lag4,570.0,10-21,10-22,10-22,26377.207,4017.0,
10,11,10-11,manggarai_air_lag1,650.0,10-23,10-24,10-24,43313.3125,8395.0,
10,12,10-12,depok_air_lag6,155.0,10-25,10-26,10-26,15896.25,2601.0,
10,13,10-13,manggarai_air_lag1,720.0,10-27,10-28,10-28,25981.5,1340.0,
10,14,10-14,manggarai_air_lag1,770.0,10-29,10-30,10-30,24332.75,464.0,
10,15,10-15,manggarai_air_lag1,555.0,10-31,10-32,10-32,494.8125,1452.0,
10,16,10-16,depok_air_lag7,120.0,10-33,10-34,10-34,1323.16406,241.0,
10,17,10-17,time_index,289.0,10-35,10-36,10-36,40888.1523,3.0,
10,18,10-18,manggarai_air_lag4,635.0,10-37,10-38,10-38,19647.3125,3540.0,
10,19,10-19,depok_air_lag7,165.0,10-39,10-40,10-40,4032.65625,3400.0,
10,20,10-20,depok_air_lag6,160.0,10-41,10-42,10-42,8883.83594,1805.0,
10,21,10-21,time_index,289.0,10-43,10-44,10-44,58779.3398,5.0,
10,22,10-22,manggarai_air_lag1,625.0,10-45,10-46,10-46,11330.9316,4012.0,
10,23,10-23,depok_air_lag6,125.0,10-47,10-48,10-48,5546.98438,3153.0,
10,24,10-24,depok_air_lag6,150.0,10-49,10-50,10-50,10787.5938,5242.0,
10,25,10-25,depok_air_lag13,135.0,10-51,10-52,10-52,11278.75,2484.0,
10,26,10-26,depok_air_lag7,190.0,10-53,10-54,10-54,3012.52344,117.0,
10,27,10-27,manggarai_air_lag4,694.0,10-55,10-56,10-56,14935.5625,860.0,
10,28,10-28,depok_air_lag12,155.0,10-57,10-58,10-58,8510.3125,480.0,
10,29,10-29,manggarai_air_lag4,780.0,10-59,10-60,10-60,3530.5,236.0,
10,30,10-30,manggarai_air_lag1,815.0,10-61,10-62,10-62,8922.125,228.0,
10,31,10-31,Leaf,,,,,-3.09944344,24.0,
10,32,10-32,depok_air_lag10,102.5,10-63,10-64,10-64,259.9375,1428.0,
10,33,10-33,depok_air_lag12,95.0,10-65,10-66,10-66,683.96875,236.0,
10,34,10-34,hour_sin,1.0,10-67,10-68,10-68,235.797867,5.0,
10,35,10-35,Leaf,,,,,-19.9873104,1.0,
10,36,10-36,time_index,4137.0,10-69,10-70,10-70,13.4999199,2.0,
10,37,10-37,manggarai_air_lag1,586.0,10-71,10-72,10-72,10565.625,3520.0,
10,38,10-38,manggarai_air_lag4,645.0,10-73,10-74,10-74,1057.56885,20.0,
10,39,10-39,depok_air_lag8,150.0,10-75,10-76,10-76,2342.15625,3392.0,
10,40,10-40,time_index,25496.0,10-77,10-78,10-78,1221.41187,8.0,
10,41,10-41,manggarai_air_lag4,625.0,10-79,10-80,10-80,3585.9375,1791.0,
10,42,10-42,hour_sin,1.0,10-81,10-82,10-82,2485.10645,14.0,
10,43,10-43,Leaf,,,,,-20.9177094,1.0,
10,44,10-44,time_index,13301.0,10-83,10-84,10-84,51.9162292,4.0,
10,45,10-45,depok_air_lag23,190.0,10-85,10-86,10-86,9068.01562,2273.0,
10,46,10-46,depok_air_lag6,85.0,10-87,10-88,10-88,9263.78809,1739.0,
10,47,10-47,manggarai_air_lag4,651.0,10-89,10-90,10-90,4231.80469,2981.0,
10,48,10-48,time_index,24567.0,10-91,10-92,10-92,3159.85742,172.0,
10,49,10-49,manggarai_air_lag1,658.0,10-93,10-94,10-94,7415.71875,5150.0,
10,50,10-50,manggarai_air_lag4,650.0,10-95,10-96,10-96,3746.25391,92.0,
10,51,10-51,manggarai_air_lag1,675.0,10-97,10-98,10-98,8141.875,1879.0,
10,52,10-52,depok_air_lag9,160.0,10-99,10-100,10-100,48951.0703,605.0,
10,53,10-53,depok_air_lag13,85.0,10-101,10-102,10-102,1769.85156,96.0,
10,54,10-54,depok_air_lag9,125.0,10-103,10-104,10-104,1724.89062,21.0,
10,55,10-55,manggarai_air_lag6,565.0,10-105,10-106,10-106,8431.625,394.0,
10,56,10-56,depok_air_lag14,225.0,10-107,10-108,10-108,9159.40625,466.0,
10,57,10-57,depok_air_lag6,180.0,10-109,10-110,10-110,2816.96875,319.0,
10,58,10-58,katulampa_air_lag4,15.0,10-111,10-112,10-112,2736.14062,161.0,
10,59,10-59,depok_air_lag6,175.0,10-113,10-114,10-114,432.21875,198.0,
10,60,10-60,Leaf,,,,,3.25583577,38.0,
10,61,10-61,depok_air_lag16,155.0,10-115,10-116,10-116,2077.625,191.0,
10,62,10-62,Leaf,,,,,7.49455357,37.0,
10,63,10-63,manggarai_cuaca_lag2_hujan,1.0,10-117,10-118,10-118,102.6875,1427.0,
10,64,10-64,Leaf,,,,,-0.369287103,1.0,
10,65,10-65,depok_air_lag9,102.5,10-119,10-120,10-120,253.867188,227.0,
10,66,10-66,depok_air_lag12,111.0,10-121,10-122,10-122,41.0418701,9.0,
10,67,10-67,depok_air_lag7,125.0,10-123,10-124,10-124,25.8093262,4.0,
10,68,10-68,Leaf,,,,,0.650155663,1.0,
10,69,10-69,Leaf,,,,,0.312985241,1.0,
10,70,10-70,Leaf,,,,,-0.0785705596,1.0,
10,71,10-71,depok_air_lag7,160.0,10-125,10-126,10-126,4251.625,1555.0,
10,72,10-72,manggarai_cuaca_lag7_hujan,1.0,10-127,10-128,10-128,4042.4375,1965.0,
10,73,10-73,dayofyear_cos,-0.33628872,10-129,10-130,10-130,21.8594074,5.0,
10,74,10-74,depok_air_lag3,106.0,10-131,10-132,10-132,286.478516,15.0,
10,75,10-75,manggarai_air_lag1,598.0,10-133,10-134,10-134,1611.09375,3390.0,
10,76,10-76,Leaf,,,,,1.7761271,2.0,
10,77,10-77,manggarai_air_lag9,602.5,10-135,10-136,10-136,395.606201,7.0,
10,78,10-78,Leaf,,,,,-1.34348762,1.0,
10,79,10-79,manggarai_air_lag4,602.5,10-137,10-138,10-138,1571.8125,1673.0,
10,80,10-80,katulampa_air_lag21,29.0,10-139,10-140,10-140,12404.5742,118.0,
10,81,10-81,manggarai_air_lag17,640.0,10-141,10-142,10-142,932.950195,11.0,
10,82,10-82,time_index,4405.0,10-143,10-144,10-144,152.209656,3.0,
10,83,10-83,Leaf,,,,,0.469778448,1.0,
10,84,10-84,time_index,26558.0,10-145,10-146,10-146,3.62564087,3.0,
10,85,10-85,depok_air_lag8,125.0,10-147,10-148,10-148,5617.06641,2264.0,
10,86,10-86,manggarai_air_lag6,635.0,10-149,10-150,10-150,44892.0898,9.0,
10,87,10-87,manggarai_cuaca_lag12_hujan,1.0,10-151,10-152,10-152,65067.707,70.0,
10,88,10-88,manggarai_air_lag4,635.0,10-153,10-154,10-154,4892.0293,1669.0,
10,89,10-89,manggarai_air_lag6,520.0,10-155,10-156,10-156,1766.35156,2631.0,
10,90,10-90,depok_air_lag7,100.0,10-157,10-158,10-158,1344.22302,350.0,
10,91,10-91,depok_air_lag3,175.0,10-159,10-160,10-160,2196.0293,111.0,
10,92,10-92,manggarai_air_lag7,602.5,10-161,10-162,10-162,2761.14453,61.0,
10,93,10-93,manggarai_air_lag4,665.0,10-163,10-164,10-164,4849.04688,3837.0,
10,94,10-94,depok_air_lag23,190.0,10-165,10-166,10-166,16223.1875,1313.0,
10,95,10-95,depok_air_lag13,125.0,10-167,10-168,10-168,361.310547,32.0,
10,96,10-96,katulampa_air_lag4,29.0,10-169,10-170,10-170,1429.01953,60.0,
10,97,10-97,manggarai_air_lag6,690.0,10-171,10-172,10-172,4852.23438,712.0,
10,98,10-98,depok_air_lag8,137.5,10-173,10-174,10-174,4006.09375,1167.0,
10,99,10-99,depok_air_lag13,190.0,10-175,10-176,10-176,3717.15625,601.0,
10,100,10-100,time_index,20719.0,10-177,10-178,10-178,70379.2031,4.0,
10,101,10-101,Leaf,,,,,4.25391436,6.0,
10,102,10-102,katulampa_air_lag5,90.0,10-179,10-180,10-180,569.640625,90.0,
10,103,10-103,katulampa_air_lag14,29.0,10-181,10-182,10-182,158.902344,20.0,
10,104,10-104,Leaf,,,,,-0.0529876724,1.0,
10,105,10-105,Leaf,,,,,-3.81118464,1.0,
10,106,10-106,depok_air_lag6,170.0,10-183,10-184,10-184,4236.15625,393.0,
10,107,10-107,katulampa_air_lag19,110.0,10-185,10-186,10-186,5714.23438,457.0,
10,108,10-108,manggarai_air_lag6,785.0,10-187,10-188,10-188,37004.8164,9.0,
10,109,10-109,manggarai_air_lag4,750.0,10-189,10-190,10-190,495.875,278.0,
10,110,10-110,Leaf,,,,,4.72302723,41.0,
10,111,10-111,manggarai_air_lag17,685.0,10-191,10-192,10-192,7962.37939,17.0,
10,112,10-112,manggarai_air_lag9,765.0,10-193,10-194,10-194,1071.78906,144.0,
10,113,10-113,manggarai_air_lag12,585.0,10-195,10-196,10-196,380.46875,161.0,
10,114,10-114,dayofyear_cos,0.861146748,10-197,10-198,10-198,181.015625,37.0,
10,115,10-115,depok_air_lag6,170.0,10-199,10-200,10-200,201.46875,142.0,
10,116,10-116,depok_air_lag13,150.0,10-201,10-202,10-202,1592.8125,49.0,
10,117,10-117,Leaf,,,,,-2.4362185,1423.0,
10,118,10-118,Leaf,,,,,-1.25545537,4.0,
10,119,10-119,Leaf,,,,,-2.09597158,226.0,
10,120,10-120,Leaf,,,,,-0.232699588,1.0,
10,121,10-121,Leaf,,,,,-1.13764656,7.0,
10,122,10-122,Leaf,,,,,-0.3515971,2.0,
10,123,10-123,Leaf,,,,,-0.095129393,1.0,
10,124,10-124,Leaf,,,,,-0.777830541,3.0,
10,125,10-125,Leaf,,,,,-1.78795087,1550.0,
10,126,10-126,Leaf,,,,,0.97652483,5.0,
10,127,10-127,Leaf,,,,,-1.40750253,1939.0,
10,128,10-128,Leaf,,,,,-2.67016315,26.0,
10,129,10-129,Leaf,,,,,-0.133032233,1.0,
10,130,10-130,Leaf,,,,,0.286010742,4.0,
10,131,10-131,Leaf,,,,,1.21796536,8.0,
10,132,10-132,Leaf,,,,,2.43482971,7.0,
10,133,10-133,Leaf,,,,,-1.22310674,744.0,
10,134,10-134,Leaf,,,,,-1.0506233,2646.0,
10,135,10-135,Leaf,,,,,1.94143677,5.0,
10,136,10-136,Leaf,,,,,0.203184009,2.0,
10,137,10-137,Leaf,,,,,-0.460275024,197.0,
10,138,10-138,Leaf,,,,,-0.76535511,1476.0,
10,139,10-139,Leaf,,,,,-0.983022213,109.0,
10,140,10-140,Leaf,,,,,-4.68650627,9.0,
10,141,10-141,Leaf,,,,,2.60368705,10.0,
10,142,10-142,Leaf,,,,,-0.309579462,1.0,
10,143,10-143,Leaf,,,,,0.20186463,1.0,
10,144,10-144,Leaf,,,,,-1.05850422,2.0,
10,145,10-145,Leaf,,,,,-0.211195871,2.0,
10,146,10-146,Leaf,,,,,0.00439453125,1.0,
10,147,10-147,Leaf,,,,,-0.434937,2236.0,
10,148,10-148,Leaf,,,,,0.967955112,28.0,
10,149,10-149,Leaf,,,,,-16.8386211,1.0,
10,150,10-150,Leaf,,,,,-0.0783121809,8.0,
10,151,10-151,Leaf,,,,,-0.463473946,67.0,
10,152,10-152,Leaf,,,,,-13.6019812,3.0,
10,153,10-153,Leaf,,,,,0.0735916421,1135.0,
10,154,10-154,Leaf,,,,,-0.293162674,534.0,
10,155,10-155,Leaf,,,,,-1.52514291,4.0,
10,156,10-156,Leaf,,,,,0.363065481,2627.0,
10,157,10-157,Leaf,,,,,-0.365043908,81.0,
10,158,10-158,Leaf,,,,,0.0972519293,269.0,
10,159,10-159,Leaf,,,,,1.10643852,107.0,
10,160,10-160,Leaf,,,,,3.32040524,4.0,
10,161,10-161,Leaf,,,,,-3.35347605,1.0,
10,162,10-162,Leaf,,,,,0.429182112,60.0,
10,163,10-163,Leaf,,,,,0.761259198,3517.0,
10,164,10-164,Leaf,,,,,0.353040695,320.0,
10,165,10-165,Leaf,,,,,1.03678489,1302.0,
10,166,10-166,Leaf,,,,,-2.66841292,11.0,
10,167,10-167,Leaf,,,,,2.82682967,31.0,
10,168,10-168,Leaf,,,,,0.405337542,1.0,
10,169,10-169,Leaf,,,,,0.31750235,11.0,
10,170,10-170,Leaf,,,,,1.61013377,49.0,
10,171,10-171,Leaf,,,,,1.57094121,576.0,
10,172,10-172,Leaf,,,,,0.894879162,136.0,
10,173,10-173,Leaf,,,,,1.81811929,1065.0,
10,174,10-174,Leaf,,,,,2.49937677,102.0,
10,175,10-175,Leaf,,,,,1.3305043,588.0,
10,176,10-176,Leaf,,,,,-0.354834884,13.0,
10,177,10-177,Leaf,,,,,-23.1958218,1.0,
10,178,10-178,Leaf,,,,,0.776728809,3.0,
10,179,10-179,Leaf,,,,,2.3857429,87.0,
10,180,10-180,Leaf,,,,,0.682542443,3.0,
10,181,10-181,Leaf,,,,,4.31655931,18.0,
10,182,10-182,Leaf,,,,,1.68120515,2.0,
10,183,10-183,Leaf,,,,,2.91639781,358.0,
10,184,10-184,Leaf,,,,,4.17185497,35.0,
10,185,10-185,Leaf,,,,,2.27843285,445.0,
10,186,10-186,Leaf,,,,,0.0618699305,12.0,
10,187,10-187,Leaf,,,,,1.90474379,8.0,
10,188,10-188,Leaf,,,,,-13.1486998,1.0,
10,189,10-189,Leaf,,,,,3.71032572,254.0,
10,190,10-190,Leaf,,,,,2.8165772,24.0,
10,191,10-191,Leaf,,,,,2.32458925,15.0,
10,192,10-192,Leaf,,,,,-3.36467481,2.0,
10,193,10-193,Leaf,,,,,3.11388659,126.0,
10,194,10-194,Leaf,,,,,2.02454805,18.0,
10,195,10-195,Leaf,,,,,0.982019067,1.0,
10,196,10-196,Leaf,,,,,4.36593008,160.0,
10,197,10-197,Leaf,,,,,5.31474495,36.0,
10,198,10-198,Leaf,,,,,1.42785954,1.0,
10,199,10-199,Leaf,,,,,5.35514212,86.0,
10,200,10-200,Leaf,,,,,6.36876345,56.0,
10,201,10-201,Leaf,,,,,1.13033247,2.0,
10,202,10-202,Leaf,,,,,4.74411058,47.0,
11,0,11-0,manggarai_air_lag1,630.0,11-1,11-2,11-2,2976724.75,27219.0,
11,1,11-1,manggarai_air_lag1,595.0,11-3,11-4,11-4,293654.375,13261.0,
11,2,11-2,manggarai_air_lag1,694.0,11-5,11-6,11-6,911365.75,13958.0,
11,3,11-3,manggarai_air_lag20,575.0,11-7,11-8,11-8,67949.875,5197.0,
11,4,11-4,manggarai_air_lag1,607.5,11-9,11-10,11-10,50544.4688,8064.0,
11,5,11-5,manggarai_air_lag1,658.0,11-11,11-12,11-12,206236.125,12153.0,
11,6,11-6,manggarai_air_lag1,750.0,11-13,11-14,11-14,147541.125,1805.0,
11,7,11-7,depok_air_lag7,20.0,11-15,11-16,11-16,56154.5,1714.0,
11,8,11-8,manggarai_air_lag2,630.0,11-17,11-18,11-18,18218.125,3483.0,
11,9,11-9,depok_air_lag9,155.0,11-19,11-20,11-20,4797.40625,4054.0,
11,10,11-10,manggarai_air_lag1,620.0,11-21,11-22,11-22,8294.25,4010.0,
11,11,11-11,manggarai_air_lag1,645.0,11-23,11-24,11-24,36991.4219,8209.0,
11,12,11-12,manggarai_air_lag1,675.0,11-25,11-26,11-26,32734.25,3944.0,
11,13,11-13,manggarai_air_lag1,720.0,11-27,11-28,11-28,29954.125,1395.0,
11,14,11-14,manggarai_air_lag1,800.0,11-29,11-30,11-30,20470.6875,410.0,
11,15,11-15,Leaf,,,,,-18.9879436,1.0,
11,16,11-16,manggarai_cuaca_lag4_hujan,1.0,11-31,11-32,11-32,11867.875,1713.0,
11,17,11-17,manggarai_air_lag1,587.5,11-33,11-34,11-34,10737.875,3460.0,
11,18,11-18,depok_air_lag8,120.0,11-35,11-36,11-36,1045.72705,23.0,
11,19,11-19,dayofyear_sin,-0.999832988,11-37,11-38,11-38,2794.4375,4052.0,
11,20,11-20,Leaf,,,,,3.09296679,2.0,
11,21,11-21,manggarai_air_lag2,607.5,11-39,11-40,11-40,3304.94531,1832.0,
11,22,11-22,depok_air_lag23,190.0,11-41,11-42,11-42,7166.27148,2178.0,
11,23,11-23,manggarai_air_lag2,630.0,11-43,11-44,11-44,6627.41309,3762.0,
11,24,11-24,manggarai_air_lag2,640.0,11-45,11-46,11-46,12173.0156,4447.0,
11,25,11-25,manggarai_air_lag2,660.0,11-47,11-48,11-48,16032.6719,2295.0,
11,26,11-26,manggarai_air_lag2,675.0,11-49,11-50,11-50,19222.375,1649.0,
11,27,11-27,manggarai_air_lag4,700.0,11-51,11-52,11-52,9771.59375,860.0,
11,28,11-28,manggarai_air_lag2,730.0,11-53,11-54,11-54,8146.3125,535.0,
11,29,11-29,manggarai_air_lag4,760.0,11-55,11-56,11-56,5413.625,335.0,
11,30,11-30,Leaf,,,,,6.3380065,75.0,
11,31,11-31,manggarai_cuaca_lag1_hujan,1.0,11-57,11-58,11-58,5776.125,1706.0,
11,32,11-32,hour_cos,-0.258819044,11-59,11-60,11-60,32888.4141,7.0,
11,33,11-33,manggarai_air_lag2,625.0,11-61,11-62,11-62,4017.6875,1558.0,
11,34,11-34,manggarai_cuaca_lag1_hujan,1.0,11-63,11-64,11-64,8146.65625,1902.0,
11,35,11-35,dayofyear_sin,0.950790346,11-65,11-66,11-66,631.197815,15.0,
11,36,11-36,manggarai_air_lag12,685.0,11-67,11-68,11-68,8.6171875,8.0,
11,37,11-37,depok_air_lag20,92.5,11-69,11-70,11-70,111512.484,60.0,
11,38,11-38,depok_air_lag6,145.0,11-71,11-72,11-72,2476.0,3992.0,
11,39,11-39,depok_air_lag8,145.0,11-73,11-74,11-74,912.346619,116.0,
11,40,11-40,manggarai_air_lag2,700.0,11-75,11-76,11-76,2246.6875,1716.0,
11,41,11-41,manggarai_air_lag2,607.5,11-77,11-78,11-78,6526.22461,2168.0,
11,42,11-42,manggarai_air_lag5,625.0,11-79,11-80,11-80,42210.2344,10.0,
11,43,11-43,manggarai_cuaca_lag12_hujan,1.0,11-81,11-82,11-82,17734.3652,223.0,
11,44,11-44,manggarai_air_lag1,640.0,11-83,11-84,11-84,7576.49219,3539.0,
11,45,11-45,depok_air_lag7,160.0,11-85,11-86,11-86,943.314453,104.0,
11,46,11-46,depok_air_lag8,170.0,11-87,11-88,11-88,27704.1875,4343.0,
11,47,11-47,manggarai_air_lag4,598.0,11-89,11-90,11-90,3427.60938,238.0,
11,48,11-48,manggarai_air_lag1,670.0,11-91,11-92,11-92,5836.0,2057.0,
11,49,11-49,hour_cos,-0.5,11-93,11-94,11-94,5288.14062,224.0,
11,50,11-50,depok_air_lag9,160.0,11-95,11-96,11-96,16685.9062,1425.0,
11,51,11-51,manggarai_air_lag5,570.0,11-97,11-98,11-98,7086.84375,424.0,
11,52,11-52,manggarai_air_lag5,780.0,11-99,11-100,11-100,6824.85938,436.0,
11,53,11-53,manggarai_air_lag2,700.0,11-101,11-102,11-102,1864.4375,223.0,
11,54,11-54,manggarai_air_lag1,732.5,11-103,11-104,11-104,4714.09375,312.0,
11,55,11-55,manggarai_air_lag1,760.0,11-105,11-106,11-106,2389.0,205.0,
11,56,11-56,manggarai_air_lag1,760.0,11-107,11-108,11-108,1318.39062,130.0,
11,57,11-57,manggarai_air_lag1,575.0,11-109,11-110,11-110,2940.3125,1691.0,
11,58,11-58,manggarai_air_lag1,580.0,11-111,11-112,11-112,2413.48022,15.0,
11,59,11-59,time_index,157.0,11-113,11-114,11-114,20117.9258,2.0,
11,60,11-60,time_index,17929.0,11-115,11-116,11-116,1461.8186,5.0,
11,61,11-61,manggarai_air_lag2,575.0,11-117,11-118,11-118,3497.59375,1557.0,
11,62,11-62,Leaf,,,,,-6.23818684,1.0,
11,63,11-63,depok_air_lag9,111.0,11-119,11-120,11-120,3493.4375,1869.0,
11,64,11-64,hour_sin,-0.707106769,11-121,11-122,11-122,4368.49414,33.0,
11,65,11-65,manggarai_air_lag7,645.0,11-123,11-124,11-124,108.332794,12.0,
11,66,11-66,Leaf,,,,,1.88122559,3.0,
11,67,11-67,Leaf,,,,,2.35204172,7.0,
11,68,11-68,Leaf,,,,,0.658319116,1.0,
11,69,11-69,manggarai_air_lag12,602.5,11-125,11-126,11-126,492.334473,59.0,
11,70,11-70,Leaf,,,,,-24.8559666,1.0,
11,71,11-71,manggarai_air_lag1,598.0,11-127,11-128,11-128,2335.6875,3964.0,
11,72,11-72,depok_cuaca_lag6_hujan,1.0,11-129,11-130,11-130,1641.3678,28.0,
11,73,11-73,depok_cuaca_lag5_hujan,1.0,11-131,11-132,11-132,854.572754,113.0,
11,74,11-74,Leaf,,,,,1.40558171,3.0,
11,75,11-75,manggarai_cuaca_lag12_hujan,1.0,11-133,11-134,11-134,2774.21094,1715.0,
11,76,11-76,Leaf,,,,,2.74740601,1.0,
11,77,11-77,depok_air_lag6,102.5,11-135,11-136,11-136,1843.64478,57.0,
11,78,11-78,manggarai_air_lag4,598.0,11-137,11-138,11-138,7455.7207,2111.0,
11,79,11-79,Leaf,,,,,-15.9966888,1.0,
11,80,11-80,manggarai_air_lag17,607.5,11-139,11-140,11-140,230.718063,9.0,
11,81,11-81,time_index,26824.0,11-141,11-142,11-142,1382.05273,209.0,
11,82,11-82,dayofyear_sin,0.566361904,11-143,11-144,11-144,124767.047,14.0,
11,83,11-83,manggarai_air_lag9,520.0,11-145,11-146,11-146,3468.91113,1410.0,
11,84,11-84,manggarai_air_lag2,645.0,11-147,11-148,11-148,3073.5293,2129.0,
11,85,11-85,manggarai_air_lag6,675.0,11-149,11-150,11-150,951.748047,93.0,
11,86,11-86,Leaf,,,,,2.62071681,11.0,
11,87,11-87,katulampa_air_lag4,75.0,11-151,11-152,11-152,9528.07812,4338.0,
11,88,11-88,time_index,30677.0,11-153,11-154,11-154,52695.0234,5.0,
11,89,11-89,dayofyear_sin,0.616621196,11-155,11-156,11-156,1627.75781,16.0,
11,90,11-90,depok_air_lag6,135.0,11-157,11-158,11-158,2850.07031,222.0,
11,91,11-91,manggarai_air_lag15,770.0,11-159,11-160,11-160,7593.42969,1351.0,
11,92,11-92,manggarai_air_lag2,680.0,11-161,11-162,11-162,3864.15625,706.0,
11,93,11-93,manggarai_cuaca_lag2_hujan,1.0,11-163,11-164,11-164,3886.43701,31.0,
11,94,11-94,manggarai_air_lag2,650.0,11-165,11-166,11-166,4194.54688,193.0,
11,95,11-95,depok_air_lag6,96.0,11-167,11-168,11-168,3471.9375,1415.0,
11,96,11-96,manggarai_cuaca_lag4_hujan,1.0,11-169,11-170,11-170,93906.3516,10.0,
11,97,11-97,Leaf,,,,,-3.62062693,1.0,
11,98,11-98,manggarai_air_lag2,720.0,11-171,11-172,11-172,4285.8125,423.0,
11,99,11-99,katulampa_air_lag19,110.0,11-173,11-174,11-174,4087.76562,424.0,
11,100,11-100,hour_sin,0.258819044,11-175,11-176,11-176,34200.7188,12.0,
11,101,11-101,katulampa_air_lag3,15.0,11-177,11-178,11-178,4162.26562,57.0,
11,102,11-102,hour_cos,-0.258819044,11-179,11-180,11-180,510.796875,166.0,
11,103,11-103,manggarai_air_lag2,765.0,11-181,11-182,11-182,1033.51562,152.0,
11,104,11-104,manggarai_air_lag4,612.5,11-183,11-184,11-184,448.28125,160.0,
11,105,11-105,time_index,20187.0,11-185,11-186,11-186,839.609375,77.0,
11,106,11-106,manggarai_air_lag7,770.0,11-187,11-188,11-188,951.5,128.0,
11,107,11-107,Leaf,,,,,2.96699119,30.0,
11,108,11-108,manggarai_air_lag12,585.0,11-189,11-190,11-190,8.390625,100.0,
11,109,11-109,Leaf,,,,,-2.18377161,1591.0,
11,110,11-110,Leaf,,,,,-1.58526897,100.0,
11,111,11-111,Leaf,,,,,-1.28087163,8.0,
11,112,11-112,Leaf,,,,,1.10757375,7.0,
11,113,11-113,Leaf,,,,,-20.1989346,1.0,
11,114,11-114,Leaf,,,,,-1.33689272,1.0,
11,115,11-115,Leaf,,,,,-1.71674192,4.0,
11,116,11-116,Leaf,,,,,1.559021,1.0,
11,117,11-117,Leaf,,,,,-2.03310156,183.0,
11,118,11-118,Leaf,,,,,-1.55197501,1374.0,
11,119,11-119,Leaf,,,,,-1.29421449,1864.0,
11,120,11-120,Leaf,,,,,1.17922676,5.0,
11,121,11-121,Leaf,,,,,1.30797315,18.0,
11,122,11-122,Leaf,,,,,-0.936782479,15.0,
11,123,11-123,Leaf,,,,,0.0983345062,7.0,
11,124,11-124,Leaf,,,,,0.69439292,5.0,
11,125,11-125,Leaf,,,,,-0.867120862,58.0,
11,126,11-126,Leaf,,,,,0.833206177,1.0,
11,127,11-127,Leaf,,,,,-1.09946311,767.0,
11,128,11-128,Leaf,,,,,-0.901616037,3197.0,
11,129,11-129,Leaf,,,,,-0.286847651,25.0,
11,130,11-130,Leaf,,,,,1.88909304,3.0,
11,131,11-131,Leaf,,,,,-0.209842369,105.0,
11,132,11-132,Leaf,,,,,0.806135356,8.0,
11,133,11-133,Leaf,,,,,-0.612207055,1661.0,
11,134,11-134,Leaf,,,,,-1.33931375,54.0,
11,135,11-135,Leaf,,,,,0.269402027,34.0,
11,136,11-136,Leaf,,,,,1.42438459,23.0,
11,137,11-137,Leaf,,,,,-1.89015448,29.0,
11,138,11-138,Leaf,,,,,-0.301261634,2082.0,
11,139,11-139,Leaf,,,,,-0.449453115,4.0,
11,140,11-140,Leaf,,,,,0.470916748,5.0,
11,141,11-141,Leaf,,,,,1.00014913,203.0,
11,142,11-142,Leaf,,,,,-0.475125551,6.0,
11,143,11-143,Leaf,,,,,0.90062207,13.0,
11,144,11-144,Leaf,,,,,-25.868763,1.0,
11,145,11-145,Leaf,,,,,-3.41635323,2.0,
11,146,11-146,Leaf,,,,,-0.0122699859,1408.0,
11,147,11-147,Leaf,,,,,0.324297696,1867.0,
11,148,11-148,Leaf,,,,,-0.0412923731,262.0,
11,149,11-149,Leaf,,,,,1.47977817,92.0,
11,150,11-150,Leaf,,,,,3.94392705,1.0,
11,151,11-151,Leaf,,,,,0.611778915,4324.0,
11,152,11-152,Leaf,,,,,-1.91772711,14.0,
11,153,11-153,Leaf,,,,,-19.4561024,1.0,
11,154,11-154,Leaf,,,,,0.34128052,4.0,
11,155,11-155,Leaf,,,,,2.11721206,10.0,
11,156,11-156,Leaf,,,,,4.59842968,6.0,
11,157,11-157,Leaf,,,,,1.46740818,156.0,
11,158,11-158,Leaf,,,,,2.28571296,66.0,
11,159,11-159,Leaf,,,,,0.873865426,1332.0,
11,160,11-160,Leaf,,,,,-1.09842205,19.0,
11,161,11-161,Leaf,,,,,1.30527389,593.0,
11,162,11-162,Leaf,,,,,0.657880723,113.0,
11,163,11-163,Leaf,,,,,1.72183061,26.0,
11,164,11-164,Leaf,,,,,-1.14515388,5.0,
11,165,11-165,Leaf,,,,,3.59587336,45.0,
11,166,11-166,Leaf,,,,,2.41242623,148.0,
11,167,11-167,Leaf,,,,,0.573941171,38.0,
11,168,11-168,Leaf,,,,,1.5626986,1377.0,
11,169,11-169,Leaf,,,,,1.76744747,9.0,
11,170,11-170,Leaf,,,,,-22.0360317,1.0,
11,171,11-171,Leaf,,,,,2.69343591,404.0,
11,172,11-172,Leaf,,,,,1.07818854,19.0,
11,173,11-173,Leaf,,,,,2.02674603,413.0,
11,174,11-174,Leaf,,,,,0.0673299134,11.0,
11,175,11-175,Leaf,,,,,1.63657022,11.0,
11,176,11-176,Leaf,,,,,-12.4912643,1.0,
11,177,11-177,Leaf,,,,,2.35438418,12.0,
11,178,11-178,Leaf,,,,,4.78762627,45.0,
11,179,11-179,Leaf,,,,,2.98249531,54.0,
11,180,11-180,Leaf,,,,,3.66042447,112.0,
11,181,11-181,Leaf,,,,,2.48073435,145.0,
11,182,11-182,Leaf,,,,,1.02120209,7.0,
11,183,11-183,Leaf,,,,,1.02139699,2.0,
11,184,11-184,Leaf,,,,,3.28193092,158.0,
11,185,11-185,Leaf,,,,,4.52713919,49.0,
11,186,11-186,Leaf,,,,,3.35113716,28.0,
11,187,11-187,Leaf,,,,,5.15348864,127.0,
11,188,11-188,Leaf,,,,,0.901391625,1.0,
11,189,11-189,Leaf,,,,,1.18059087,1.0,
11,190,11-190,Leaf,,,,,4.06422186,99.0,
12,0,12-0,manggarai_air_lag1,640.0,12-1,12-2,12-2,2441156.0,27261.0,
12,1,12-1,manggarai_air_lag1,598.0,12-3,12-4,12-4,311483.25,14831.0,
12,2,12-2,manggarai_air_lag1,700.0,12-5,12-6,12-6,648881.5,12430.0,
12,3,12-3,manggarai_air_lag20,575.0,12-7,12-8,12-8,67003.375,6027.0,
12,4,12-4,manggarai_air_lag1,620.0,12-9,12-10,12-10,62829.3281,8804.0,
12,5,12-5,manggarai_air_lag1,670.0,12-11,12-12,12-12,147293.812,10795.0,
12,6,12-6,manggarai_air_lag1,732.5,12-13,12-14,12-14,103844.0,1635.0,
12,7,12-7,manggarai_air_lag20,20.0,12-15,12-16,12-16,51402.0625,1710.0,
12,8,12-8,manggarai_air_lag1,587.5,12-17,12-18,12-18,10812.375,4317.0,
12,9,12-9,manggarai_air_lag1,602.5,12-19,12-20,12-20,10521.375,5100.0,
12,10,12-10,manggarai_air_lag4,570.0,12-21,12-22,12-22,16446.4023,3704.0,
12,11,12-11,manggarai_air_lag1,650.0,12-23,12-24,12-24,21985.9844,8260.0,
12,12,12-12,depok_air_lag6,155.0,12-25,12-26,12-26,16757.3125,2535.0,
12,13,12-13,depok_air_lag12,135.0,12-27,12-28,12-28,10983.0625,1022.0,
12,14,12-14,manggarai_air_lag1,780.0,12-29,12-30,12-30,28191.875,613.0,
12,15,12-15,Leaf,,,,,-18.0385475,1.0,
12,16,12-16,manggarai_cuaca_lag4_hujan,1.0,12-31,12-32,12-32,9200.25,1709.0,
12,17,12-17,manggarai_air_lag3,612.5,12-33,12-34,12-34,12845.1875,1633.0,
12,18,12-18,depok_air_lag6,165.0,12-35,12-36,12-36,4053.40625,2684.0,
12,19,12-19,dayofyear_sin,-0.999832988,12-37,12-38,12-38,2872.45312,2656.0,
12,20,12-20,depok_air_lag6,145.0,12-39,12-40,12-40,8639.5625,2444.0,
12,21,12-21,manggarai_air_lag3,570.0,12-41,12-42,12-42,61861.5547,7.0,
12,22,12-22,depok_air_lag6,106.0,12-43,12-44,12-44,8645.39551,3697.0,
12,23,12-23,manggarai_air_lag3,640.0,12-45,12-46,12-46,5548.53516,2817.0,
12,24,12-24,manggarai_air_lag3,645.0,12-47,12-48,12-48,10689.5,5443.0,
12,25,12-25,manggarai_air_lag3,670.0,12-49,12-50,12-50,8718.90625,2416.0,
12,26,12-26,depok_air_lag6,210.0,12-51,12-52,12-52,3840.41406,119.0,
12,27,12-27,depok_air_lag6,190.0,12-53,12-54,12-54,5909.5,538.0,
12,28,12-28,depok_air_lag16,210.0,12-55,12-56,12-56,5233.125,484.0,
12,29,12-29,depok_air_lag6,185.0,12-57,12-58,12-58,5230.1875,446.0,
12,30,12-30,manggarai_air_lag1,820.0,12-59,12-60,12-60,5220.0,167.0,
12,31,12-31,manggarai_air_lag1,575.0,12-61,12-62,12-62,4748.1875,1700.0,
12,32,12-32,time_index,157.0,12-63,12-64,12-64,49979.3906,9.0,
12,33,12-33,depok_air_lag6,165.0,12-65,12-66,12-66,3110.78125,1609.0,
12,34,12-34,manggarai_air_lag4,645.0,12-67,12-68,12-68,1048.97375,24.0,
12,35,12-35,depok_air_lag8,130.0,12-69,12-70,12-70,2060.84375,2677.0,
12,36,12-36,manggarai_air_lag4,598.0,12-71,12-72,12-72,1188.64148,7.0,
12,37,12-37,depok_air_lag19,92.5,12-73,12-74,12-74,100681.492,52.0,
12,38,12-38,depok_air_lag6,175.0,12-75,12-76,12-76,1507.20312,2604.0,
12,39,12-39,manggarai_air_lag3,602.5,12-77,12-78,12-78,3358.42969,2418.0,
12,40,12-40,depok_air_lag12,86.0,12-79,12-80,12-80,2437.76367,26.0,
12,41,12-41,Leaf,,,,,-19.9430428,1.0,
12,42,12-42,manggarai_air_lag6,592.5,12-81,12-82,12-82,86.4474411,6.0,
12,43,12-43,depok_air_lag24,200.0,12-83,12-84,12-84,5942.2168,3270.0,
12,44,12-44,depok_air_lag6,210.0,12-85,12-86,12-86,4345.64404,427.0,
12,45,12-45,time_index,18995.0,12-87,12-88,12-88,3353.87891,235.0,
12,46,12-46,manggarai_air_lag15,630.0,12-89,12-90,12-90,4468.71289,2582.0,
12,47,12-47,dayofyear_sin,0.995827019,12-91,12-92,12-92,2880.19531,313.0,
12,48,12-48,depok_air_lag8,170.0,12-93,12-94,12-94,12094.4219,5130.0,
12,49,12-49,manggarai_air_lag9,570.0,12-95,12-96,12-96,5177.50781,382.0,
12,50,12-50,depok_air_lag8,155.0,12-97,12-98,12-98,9520.59375,2034.0,
12,51,12-51,manggarai_air_lag6,670.0,12-99,12-100,12-100,1637.30859,104.0,
12,52,12-52,manggarai_air_lag3,694.0,12-101,12-102,12-102,52.3828125,15.0,
12,53,12-53,manggarai_air_lag1,705.0,12-103,12-104,12-104,3450.53125,509.0,
12,54,12-54,depok_air_lag3,275.0,12-105,12-106,12-106,119.65625,29.0,
12,55,12-55,depok_air_lag8,150.0,12-107,12-108,12-108,3072.57812,455.0,
12,56,12-56,manggarai_air_lag9,675.0,12-109,12-110,12-110,32981.3203,29.0,
12,57,12-57,depok_air_lag12,145.0,12-111,12-112,12-112,3021.09375,388.0,
12,58,12-58,depok_air_lag12,225.0,12-113,12-114,12-114,53.7265625,58.0,
12,59,12-59,depok_air_lag16,155.0,12-115,12-116,12-116,1324.46875,133.0,
12,60,12-60,depok_cuaca_lag7_hujan,1.0,12-117,12-118,12-118,433.109375,34.0,
12,61,12-61,depok_air_lag8,155.0,12-119,12-120,12-120,2444.5,1590.0,
12,62,12-62,depok_cuaca_lag1_hujan,1.0,12-121,12-122,12-122,1860.11523,110.0,
12,63,12-63,Leaf,,,,,-19.1889877,1.0,
12,64,12-64,time_index,17929.0,12-123,12-124,12-124,1620.35388,8.0,
12,65,12-65,manggarai_air_lag1,580.0,12-125,12-126,12-126,2737.03125,1602.0,
12,66,12-66,depok_air_lag6,220.0,12-127,12-128,12-128,794.783875,7.0,
12,67,12-67,manggarai_air_lag12,625.0,12-129,12-130,12-130,68.5132446,11.0,
12,68,12-68,dayofyear_cos,-0.29959476,12-131,12-132,12-132,110.898438,13.0,
12,69,12-69,depok_air_lag10,111.0,12-133,12-134,12-134,1880.625,2669.0,
12,70,12-70,depok_air_lag12,70.0,12-135,12-136,12-136,531.622498,8.0,
12,71,12-71,dayofyear_cos,-0.547611177,12-137,12-138,12-138,209.626953,5.0,
12,72,12-72,time_index,1617.0,12-139,12-140,12-140,43.7112503,2.0,
12,73,12-73,manggarai_air_lag17,612.5,12-141,12-142,12-142,415.786621,51.0,
12,74,12-74,Leaf,,,,,-23.6131687,1.0,
12,75,12-75,manggarai_air_lag3,598.0,12-143,12-144,12-144,1267.0,2597.0,
12,76,12-76,depok_air_lag8,92.5,12-145,12-146,12-146,442.243713,7.0,
12,77,12-77,depok_cuaca_lag5_hujan,1.0,12-147,12-148,12-148,1471.5542,189.0,
12,78,12-78,manggarai_air_lag4,625.0,12-149,12-150,12-150,2773.51562,2229.0,
12,79,12-79,Leaf,,,,,3.00496221,5.0,
12,80,12-80,manggarai_air_lag17,630.0,12-151,12-152,12-152,1097.92578,21.0,
12,81,12-81,Leaf,,,,,0.720151782,2.0,
12,82,12-82,time_index,12369.0,12-153,12-154,12-154,5.17169762,4.0,
12,83,12-83,manggarai_air_lag9,598.0,12-155,12-156,12-156,5787.07715,3257.0,
12,84,12-84,manggarai_air_lag14,720.0,12-157,12-158,12-158,38910.0664,13.0,
12,85,12-85,manggarai_air_lag3,675.0,12-159,12-160,12-160,3450.17871,422.0,
12,86,12-86,Leaf,,,,,2.92519832,5.0,
12,87,12-87,dayofyear_sin,-0.640038133,12-161,12-162,12-162,2633.95703,186.0,
12,88,12-88,katulampa_air_lag3,35.0,12-163,12-164,12-164,2134.12305,49.0,
12,89,12-89,manggarai_air_lag7,520.0,12-165,12-166,12-166,4165.26514,226.0,
12,90,12-90,depok_air_lag6,180.0,12-167,12-168,12-168,3010.38477,2356.0,
12,91,12-91,depok_air_lag6,130.0,12-169,12-170,12-170,2738.33984,312.0,
12,92,12-92,Leaf,,,,,5.10054016,1.0,
12,93,12-93,manggarai_air_lag1,658.0,12-171,12-172,12-172,5703.32812,5122.0,
12,94,12-94,depok_air_lag8,175.0,12-173,12-174,12-174,38501.1211,8.0,
12,95,12-95,Leaf,,,,,-3.43959665,1.0,
12,96,12-96,dayofyear_sin,0.99798876,12-175,12-176,12-176,4580.64062,381.0,
12,97,12-97,manggarai_air_lag1,680.0,12-177,12-178,12-178,7282.40625,2018.0,
12,98,12-98,manggarai_air_lag20,665.0,12-179,12-180,12-180,88879.5391,16.0,
12,99,12-99,depok_air_lag10,106.0,12-181,12-182,12-182,576.339844,58.0,
12,100,12-100,manggarai_air_lag1,690.0,12-183,12-184,12-184,934.110352,46.0,
12,101,12-101,Leaf,,,,,4.22849035,14.0,
12,102,12-102,Leaf,,,,,1.17696846,1.0,
12,103,12-103,manggarai_air_lag3,710.0,12-185,12-186,12-186,1216.67969,170.0,
12,104,12-104,manggarai_air_lag3,745.0,12-187,12-188,12-188,3560.57812,339.0,
12,105,12-105,Leaf,,,,,4.073627,28.0,
12,106,12-106,Leaf,,,,,1.08089912,1.0,
12,107,12-107,time_index,22047.0,12-189,12-190,12-190,1291.71094,357.0,
12,108,12-108,depok_cuaca_lag2_hujan,1.0,12-191,12-192,12-192,4122.8125,98.0,
12,109,12-109,Leaf,,,,,-11.8667011,1.0,
12,110,12-110,manggarai_air_lag15,715.0,12-193,12-194,12-194,9209.58398,28.0,
12,111,12-111,depok_cuaca_lag2_hujan,1.0,12-195,12-196,12-196,704.609375,197.0,
12,112,12-112,depok_air_lag14,200.0,12-197,12-198,12-198,635.03125,191.0,
12,113,12-113,Leaf,,,,,4.56367874,53.0,
12,114,12-114,Leaf,,,,,2.64062095,5.0,
12,115,12-115,dayofyear_cos,-0.993512869,12-199,12-200,12-200,349.25,98.0,
12,116,12-116,manggarai_air_lag6,745.0,12-201,12-202,12-202,4455.22266,35.0,
12,117,12-117,Leaf,,,,,6.42487192,33.0,
12,118,12-118,Leaf,,,,,1.63453674,1.0,
12,119,12-119,Leaf,,,,,-1.9668541,1589.0,
12,120,12-120,Leaf,,,,,1.79698181,1.0,
12,121,12-121,Leaf,,,,,-1.37537897,102.0,
12,122,12-122,Leaf,,,,,0.185980901,8.0,
12,123,12-123,Leaf,,,,,-1.85081255,7.0,
12,124,12-124,Leaf,,,,,1.48106992,1.0,
12,125,12-125,Leaf,,,,,-1.75207448,290.0,
12,126,12-126,Leaf,,,,,-1.40007436,1312.0,
12,127,12-127,Leaf,,,,,-0.16286622,5.0,
12,128,12-128,Leaf,,,,,1.86752534,2.0,
12,129,12-129,Leaf,,,,,-0.152228802,5.0,
12,130,12-130,Leaf,,,,,0.311730951,6.0,
12,131,12-131,Leaf,,,,,0.585462987,3.0,
12,132,12-132,Leaf,,,,,1.59570432,10.0,
12,133,12-133,Leaf,,,,,-1.10651827,2667.0,
12,134,12-134,Leaf,,,,,1.47853196,2.0,
12,135,12-135,Leaf,,,,,-0.723189294,2.0,
12,136,12-136,Leaf,,,,,0.89559412,6.0,
12,137,12-137,Leaf,,,,,0.27154237,1.0,
12,138,12-138,Leaf,,,,,2.18396497,4.0,
12,139,12-139,Leaf,,,,,-0.0546600334,1.0,
12,140,12-140,Leaf,,,,,-0.924569726,1.0,
12,141,12-141,Leaf,,,,,-0.76574707,50.0,
12,142,12-142,Leaf,,,,,0.791546643,1.0,
12,143,12-143,Leaf,,,,,-0.520880222,118.0,
12,144,12-144,Leaf,,,,,-0.864281356,2479.0,
12,145,12-145,Leaf,,,,,-0.150312498,4.0,
12,146,12-146,Leaf,,,,,1.30386662,3.0,
12,147,12-147,Leaf,,,,,-0.259922266,177.0,
12,148,12-148,Leaf,,,,,0.843468308,12.0,
12,149,12-149,Leaf,,,,,-0.586145341,1983.0,
12,150,12-150,Leaf,,,,,-0.943987966,246.0,
12,151,12-151,Leaf,,,,,-0.0371068344,11.0,
12,152,12-152,Leaf,,,,,1.37249601,10.0,
12,153,12-153,Leaf,,,,,0.138027951,1.0,
12,154,12-154,Leaf,,,,,-0.0590194725,3.0,
12,155,12-155,Leaf,,,,,-0.7948246,164.0,
12,156,12-156,Leaf,,,,,-0.186763451,3093.0,
12,157,12-157,Leaf,,,,,-15.1968536,1.0,
12,158,12-158,Leaf,,,,,-0.120780125,12.0,
12,159,12-159,Leaf,,,,,0.18837969,420.0,
12,160,12-160,Leaf,,,,,3.59392524,2.0,
12,161,12-161,Leaf,,,,,1.66466105,42.0,
12,162,12-162,Leaf,,,,,0.757775903,144.0,
12,163,12-163,Leaf,,,,,0.297344416,43.0,
12,164,12-164,Leaf,,,,,-1.58255875,6.0,
12,165,12-165,Leaf,,,,,-4.69794607,1.0,
12,166,12-166,Leaf,,,,,-0.112914957,225.0,
12,167,12-167,Leaf,,,,,0.303616226,2347.0,
12,168,12-168,Leaf,,,,,2.04514527,9.0,
12,169,12-169,Leaf,,,,,1.04045177,250.0,
12,170,12-170,Leaf,,,,,1.79680383,62.0,
12,171,12-171,Leaf,,,,,0.562023163,3670.0,
12,172,12-172,Leaf,,,,,0.796901822,1452.0,
12,173,12-173,Leaf,,,,,-12.32197,2.0,
12,174,12-174,Leaf,,,,,1.36435294,6.0,
12,175,12-175,Leaf,,,,,1.78691256,380.0,
12,176,12-176,Leaf,,,,,6.7547698,1.0,
12,177,12-177,Leaf,,,,,1.02869892,714.0,
12,178,12-178,Leaf,,,,,1.43025756,1304.0,
12,179,12-179,Leaf,,,,,-20.9342289,1.0,
12,180,12-180,Leaf,,,,,1.4398464,15.0,
12,181,12-181,Leaf,,,,,3.02722335,35.0,
12,182,12-182,Leaf,,,,,2.08082175,23.0,
12,183,12-183,Leaf,,,,,1.46856606,36.0,
12,184,12-184,Leaf,,,,,2.68057585,10.0,
12,185,12-185,Leaf,,,,,2.22008681,139.0,
12,186,12-186,Leaf,,,,,1.424523,31.0,
12,187,12-187,Leaf,,,,,2.75538921,323.0,
12,188,12-188,Leaf,,,,,1.12799728,16.0,
12,189,12-189,Leaf,,,,,1.93985748,287.0,
12,190,12-190,Leaf,,,,,1.40506196,70.0,
12,191,12-191,Leaf,,,,,2.27962136,91.0,
12,192,12-192,Leaf,,,,,4.81883717,7.0,
12,193,12-193,Leaf,,,,,2.34634209,22.0,
12,194,12-194,Leaf,,,,,-1.83962309,6.0,
12,195,12-195,Leaf,,,,,3.45053601,155.0,
12,196,12-196,Leaf,,,,,4.2246666,42.0,
12,197,12-197,Leaf,,,,,3.14074612,140.0,
12,198,12-198,Leaf,,,,,2.5078218,51.0,
12,199,12-199,Leaf,,,,,2.59606695,4.0,
12,200,12-200,Leaf,,,,,5.00709677,94.0,
12,201,12-201,Leaf,,,,,-1.5756439,1.0,
12,202,12-202,Leaf,,,,,3.98540306,34.0,
13,0,13-0,manggarai_air_lag1,640.0,13-1,13-2,13-2,1973495.88,27194.0,
13,1,13-1,manggarai_air_lag1,595.0,13-3,13-4,13-4,270352.562,14759.0,
13,2,13-2,manggarai_air_lag1,694.0,13-5,13-6,13-6,559452.75,12435.0,
13,3,13-3,manggarai_air_lag20,575.0,13-7,13-8,13-8,42043.5625,5243.0,
13,4,13-4,manggarai_air_lag1,607.5,13-9,13-10,13-10,65297.1406,9516.0,
13,5,13-5,manggarai_air_lag1,665.0,13-11,13-12,13-12,105327.156,10614.0,
13,6,13-6,manggarai_air_lag1,750.0,13-13,13-14,13-14,96741.875,1821.0,
13,7,13-7,depok_air_lag7,20.0,13-15,13-16,13-16,47024.8125,1726.0,
13,8,13-8,manggarai_air_lag2,630.0,13-17,13-18,13-18,9524.375,3517.0,
13,9,13-9,depok_air_lag9,165.0,13-19,13-20,13-20,2842.03125,3978.0,
13,10,13-10,depok_air_lag6,145.0,13-21,13-22,13-22,13444.4336,5538.0,
13,11,13-11,manggarai_air_lag1,650.0,13-23,13-24,13-24,17034.2969,8004.0,
13,12,13-12,manggarai_air_lag2,651.0,13-25,13-26,13-26,12911.7812,2610.0,
13,13,13-13,manggarai_air_lag1,715.0,13-27,13-28,13-28,18976.5625,1416.0,
13,14,13-14,manggarai_air_lag1,800.0,13-29,13-30,13-30,11983.5,405.0,
13,15,13-15,Leaf,,,,,-17.1366196,1.0,
13,16,13-16,manggarai_cuaca_lag4_hujan,1.0,13-31,13-32,13-32,7196.8125,1725.0,
13,17,13-17,manggarai_air_lag1,585.0,13-33,13-34,13-34,6470.4375,3496.0,
13,18,13-18,dayofyear_sin,0.950790346,13-35,13-36,13-36,726.755615,21.0,
13,19,13-19,dayofyear_sin,-0.999832988,13-37,13-38,13-38,2294.42188,3977.0,
13,20,13-20,Leaf,,,,,3.03595281,1.0,
13,21,13-21,manggarai_air_lag1,625.0,13-39,13-40,13-40,12195.7578,5467.0,
13,22,13-22,katulampa_air_lag3,35.0,13-41,13-42,13-42,4264.58496,71.0,
13,23,13-23,manggarai_air_lag2,640.0,13-43,13-44,13-44,5594.40234,2799.0,
13,24,13-24,manggarai_air_lag2,650.0,13-45,13-46,13-46,11731.5938,5205.0,
13,25,13-25,depok_air_lag10,106.0,13-47,13-48,13-48,4107.45312,169.0,
13,26,13-26,manggarai_air_lag1,680.0,13-49,13-50,13-50,7019.59375,2441.0,
13,27,13-27,depok_air_lag12,150.0,13-51,13-52,13-52,10573.9375,802.0,
13,28,13-28,manggarai_air_lag2,710.0,13-53,13-54,13-54,6961.40625,614.0,
13,29,13-29,manggarai_cuaca_lag1_hujan,1.0,13-55,13-56,13-56,3655.21875,323.0,
13,30,13-30,manggarai_air_lag1,835.0,13-57,13-58,13-58,878.078125,82.0,
13,31,13-31,manggarai_air_lag1,565.0,13-59,13-60,13-60,3724.5625,1716.0,
13,32,13-32,depok_air_lag12,85.0,13-61,13-62,13-62,47214.0977,9.0,
13,33,13-33,manggarai_air_lag2,625.0,13-63,13-64,13-64,3887.34375,1296.0,
13,34,13-34,manggarai_cuaca_lag7_hujan,1.0,13-65,13-66,13-66,3752.625,2200.0,
13,35,13-35,manggarai_air_lag2,650.0,13-67,13-68,13-68,699.621887,17.0,
13,36,13-36,dayofyear_cos,0.272811264,13-69,13-70,13-70,34.309082,4.0,
13,37,13-37,depok_air_lag20,92.5,13-71,13-72,13-72,91505.2734,61.0,
13,38,13-38,depok_air_lag7,102.5,13-73,13-74,13-74,2000.17188,3916.0,
13,39,13-39,depok_air_lag10,137.5,13-75,13-76,13-76,22299.5859,3390.0,
13,40,13-40,manggarai_air_lag2,640.0,13-77,13-78,13-78,4672.10449,2077.0,
13,41,13-41,manggarai_air_lag9,612.5,13-79,13-80,13-80,2094.16553,61.0,
13,42,13-42,Leaf,,,,,2.94203448,10.0,
13,43,13-43,depok_air_lag6,185.0,13-81,13-82,13-82,3233.72168,165.0,
13,44,13-44,depok_air_lag6,200.0,13-83,13-84,13-84,3353.79785,2634.0,
13,45,13-45,manggarai_air_lag6,592.5,13-85,13-86,13-86,2450.44922,233.0,
13,46,13-46,manggarai_air_lag1,658.0,13-87,13-88,13-88,6021.71875,4972.0,
13,47,13-47,depok_air_lag3,96.0,13-89,13-90,13-90,4153.17578,109.0,
13,48,13-48,manggarai_air_lag1,670.0,13-91,13-92,13-92,932.049805,60.0,
13,49,13-49,manggarai_air_lag2,680.0,13-93,13-94,13-94,3802.66406,1097.0,
13,50,13-50,depok_air_lag9,160.0,13-95,13-96,13-96,6311.82812,1344.0,
13,51,13-51,manggarai_air_lag6,565.0,13-97,13-98,13-98,5265.0,574.0,
13,52,13-52,dayofyear_sin,-0.803547621,13-99,13-100,13-100,9606.03516,228.0,
13,53,13-53,manggarai_air_lag2,602.5,13-101,13-102,13-102,4744.20312,99.0,
13,54,13-54,manggarai_air_lag1,730.0,13-103,13-104,13-104,2428.9375,515.0,
13,55,13-55,depok_air_lag6,155.0,13-105,13-106,13-106,3141.28125,280.0,
13,56,13-56,depok_air_lag3,210.0,13-107,13-108,13-108,1928.50781,43.0,
13,57,13-57,Leaf,,,,,4.69662428,69.0,
13,58,13-58,Leaf,,,,,6.40090561,13.0,
13,59,13-59,manggarai_air_lag2,555.0,13-109,13-110,13-110,574.34375,1456.0,
13,60,13-60,manggarai_cuaca_lag1_hujan,1.0,13-111,13-112,13-112,2804.75781,260.0,
13,61,13-61,manggarai_air_lag2,585.0,13-113,13-114,13-114,1325.48584,8.0,
13,62,13-62,Leaf,,,,,-18.229538,1.0,
13,63,13-63,manggarai_air_lag1,20.0,13-115,13-116,13-116,2879.51562,1295.0,
13,64,13-64,Leaf,,,,,-5.8562746,1.0,
13,65,13-65,depok_air_lag9,111.0,13-117,13-118,13-118,3311.15625,2164.0,
13,66,13-66,time_index,2945.0,13-119,13-120,13-120,12862.1299,36.0,
13,67,13-67,manggarai_air_lag12,625.0,13-121,13-122,13-122,66.2618103,9.0,
13,68,13-68,manggarai_air_lag2,685.0,13-123,13-124,13-124,115.39209,8.0,
13,69,13-69,Leaf,,,,,2.23731542,3.0,
13,70,13-70,Leaf,,,,,0.56489259,1.0,
13,71,13-71,manggarai_air_lag17,612.5,13-125,13-126,13-126,368.448242,60.0,
13,72,13-72,Leaf,,,,,-22.4325104,1.0,
13,73,13-73,hour_cos,-0.965925813,13-127,13-128,13-128,1229.8125,3716.0,
13,74,13-74,depok_air_lag12,120.0,13-129,13-130,13-130,2016.79346,200.0,
13,75,13-75,depok_air_lag23,190.0,13-131,13-132,13-132,6060.06641,3384.0,
13,76,13-76,time_index,289.0,13-133,13-134,13-134,46752.5312,6.0,
13,77,13-77,depok_air_lag6,85.0,13-135,13-136,13-136,4243.75244,1813.0,
13,78,13-78,depok_cuaca_lag1_hujan,1.0,13-137,13-138,13-138,10056.6172,264.0,
13,79,13-79,depok_air_lag12,92.5,13-139,13-140,13-140,1563.5249,16.0,
13,80,13-80,time_index,14893.0,13-141,13-142,13-142,883.914429,45.0,
13,81,13-81,depok_air_lag3,80.0,13-143,13-144,13-144,2353.31152,163.0,
13,82,13-82,time_index,18329.0,13-145,13-146,13-146,161.372925,2.0,
13,83,13-83,manggarai_air_lag20,607.5,13-147,13-148,13-148,2205.33008,2627.0,
13,84,13-84,depok_air_lag9,106.0,13-149,13-150,13-150,878.255371,7.0,
13,85,13-85,manggarai_cuaca_lag1_hujan,1.0,13-151,13-152,13-152,5468.51074,10.0,
13,86,13-86,depok_air_lag6,130.0,13-153,13-154,13-154,2903.03906,223.0,
13,87,13-87,katulampa_air_lag4,75.0,13-155,13-156,13-156,10668.1562,3687.0,
13,88,13-88,manggarai_air_lag2,665.0,13-157,13-158,13-158,3629.29688,1285.0,
13,89,13-89,dayofyear_sin,-0.982351661,13-159,13-160,13-160,3230.15527,30.0,
13,90,13-90,depok_air_lag9,111.0,13-161,13-162,13-162,2240.52734,79.0,
13,91,13-91,depok_cuaca_lag1_hujan,1.0,13-163,13-164,13-164,474.067383,10.0,
13,92,13-92,hour_cos,0.965925813,13-165,13-166,13-166,285.495117,50.0,
13,93,13-93,depok_air_lag7,195.0,13-167,13-168,13-168,1697.46094,849.0,
13,94,13-94,manggarai_air_lag20,635.0,13-169,13-170,13-170,1466.71973,248.0,
13,95,13-95,depok_air_lag12,137.5,13-171,13-172,13-172,4586.35938,1327.0,
13,96,13-96,manggarai_cuaca_lag4_hujan,1.0,13-173,13-174,13-174,83489.7812,17.0,
13,97,13-97,Leaf,,,,,-3.26761794,1.0,
13,98,13-98,manggarai_air_lag2,694.0,13-175,13-176,13-176,6009.21875,573.0,
13,99,13-99,manggarai_air_lag20,685.0,13-177,13-178,13-178,38052.7188,38.0,
13,100,13-100,hour_cos,0.965925813,13-179,13-180,13-180,4336.51953,190.0,
13,101,13-101,Leaf,,,,,-2.0251739,1.0,
13,102,13-102,dayofyear_cos,-0.993512869,13-181,13-182,13-182,2108.21875,98.0,
13,103,13-103,manggarai_air_lag2,732.5,13-183,13-184,13-184,3008.21094,231.0,
13,104,13-104,manggarai_air_lag2,730.0,13-185,13-186,13-186,1571.125,284.0,
13,105,13-105,depok_air_lag16,290.0,13-187,13-188,13-188,510.125,152.0,
13,106,13-106,manggarai_air_lag6,690.0,13-189,13-190,13-190,1617.875,128.0,
13,107,13-107,manggarai_air_lag6,825.0,13-191,13-192,13-192,779.46875,41.0,
13,108,13-108,Leaf,,,,,0.963307679,2.0,
13,109,13-109,Leaf,,,,,-2.42190003,21.0,
13,110,13-110,Leaf,,,,,-1.77934396,1435.0,
13,111,13-111,Leaf,,,,,-1.42248368,252.0,
13,112,13-112,Leaf,,,,,0.4323771,8.0,
13,113,13-113,Leaf,,,,,-1.60232103,6.0,
13,114,13-114,Leaf,,,,,0.981081128,2.0,
13,115,13-115,Leaf,,,,,-5.24913931,1.0,
13,116,13-116,Leaf,,,,,-1.33493173,1294.0,
13,117,13-117,Leaf,,,,,-1.05378664,2159.0,
13,118,13-118,Leaf,,,,,1.33729756,5.0,
13,119,13-119,Leaf,,,,,-5.15231323,9.0,
13,120,13-120,Leaf,,,,,-0.906532943,27.0,
13,121,13-121,Leaf,,,,,-0.306895763,4.0,
13,122,13-122,Leaf,,,,,0.186595663,5.0,
13,123,13-123,Leaf,,,,,0.585682392,4.0,
13,124,13-124,Leaf,,,,,1.57603157,4.0,
13,125,13-125,Leaf,,,,,-0.708675146,59.0,
13,126,13-126,Leaf,,,,,0.751968384,1.0,
13,127,13-127,Leaf,,,,,-1.06594825,151.0,
13,128,13-128,Leaf,,,,,-0.768396378,3565.0,
13,129,13-129,Leaf,,,,,-0.488961905,198.0,
13,130,13-130,Leaf,,,,,2.1364603,2.0,
13,131,13-131,Leaf,,,,,-0.35633865,3374.0,
13,132,13-132,Leaf,,,,,-2.70988822,10.0,
13,133,13-133,Leaf,,,,,-18.9458904,1.0,
13,134,13-134,Leaf,,,,,-0.703223646,5.0,
13,135,13-135,Leaf,,,,,-0.774242043,69.0,
13,136,13-136,Leaf,,,,,0.019843353,1744.0,
13,137,13-137,Leaf,,,,,-0.278387845,244.0,
13,138,13-138,Leaf,,,,,-2.5609858,20.0,
13,139,13-139,Leaf,,,,,2.53388071,9.0,
13,140,13-140,Leaf,,,,,0.496789545,7.0,
13,141,13-141,Leaf,,,,,0.775199354,26.0,
13,142,13-142,Leaf,,,,,-0.109932557,19.0,
13,143,13-143,Leaf,,,,,-1.55073249,3.0,
13,144,13-144,Leaf,,,,,0.945535481,160.0,
13,145,13-145,Leaf,,,,,-0.604025304,1.0,
13,146,13-146,Leaf,,,,,-3.08291936,1.0,
13,147,13-147,Leaf,,,,,-0.177076444,126.0,
13,148,13-148,Leaf,,,,,0.250591546,2501.0,
13,149,13-149,Leaf,,,,,1.16551924,5.0,
13,150,13-150,Leaf,,,,,3.75519419,2.0,
13,151,13-151,Leaf,,,,,1.22953904,8.0,
13,152,13-152,Leaf,,,,,6.46688223,2.0,
13,153,13-153,Leaf,,,,,0.994714439,176.0,
13,154,13-154,Leaf,,,,,1.892627,47.0,
13,155,13-155,Leaf,,,,,0.489635944,3676.0,
13,156,13-156,Leaf,,,,,-2.50008178,11.0,
13,157,13-157,Leaf,,,,,0.807784975,1068.0,
13,158,13-158,Leaf,,,,,0.356799275,217.0,
13,159,13-159,Leaf,,,,,-1.42232215,3.0,
13,160,13-160,Leaf,,,,,1.69748962,27.0,
13,161,13-161,Leaf,,,,,3.09691787,62.0,
13,162,13-162,Leaf,,,,,1.6287384,17.0,
13,163,13-163,Leaf,,,,,0.748083532,8.0,
13,164,13-164,Leaf,,,,,-0.727280676,2.0,
13,165,13-165,Leaf,,,,,1.58291602,47.0,
13,166,13-166,Leaf,,,,,0.404713452,3.0,
13,167,13-167,Leaf,,,,,1.04079926,844.0,
13,168,13-168,Leaf,,,,,2.78307891,5.0,
13,169,13-169,Leaf,,,,,0.260636508,84.0,
13,170,13-170,Leaf,,,,,0.77826488,164.0,
13,171,13-171,Leaf,,,,,1.42037797,1040.0,
13,172,13-172,Leaf,,,,,0.960981369,287.0,
13,173,13-173,Leaf,,,,,1.71673799,16.0,
13,174,13-174,Leaf,,,,,-19.8875179,1.0,
13,175,13-175,Leaf,,,,,2.54757619,189.0,
13,176,13-176,Leaf,,,,,1.83614242,384.0,
13,177,13-177,Leaf,,,,,0.967640698,34.0,
13,178,13-178,Leaf,,,,,-8.35903454,4.0,
13,179,13-179,Leaf,,,,,1.45354164,187.0,
13,180,13-180,Leaf,,,,,4.86947966,3.0,
13,181,13-181,Leaf,,,,,1.14393008,5.0,
13,182,13-182,Leaf,,,,,3.55709004,93.0,
13,183,13-183,Leaf,,,,,2.33022904,185.0,
13,184,13-184,Leaf,,,,,1.36900973,46.0,
13,185,13-185,Leaf,,,,,3.15608621,61.0,
13,186,13-186,Leaf,,,,,2.47375083,223.0,
13,187,13-187,Leaf,,,,,3.10348725,149.0,
13,188,13-188,Leaf,,,,,1.17527926,3.0,
13,189,13-189,Leaf,,,,,4.4469552,49.0,
13,190,13-190,Leaf,,,,,3.44387937,79.0,
13,191,13-191,Leaf,,,,,4.80939817,40.0,
13,192,13-192,Leaf,,,,,0.862789929,1.0,
14,0,14-0,manggarai_air_lag3,625.0,14-1,14-2,14-2,1363774.25,27153.0,
14,1,14-1,manggarai_air_lag5,592.5,14-3,14-4,14-4,153906.5,12699.0,
14,2,14-2,depok_air_lag7,125.0,14-5,14-6,14-6,374241.625,14454.0,
14,3,14-3,manggarai_air_lag3,570.0,14-7,14-8,14-8,39693.3125,5168.0,
14,4,14-4,depok_air_lag8,120.0,14-9,14-10,14-10,43003.5312,7531.0,
14,5,14-5,manggarai_air_lag3,670.0,14-11,14-12,14-12,80139.8125,12028.0,
14,6,14-6,depok_air_lag9,155.0,14-13,14-14,14-14,84525.3125,2426.0,
14,7,14-7,depok_air_lag10,125.0,14-15,14-16,14-16,18753.3438,1553.0,
14,8,14-8,depok_air_lag7,20.0,14-17,14-18,14-18,28510.5938,3615.0,
14,9,14-9,manggarai_air_lag3,602.5,14-19,14-20,14-20,21989.875,7330.0,
14,10,14-10,depok_air_lag8,185.0,14-21,14-22,14-22,6808.73242,201.0,
14,11,14-11,manggarai_air_lag3,645.0,14-23,14-24,14-24,36629.1953,9599.0,
14,12,14-12,manggarai_air_lag17,670.0,14-25,14-26,14-26,11784.2656,2429.0,
14,13,14-13,time_index,24567.0,14-27,14-28,14-28,34475.3438,1791.0,
14,14,14-14,depok_air_lag6,175.0,14-29,14-30,14-30,22689.7812,635.0,
14,15,14-15,depok_air_lag9,120.0,14-31,14-32,14-32,2268.0625,1550.0,
14,16,14-16,time_index,289.0,14-33,14-34,14-34,36109.7891,3.0,
14,17,14-17,time_index,289.0,14-35,14-36,14-36,18276.5859,2.0,
14,18,14-18,depok_air_lag9,102.5,14-37,14-38,14-38,22928.5938,3613.0,
14,19,14-19,depok_air_lag9,102.5,14-39,14-40,14-40,4535.8125,3452.0,
14,20,14-20,depok_air_lag23,190.0,14-41,14-42,14-42,15035.1367,3878.0,
14,21,14-21,dayofyear_sin,-0.513900995,14-43,14-44,14-44,4377.23828,179.0,
14,22,14-22,depok_air_lag9,120.0,14-45,14-46,14-46,480.844727,22.0,
14,23,14-23,depok_cuaca_lag5_hujan,1.0,14-47,14-48,14-48,8110.021,4056.0,
14,24,14-24,time_index,7861.0,14-49,14-50,14-50,7078.88281,5543.0,
14,25,14-25,depok_air_lag6,106.0,14-51,14-52,14-52,6896.28906,1142.0,
14,26,14-26,manggarai_air_lag3,725.0,14-53,14-54,14-54,5077.03125,1287.0,
14,27,14-27,depok_air_lag6,170.0,14-55,14-56,14-56,19383.1875,1241.0,
14,28,14-28,dayofyear_sin,0.983146966,14-57,14-58,14-58,8477.5,550.0,
14,29,14-29,manggarai_air_lag3,720.0,14-59,14-60,14-60,13836.4688,512.0,
14,30,14-30,depok_air_lag9,230.0,14-61,14-62,14-62,2049.84375,123.0,
14,31,14-31,depok_air_lag12,74.0,14-63,14-64,14-64,1009.25,1546.0,
14,32,14-32,time_index,16485.0,14-65,14-66,14-66,328.535767,4.0,
14,33,14-33,Leaf,,,,,-17.9985943,1.0,
14,34,14-34,Leaf,,,,,0.681536853,2.0,
14,35,14-35,Leaf,,,,,-16.279789,1.0,
14,36,14-36,Leaf,,,,,0.139709473,1.0,
14,37,14-37,depok_air_lag8,155.0,14-67,14-68,14-68,6893.46875,3513.0,
14,38,14-38,depok_air_lag6,111.0,14-69,14-70,14-70,6541.9585,100.0,
14,39,14-39,manggarai_cuaca_lag2_hujan,1.0,14-71,14-72,14-72,3046.54688,3343.0,
14,40,14-40,dayofyear_sin,-0.526754737,14-73,14-74,14-74,1975.73718,109.0,
14,41,14-41,depok_air_lag6,205.0,14-75,14-76,14-76,9817.09375,3874.0,
14,42,14-42,manggarai_air_lag5,625.0,14-77,14-78,14-78,23916.9395,4.0,
14,43,14-43,depok_air_lag14,86.0,14-79,14-80,14-80,2376.43457,70.0,
14,44,14-44,manggarai_air_lag12,625.0,14-81,14-82,14-82,2238.70605,109.0,
14,45,14-45,dayofyear_cos,-0.999609292,14-83,14-84,14-84,1596.18579,10.0,
14,46,14-46,depok_air_lag6,165.0,14-85,14-86,14-86,105.817383,12.0,
14,47,14-47,manggarai_air_lag12,630.0,14-87,14-88,14-88,8539.7334,3747.0,
14,48,14-48,depok_air_lag6,130.0,14-89,14-90,14-90,3325.9707,309.0,
14,49,14-49,depok_air_lag7,100.0,14-91,14-92,14-92,3053.89917,437.0,
14,50,14-50,manggarai_air_lag15,770.0,14-93,14-94,14-94,8236.91406,5106.0,
14,51,14-51,manggarai_air_lag4,625.0,14-95,14-96,14-96,4252.73633,572.0,
14,52,14-52,manggarai_air_lag21,700.0,14-97,14-98,14-98,4010.19922,570.0,
14,53,14-53,depok_cuaca_lag5_hujan,1.0,14-99,14-100,14-100,2665.64062,1226.0,
14,54,14-54,depok_cuaca_lag6_hujan,1.0,14-101,14-102,14-102,1290.66016,61.0,
14,55,14-55,dayofyear_sin,-0.422780663,14-103,14-104,14-104,6435.96875,1129.0,
14,56,14-56,depok_air_lag8,120.0,14-105,14-106,14-106,3193.4375,112.0,
14,57,14-57,katulampa_air_lag3,35.0,14-107,14-108,14-108,6211.07031,535.0,
14,58,14-58,depok_air_lag8,155.0,14-109,14-110,14-110,61352.7539,15.0,
14,59,14-59,time_index,24567.0,14-111,14-112,14-112,3351.60938,229.0,
14,60,14-60,manggarai_air_lag3,795.0,14-113,14-114,14-114,3822.1875,283.0,
14,61,14-61,dayofyear_sin,-0.0730451867,14-115,14-116,14-116,1669.92188,71.0,
14,62,14-62,time_index,29749.0,14-117,14-118,14-118,2000.76562,52.0,
14,63,14-63,time_index,17929.0,14-119,14-120,14-120,201.75,1433.0,
14,64,14-64,manggarai_air_lag4,585.0,14-121,14-122,14-122,925.328125,113.0,
14,65,14-65,Leaf,,,,,1.09837806,3.0,
14,66,14-66,Leaf,,,,,-0.554971337,1.0,
14,67,14-67,depok_cuaca_lag1_hujan,1.0,14-123,14-124,14-124,6024.34375,3506.0,
14,68,14-68,dayofyear_cos,0.652345598,14-125,14-126,14-126,186.68042,7.0,
14,69,14-69,depok_air_lag10,80.0,14-127,14-128,14-128,816.975891,79.0,
14,70,14-70,dayofyear_cos,-0.518505156,14-129,14-130,14-130,1067.47266,21.0,
14,71,14-71,manggarai_air_lag15,585.0,14-131,14-132,14-132,2388.5625,3250.0,
14,72,14-72,manggarai_air_lag12,651.0,14-133,14-134,14-134,1296.38879,93.0,
14,73,14-73,depok_air_lag20,92.5,14-135,14-136,14-136,713.391357,53.0,
14,74,14-74,depok_air_lag10,102.5,14-137,14-138,14-138,914.828918,56.0,
14,75,14-75,depok_cuaca_lag6_hujan,1.0,14-139,14-140,14-140,8443.96094,3868.0,
14,76,14-76,Leaf,,,,,3.40274048,6.0,
14,77,14-77,Leaf,,,,,-14.3015165,1.0,
14,78,14-78,manggarai_air_lag4,625.0,14-141,14-142,14-142,1.08128691,3.0,
14,79,14-79,depok_air_lag9,165.0,14-143,14-144,14-144,768.087891,17.0,
14,80,14-80,dayofyear_cos,0.724003792,14-145,14-146,14-146,1496.68103,53.0,
14,81,14-81,dayofyear_cos,0.999251008,14-147,14-148,14-148,644.904297,64.0,
14,82,14-82,depok_air_lag6,160.0,14-149,14-150,14-150,3183.66602,45.0,
14,83,14-83,Leaf,,,,,-1.19816589,1.0,
14,84,14-84,manggarai_air_lag20,645.0,14-151,14-152,14-152,0.499023438,9.0,
14,85,14-85,Leaf,,,,,2.04510403,6.0,
14,86,14-86,Leaf,,,,,3.74163222,6.0,
14,87,14-87,depok_air_lag12,74.0,14-153,14-154,14-154,8083.75244,710.0,
14,88,14-88,depok_air_lag7,106.0,14-155,14-156,14-156,2794.9082,3037.0,
14,89,14-89,depok_air_lag23,85.0,14-157,14-158,14-158,1294.77832,291.0,
14,90,14-90,katulampa_air_lag3,45.0,14-159,14-160,14-160,1637.67871,18.0,
14,91,14-91,manggarai_air_lag4,650.0,14-161,14-162,14-162,953.285522,104.0,
14,92,14-92,depok_air_lag12,96.0,14-163,14-164,14-164,2141.23877,333.0,
14,93,14-93,manggarai_air_lag17,650.0,14-165,14-166,14-166,4017.53125,5088.0,
14,94,14-94,dayofyear_sin,0.863867104,14-167,14-168,14-168,78497.8594,18.0,
14,95,14-95,depok_air_lag3,102.5,14-169,14-170,14-170,1321.75757,16.0,
14,96,14-96,manggarai_air_lag20,598.0,14-171,14-172,14-172,1645.25,556.0,
14,97,14-97,manggarai_cuaca_lag2_hujan,1.0,14-173,14-174,14-174,5646.31641,558.0,
14,98,14-98,depok_air_lag8,120.0,14-175,14-176,14-176,8513.29688,12.0,
14,99,14-99,dayofyear_sin,0.769030869,14-177,14-178,14-178,4161.38281,1118.0,
14,100,14-100,depok_air_lag7,120.0,14-179,14-180,14-180,2351.56055,108.0,
14,101,14-101,depok_air_lag20,240.0,14-181,14-182,14-182,418.541016,52.0,
14,102,14-102,manggarai_air_lag4,765.0,14-183,14-184,14-184,453.324219,9.0,
14,103,14-103,katulampa_air_lag19,100.0,14-185,14-186,14-186,7298.76172,287.0,
14,104,14-104,depok_air_lag8,130.0,14-187,14-188,14-188,4798.20312,842.0,
14,105,14-105,depok_air_lag6,185.0,14-189,14-190,14-190,1049.41309,32.0,
14,106,14-106,time_index,18863.0,14-191,14-192,14-192,452.195312,80.0,
14,107,14-107,depok_air_lag20,195.0,14-193,14-194,14-194,7177.20605,332.0,
14,108,14-108,depok_cuaca_lag7_hujan,1.0,14-195,14-196,14-196,3760.8125,203.0,
14,109,14-109,depok_air_lag16,86.0,14-197,14-198,14-198,487.790649,14.0,
14,110,14-110,Leaf,,,,,-17.8916798,1.0,
14,111,14-111,dayofyear_cos,0.421806067,14-199,14-200,14-200,1407.73438,156.0,
14,112,14-112,manggarai_air_lag3,635.0,14-201,14-202,14-202,1657.04883,73.0,
14,113,14-113,depok_air_lag12,180.0,14-203,14-204,14-204,1192.0,230.0,
14,114,14-114,depok_air_lag6,125.0,14-205,14-206,14-206,382.757812,53.0,
14,115,14-115,depok_air_lag7,175.0,14-207,14-208,14-208,761.917969,32.0,
14,116,14-116,manggarai_air_lag15,835.0,14-209,14-210,14-210,107.910156,39.0,
14,117,14-117,depok_air_lag3,130.0,14-211,14-212,14-212,45.6875,45.0,
14,118,14-118,Leaf,,,,,2.43977356,7.0,
14,119,14-119,Leaf,,,,,-1.61745393,1431.0,
14,120,14-120,Leaf,,,,,-0.37428388,2.0,
14,121,14-121,Leaf,,,,,-1.33740425,107.0,
14,122,14-122,Leaf,,,,,-0.0525364466,6.0,
14,123,14-123,Leaf,,,,,-1.06401241,3386.0,
14,124,14-124,Leaf,,,,,-0.339505255,120.0,
14,125,14-125,Leaf,,,,,2.11291957,6.0,
14,126,14-126,Leaf,,,,,0.293237299,1.0,
14,127,14-127,Leaf,,,,,-0.654536784,12.0,
14,128,14-128,Leaf,,,,,0.21095033,67.0,
14,129,14-129,Leaf,,,,,2.92919326,8.0,
14,130,14-130,Leaf,,,,,1.29712176,13.0,
14,131,14-131,Leaf,,,,,-1.2516619,87.0,
14,132,14-132,Leaf,,,,,-0.71758312,3163.0,
14,133,14-133,Leaf,,,,,-0.225888416,90.0,
14,134,14-134,Leaf,,,,,1.61510015,3.0,
14,135,14-135,Leaf,,,,,-0.124490798,27.0,
14,136,14-136,Leaf,,,,,-0.856857419,26.0,
14,137,14-137,Leaf,,,,,-0.068667382,27.0,
14,138,14-138,Leaf,,,,,0.731355608,29.0,
14,139,14-139,Leaf,,,,,-0.383634508,3653.0,
14,140,14-140,Leaf,,,,,0.260279894,215.0,
14,141,14-141,Leaf,,,,,-0.0511088073,2.0,
14,142,14-142,Leaf,,,,,-0.198034674,1.0,
14,143,14-143,Leaf,,,,,-1.04559112,16.0,
14,144,14-144,Leaf,,,,,1.11928105,1.0,
14,145,14-145,Leaf,,,,,0.901058197,31.0,
14,146,14-146,Leaf,,,,,-0.163952902,22.0,
14,147,14-147,Leaf,,,,,1.59550261,61.0,
14,148,14-148,Leaf,,,,,0.0701309219,3.0,
14,149,14-149,Leaf,,,,,0.750241458,44.0,
14,150,14-150,Leaf,,,,,-3.34887099,1.0,
14,151,14-151,Leaf,,,,,2.33890009,7.0,
14,152,14-152,Leaf,,,,,0.94690752,2.0,
14,153,14-153,Leaf,,,,,-2.50297976,15.0,
14,154,14-154,Leaf,,,,,-0.228447825,695.0,
14,155,14-155,Leaf,,,,,0.0632576495,2554.0,
14,156,14-156,Leaf,,,,,0.325387657,483.0,
14,157,14-157,Leaf,,,,,-0.175382555,27.0,
14,158,14-158,Leaf,,,,,0.54593271,264.0,
14,159,14-159,Leaf,,,,,1.10946882,13.0,
14,160,14-160,Leaf,,,,,3.27137756,5.0,
14,161,14-161,Leaf,,,,,0.18885313,22.0,
14,162,14-162,Leaf,,,,,-0.544391036,82.0,
14,163,14-163,Leaf,,,,,1.16101003,22.0,
14,164,14-164,Leaf,,,,,0.159984469,311.0,
14,165,14-165,Leaf,,,,,0.29929629,779.0,
14,166,14-166,Leaf,,,,,0.546723545,4309.0,
14,167,14-167,Leaf,,,,,0.590193391,17.0,
14,168,14-168,Leaf,,,,,-20.3243294,1.0,
14,169,14-169,Leaf,,,,,-0.326650172,10.0,
14,170,14-170,Leaf,,,,,-2.15889454,6.0,
14,171,14-171,Leaf,,,,,-0.160573557,34.0,
14,172,14-172,Leaf,,,,,0.553164959,522.0,
14,173,14-173,Leaf,,,,,0.902642071,518.0,
14,174,14-174,Leaf,,,,,2.13224435,40.0,
14,175,14-175,Leaf,,,,,0.547340572,10.0,
14,176,14-176,Leaf,,,,,-5.48346138,2.0,
14,177,14-177,Leaf,,,,,0.771326363,356.0,
14,178,14-178,Leaf,,,,,1.19049466,762.0,
14,179,14-179,Leaf,,,,,1.41108704,98.0,
14,180,14-180,Leaf,,,,,3.03207397,10.0,
14,181,14-181,Leaf,,,,,1.82613492,51.0,
14,182,14-182,Leaf,,,,,-0.123385623,1.0,
14,183,14-183,Leaf,,,,,3.76744461,6.0,
14,184,14-184,Leaf,,,,,1.43080604,3.0,
14,185,14-185,Leaf,,,,,1.25652528,282.0,
14,186,14-186,Leaf,,,,,-2.30175996,5.0,
14,187,14-187,Leaf,,,,,1.36939418,254.0,
14,188,14-188,Leaf,,,,,1.90485942,588.0,
14,189,14-189,Leaf,,,,,1.13637888,12.0,
14,190,14-190,Leaf,,,,,2.47904754,20.0,
14,191,14-191,Leaf,,,,,3.60027742,55.0,
14,192,14-192,Leaf,,,,,2.66388965,25.0,
14,193,14-193,Leaf,,,,,0.65550983,323.0,
14,194,14-194,Leaf,,,,,-2.07080197,9.0,
14,195,14-195,Leaf,,,,,1.04535472,160.0,
14,196,14-196,Leaf,,,,,2.11096478,43.0,
14,197,14-197,Leaf,,,,,1.39932513,6.0,
14,198,14-198,Leaf,,,,,0.222033024,8.0,
14,199,14-199,Leaf,,,,,2.44705367,87.0,
14,200,14-200,Leaf,,,,,1.75472224,69.0,
14,201,14-201,Leaf,,,,,-0.566273212,4.0,
14,202,14-202,Leaf,,,,,1.41000605,69.0,
14,203,14-203,Leaf,,,,,2.95113921,148.0,
14,204,14-204,Leaf,,,,,2.34734964,82.0,
14,205,14-205,Leaf,,,,,1.67800295,3.0,
14,206,14-206,Leaf,,,,,3.87316442,50.0,
14,207,14-207,Leaf,,,,,1.71867681,3.0,
14,208,14-208,Leaf,,,,,4.35015821,29.0,
14,209,14-209,Leaf,,,,,2.93561816,38.0,
14,210,14-210,Leaf,,,,,0.727478027,1.0,
14,211,14-211,Leaf,,,,,1.405954,1.0,
14,212,14-212,Leaf,,,,,4.93516111,44.0,
15,0,15-0,manggarai_air_lag1,640.0,15-1,15-2,15-2,1303733.62,27106.0,
15,1,15-1,manggarai_air_lag1,595.0,15-3,15-4,15-4,179796.312,14787.0,
15,2,15-2,manggarai_air_lag1,690.0,15-5,15-6,15-6,373288.938,12319.0,
15,3,15-3,manggarai_air_lag20,20.0,15-7,15-8,15-8,41111.375,5241.0,
15,4,15-4,manggarai_air_lag1,615.0,15-9,15-10,15-10,46976.9688,9546.0,
15,5,15-5,manggarai_air_lag1,658.0,15-11,15-12,15-12,58900.0938,10220.0,
15,6,15-6,manggarai_air_lag1,740.0,15-13,15-14,15-14,68936.5625,2099.0,
15,7,15-7,Leaf,,,,,-15.4657993,1.0,
15,8,15-8,manggarai_air_lag5,580.0,15-15,15-16,15-16,27492.75,5240.0,
15,9,15-9,depok_air_lag6,145.0,15-17,15-18,15-18,5826.78125,5150.0,
15,10,15-10,manggarai_air_lag3,570.0,15-19,15-20,15-20,13419.5225,4396.0,
15,11,15-11,manggarai_air_lag2,640.0,15-21,15-22,15-22,10093.4766,6614.0,
15,12,15-12,manggarai_air_lag2,660.0,15-23,15-24,15-24,14990.0781,3606.0,
15,13,15-13,depok_air_lag12,120.0,15-25,15-26,15-26,14218.7188,1551.0,
15,14,15-14,manggarai_air_lag1,775.0,15-27,15-28,15-28,13749.4688,548.0,
15,15,15-15,manggarai_air_lag3,592.5,15-29,15-30,15-30,16654.9062,1849.0,
15,16,15-16,manggarai_air_lag2,630.0,15-31,15-32,15-32,8720.21875,3391.0,
15,17,15-17,manggarai_air_lag1,605.0,15-33,15-34,15-34,2509.79688,5108.0,
15,18,15-18,time_index,24567.0,15-35,15-36,15-36,2437.91064,42.0,
15,19,15-19,manggarai_air_lag9,575.0,15-37,15-38,15-38,51763.8281,8.0,
15,20,15-20,manggarai_air_lag2,602.5,15-39,15-40,15-40,8411.10742,4388.0,
15,21,15-21,depok_air_lag3,195.0,15-41,15-42,15-42,2879.33789,236.0,
15,22,15-22,depok_air_lag8,170.0,15-43,15-44,15-44,8207.50391,6378.0,
15,23,15-23,depok_cuaca_lag6_hujan,1.0,15-45,15-46,15-46,4815.76562,320.0,
15,24,15-24,manggarai_air_lag1,670.0,15-47,15-48,15-48,8270.89062,3286.0,
15,25,15-25,manggarai_air_lag2,680.0,15-49,15-50,15-50,5039.28125,610.0,
15,26,15-26,manggarai_air_lag1,710.0,15-51,15-52,15-52,9579.39062,941.0,
15,27,15-27,manggarai_cuaca_lag1_hujan,1.0,15-53,15-54,15-54,4313.75,355.0,
15,28,15-28,manggarai_air_lag1,820.0,15-55,15-56,15-56,4847.79688,193.0,
15,29,15-29,manggarai_air_lag1,580.0,15-57,15-58,15-58,2850.15625,1843.0,
15,30,15-30,hour_sin,0.5,15-59,15-60,15-60,33280.4531,6.0,
15,31,15-31,manggarai_air_lag1,585.0,15-61,15-62,15-62,4385.0625,3369.0,
15,32,15-32,dayofyear_cos,-0.29959476,15-63,15-64,15-64,653.515137,22.0,
15,33,15-33,time_index,26957.0,15-65,15-66,15-66,1143.53125,3335.0,
15,34,15-34,manggarai_air_lag3,620.0,15-67,15-68,15-68,3737.80078,1773.0,
15,35,15-35,manggarai_air_lag17,640.0,15-69,15-70,15-70,1527.39673,36.0,
15,36,15-36,hour_sin,0.965925813,15-71,15-72,15-72,29.7825928,6.0,
15,37,15-37,Leaf,,,,,-14.7405491,2.0,
15,38,15-38,depok_air_lag20,86.0,15-73,15-74,15-74,813.445374,6.0,
15,39,15-39,manggarai_air_lag1,625.0,15-75,15-76,15-76,3069.23486,72.0,
15,40,15-40,manggarai_air_lag4,598.0,15-77,15-78,15-78,7862.42578,4316.0,
15,41,15-41,depok_air_lag6,125.0,15-79,15-80,15-80,2119.41602,235.0,
15,42,15-42,Leaf,,,,,-2.87557077,1.0,
15,43,15-43,manggarai_air_lag17,645.0,15-81,15-82,15-82,7942.48828,6371.0,
15,44,15-44,hour_sin,1.22464685e-16,15-83,15-84,15-84,33020.9219,7.0,
15,45,15-45,manggarai_air_lag3,592.5,15-85,15-86,15-86,3623.875,243.0,
15,46,15-46,manggarai_air_lag1,680.0,15-87,15-88,15-88,2005.94922,77.0,
15,47,15-47,manggarai_air_lag3,670.0,15-89,15-90,15-90,3344.4375,1391.0,
15,48,15-48,manggarai_air_lag3,685.0,15-91,15-92,15-92,2586.92188,1895.0,
15,49,15-49,manggarai_cuaca_lag1_hujan,1.0,15-93,15-94,15-94,6790.5625,128.0,
15,50,15-50,manggarai_air_lag5,570.0,15-95,15-96,15-96,4699.07812,482.0,
15,51,15-51,depok_air_lag9,160.0,15-97,15-98,15-98,8472.34375,551.0,
15,52,15-52,depok_air_lag13,175.0,15-99,15-100,15-100,2866.14844,390.0,
15,53,15-53,manggarai_air_lag2,651.0,15-101,15-102,15-102,2991.375,313.0,
15,54,15-54,manggarai_air_lag12,732.5,15-103,15-104,15-104,1661.22656,42.0,
15,55,15-55,depok_air_lag14,180.0,15-105,15-106,15-106,1803.15625,159.0,
15,56,15-56,Leaf,,,,,4.80799437,34.0,
15,57,15-57,depok_air_lag9,125.0,15-107,15-108,15-108,1842.3125,1786.0,
15,58,15-58,depok_air_lag3,86.0,15-109,15-110,15-110,1020.68408,57.0,
15,59,15-59,Leaf,,,,,-1.60888672,5.0,
15,60,15-60,Leaf,,,,,-17.2648602,1.0,
15,61,15-61,manggarai_air_lag2,625.0,15-111,15-112,15-112,3764.17188,1156.0,
15,62,15-62,time_index,25496.0,15-113,15-114,15-114,3290.875,2213.0,
15,63,15-63,time_index,25496.0,15-115,15-116,15-116,87.7973862,5.0,
15,64,15-64,dayofyear_cos,0.652345598,15-117,15-118,15-118,774.159912,17.0,
15,65,15-65,manggarai_air_lag2,592.5,15-119,15-120,15-120,1093.70312,3332.0,
15,66,15-66,Leaf,,,,,1.07365727,3.0,
15,67,15-67,manggarai_air_lag3,602.5,15-121,15-122,15-122,1496.61523,1577.0,
15,68,15-68,manggarai_cuaca_lag12_hujan,1.0,15-123,15-124,15-124,7369.09961,196.0,
15,69,15-69,dayofyear_cos,-0.891152918,15-125,15-126,15-126,1338.50244,25.0,
15,70,15-70,depok_cuaca_lag9_hujan,1.0,15-127,15-128,15-128,552.47406,11.0,
15,71,15-71,Leaf,,,,,-0.460148096,2.0,
15,72,15-72,Leaf,,,,,-1.34657717,4.0,
15,73,15-73,time_index,2281.0,15-129,15-130,15-130,12.0033646,2.0,
15,74,15-74,Leaf,,,,,1.86647344,4.0,
15,75,15-75,depok_air_lag23,102.5,15-131,15-132,15-132,2121.09546,55.0,
15,76,15-76,depok_air_lag9,92.5,15-133,15-134,15-134,2397.1709,17.0,
15,77,15-77,hour_sin,-0.866025388,15-135,15-136,15-136,41749.8555,70.0,
15,78,15-78,manggarai_cuaca_lag1_hujan,1.0,15-137,15-138,15-138,5155.85791,4246.0,
15,79,15-79,depok_cuaca_lag5_hujan,1.0,15-139,15-140,15-140,2197.05957,191.0,
15,80,15-80,depok_air_lag9,111.0,15-141,15-142,15-142,1491.76367,44.0,
15,81,15-81,hour_sin,0.866025388,15-143,15-144,15-144,2043.25708,1944.0,
15,82,15-82,katulampa_air_lag4,75.0,15-145,15-146,15-146,5455.93359,4427.0,
15,83,15-83,time_index,25496.0,15-147,15-148,15-148,19877.8477,2.0,
15,84,15-84,depok_air_lag3,111.0,15-149,15-150,15-150,1259.87268,5.0,
15,85,15-85,time_index,11709.0,15-151,15-152,15-152,1423.46289,13.0,
15,86,15-86,depok_air_lag23,165.0,15-153,15-154,15-154,2607.28516,230.0,
15,87,15-87,time_index,18863.0,15-155,15-156,15-156,1269.25,63.0,
15,88,15-88,depok_air_lag8,125.0,15-157,15-158,15-158,615.912109,14.0,
15,89,15-89,manggarai_air_lag2,685.0,15-159,15-160,15-160,1473.375,1020.0,
15,90,15-90,manggarai_air_lag9,650.0,15-161,15-162,15-162,1270.93896,371.0,
15,91,15-91,manggarai_air_lag2,710.0,15-163,15-164,15-164,1870.28906,1357.0,
15,92,15-92,manggarai_air_lag1,685.0,15-165,15-166,15-166,2116.82812,538.0,
15,93,15-93,depok_air_lag6,96.0,15-167,15-168,15-168,5671.67578,108.0,
15,94,15-94,dayofyear_cos,0.104100749,15-169,15-170,15-170,3615.06641,20.0,
15,95,15-95,Leaf,,,,,-3.16706252,1.0,
15,96,15-96,depok_air_lag6,106.0,15-171,15-172,15-172,3195.35938,481.0,
15,97,15-97,depok_air_lag12,150.0,15-173,15-174,15-174,3203.71094,539.0,
15,98,15-98,dayofyear_cos,0.598690689,15-175,15-176,15-176,72467.8516,12.0,
15,99,15-99,manggarai_air_lag2,665.0,15-177,15-178,15-178,2156.10938,308.0,
15,100,15-100,depok_air_lag24,125.0,15-179,15-180,15-180,2041.37891,82.0,
15,101,15-101,Leaf,,,,,-1.81528628,1.0,
15,102,15-102,depok_air_lag10,130.0,15-181,15-182,15-182,1661.73438,312.0,
15,103,15-103,dayofyear_cos,0.305743068,15-183,15-184,15-184,2138.26953,37.0,
15,104,15-104,time_index,4537.0,15-185,15-186,15-186,98.6942139,5.0,
15,105,15-105,dayofyear_cos,0.869763851,15-187,15-188,15-188,1120.17188,108.0,
15,106,15-106,manggarai_air_lag2,775.0,15-189,15-190,15-190,768.410156,51.0,
15,107,15-107,Leaf,,,,,-1.42336023,1781.0,
15,108,15-108,Leaf,,,,,0.425110877,5.0,
15,109,15-109,Leaf,,,,,-0.850555897,49.0,
15,110,15-110,Leaf,,,,,0.331871212,8.0,
15,111,15-111,Leaf,,,,,-1.09818542,1155.0,
15,112,15-112,Leaf,,,,,-5.51026011,1.0,
15,113,15-113,Leaf,,,,,-0.826821625,2032.0,
15,114,15-114,Leaf,,,,,-1.27567756,181.0,
15,115,15-115,Leaf,,,,,-0.303494275,3.0,
15,116,15-116,Leaf,,,,,0.412158221,2.0,
15,117,15-117,Leaf,,,,,1.70475852,12.0,
15,118,15-118,Leaf,,,,,0.19682312,5.0,
15,119,15-119,Leaf,,,,,-0.26125893,73.0,
15,120,15-120,Leaf,,,,,-0.657452524,3259.0,
15,121,15-121,Leaf,,,,,-0.14967604,154.0,
15,122,15-122,Leaf,,,,,-0.479060709,1423.0,
15,123,15-123,Leaf,,,,,-0.72402972,181.0,
15,124,15-124,Leaf,,,,,-2.9749558,15.0,
15,125,15-125,Leaf,,,,,0.286332399,9.0,
15,126,15-126,Leaf,,,,,1.83144128,16.0,
15,127,15-127,Leaf,,,,,-0.518248856,8.0,
15,128,15-128,Leaf,,,,,0.895173669,3.0,
15,129,15-129,Leaf,,,,,-0.509329259,1.0,
15,130,15-130,Leaf,,,,,-0.0397308357,1.0,
15,131,15-131,Leaf,,,,,0.729725063,51.0,
15,132,15-132,Leaf,,,,,-1.44167602,4.0,
15,133,15-133,Leaf,,,,,3.11411452,9.0,
15,134,15-134,Leaf,,,,,0.681361198,8.0,
15,135,15-135,Leaf,,,,,-10.0077353,4.0,
15,136,15-136,Leaf,,,,,-0.519135237,66.0,
15,137,15-137,Leaf,,,,,-0.155956581,4076.0,
15,138,15-138,Leaf,,,,,0.404638499,170.0,
15,139,15-139,Leaf,,,,,0.663997412,152.0,
15,140,15-140,Leaf,,,,,1.50968766,39.0,
15,141,15-141,Leaf,,,,,2.12929583,25.0,
15,142,15-142,Leaf,,,,,0.885197163,19.0,
15,143,15-143,Leaf,,,,,0.187424496,1576.0,
15,144,15-144,Leaf,,,,,-0.0740960389,368.0,
15,145,15-145,Leaf,,,,,0.388064325,4407.0,
15,146,15-146,Leaf,,,,,-1.22976363,20.0,
15,147,15-147,Leaf,,,,,0.136022955,1.0,
15,148,15-148,Leaf,,,,,-16.9970951,1.0,
15,149,15-149,Leaf,,,,,-0.200624585,2.0,
15,150,15-150,Leaf,,,,,2.78034973,3.0,
15,151,15-151,Leaf,,,,,3.50724578,9.0,
15,152,15-152,Leaf,,,,,0.950642109,4.0,
15,153,15-153,Leaf,,,,,1.09637809,226.0,
15,154,15-154,Leaf,,,,,3.46274543,4.0,
15,155,15-155,Leaf,,,,,2.34085417,32.0,
15,156,15-156,Leaf,,,,,1.34327793,31.0,
15,157,15-157,Leaf,,,,,3.78150415,10.0,
15,158,15-158,Leaf,,,,,1.59710574,4.0,
15,159,15-159,Leaf,,,,,0.679331601,1017.0,
15,160,15-160,Leaf,,,,,-1.27291262,3.0,
15,161,15-161,Leaf,,,,,-0.0140149212,87.0,
15,162,15-162,Leaf,,,,,0.422495812,284.0,
15,163,15-163,Leaf,,,,,0.983676136,1350.0,
15,164,15-164,Leaf,,,,,-0.58832401,7.0,
15,165,15-165,Leaf,,,,,0.594622552,403.0,
15,166,15-166,Leaf,,,,,1.05616498,135.0,
15,167,15-167,Leaf,,,,,0.0656295791,11.0,
15,168,15-168,Leaf,,,,,2.46644235,97.0,
15,169,15-169,Leaf,,,,,5.79769182,9.0,
15,170,15-170,Leaf,,,,,2.66148162,11.0,
15,171,15-171,Leaf,,,,,1.31174135,94.0,
15,172,15-172,Leaf,,,,,1.99297988,387.0,
15,173,15-173,Leaf,,,,,1.36687267,322.0,
15,174,15-174,Leaf,,,,,0.860362828,217.0,
15,175,15-175,Leaf,,,,,1.60668492,11.0,
15,176,15-176,Leaf,,,,,-18.9808788,1.0,
15,177,15-177,Leaf,,,,,-1.63994443,1.0,
15,178,15-178,Leaf,,,,,1.91890657,307.0,
15,179,15-179,Leaf,,,,,1.4668752,64.0,
15,180,15-180,Leaf,,,,,0.247804984,18.0,
15,181,15-181,Leaf,,,,,2.99361849,54.0,
15,182,15-182,Leaf,,,,,2.29000044,258.0,
15,183,15-183,Leaf,,,,,4.83299971,15.0,
15,184,15-184,Leaf,,,,,2.89700007,22.0,
15,185,15-185,Leaf,,,,,0.235086069,1.0,
15,186,15-186,Leaf,,,,,1.61776376,4.0,
15,187,15-187,Leaf,,,,,3.64796376,107.0,
15,188,15-188,Leaf,,,,,0.139874265,1.0,
15,189,15-189,Leaf,,,,,0.801931798,3.0,
15,190,15-190,Leaf,,,,,2.8074863,48.0,
16,0,16-0,manggarai_air_lag1,630.0,16-1,16-2,16-2,1064244.38,27188.0,
16,1,16-1,manggarai_air_lag1,595.0,16-3,16-4,16-4,102804.125,13213.0,
16,2,16-2,manggarai_air_lag1,685.0,16-5,16-6,16-6,339829.188,13975.0,
16,3,16-3,manggarai_air_lag17,575.0,16-7,16-8,16-8,22125.5938,5172.0,
16,4,16-4,manggarai_air_lag1,607.5,16-9,16-10,16-10,21120.1719,8041.0,
16,5,16-5,manggarai_air_lag1,655.0,16-11,16-12,16-12,52892.2188,11609.0,
16,6,16-6,manggarai_air_lag1,732.5,16-13,16-14,16-14,74110.9375,2366.0,
16,7,16-7,manggarai_cuaca_lag4_hujan,1.0,16-15,16-16,16-16,12447.6562,1681.0,
16,8,16-8,depok_air_lag7,20.0,16-17,16-18,16-18,14997.7812,3491.0,
16,9,16-9,depok_air_lag9,165.0,16-19,16-20,16-20,2689.03125,4026.0,
16,10,16-10,depok_air_lag10,137.5,16-21,16-22,16-22,12845.2129,4015.0,
16,11,16-11,manggarai_air_lag1,645.0,16-23,16-24,16-24,12480.2656,8032.0,
16,12,16-12,manggarai_air_lag2,650.0,16-25,16-26,16-26,15330.2812,3577.0,
16,13,16-13,depok_air_lag12,135.0,16-27,16-28,16-28,11273.2812,1757.0,
16,14,16-14,manggarai_air_lag1,780.0,16-29,16-30,16-30,12281.1875,609.0,
16,15,16-15,manggarai_cuaca_lag1_hujan,1.0,16-31,16-32,16-32,1698.375,1674.0,
16,16,16-16,time_index,157.0,16-33,16-34,16-34,32975.4609,7.0,
16,17,16-17,time_index,289.0,16-35,16-36,16-36,23764.5371,3.0,
16,18,16-18,depok_air_lag9,106.0,16-37,16-38,16-38,9526.54688,3488.0,
16,19,16-19,dayofyear_sin,-0.999832988,16-39,16-40,16-40,2088.14062,4024.0,
16,20,16-20,Leaf,,,,,2.43249726,2.0,
16,21,16-21,manggarai_air_lag2,607.5,16-41,16-42,16-42,6483.24609,4008.0,
16,22,16-22,time_index,289.0,16-43,16-44,16-44,39056.5625,7.0,
16,23,16-23,manggarai_air_lag2,645.0,16-45,16-46,16-46,3191.90771,3726.0,
16,24,16-24,manggarai_air_lag2,630.0,16-47,16-48,16-48,8596.44922,4306.0,
16,25,16-25,depok_air_lag9,106.0,16-49,16-50,16-50,4397.78125,168.0,
16,26,16-26,manggarai_air_lag1,675.0,16-51,16-52,16-52,6875.8125,3409.0,
16,27,16-27,manggarai_air_lag1,710.0,16-53,16-54,16-54,7187.07812,972.0,
16,28,16-28,manggarai_air_lag1,705.0,16-55,16-56,16-56,5021.10156,785.0,
16,29,16-29,manggarai_cuaca_lag1_hujan,1.0,16-57,16-58,16-58,6163.0625,442.0,
16,30,16-30,manggarai_air_lag1,835.0,16-59,16-60,16-60,3001.28125,167.0,
16,31,16-31,depok_air_lag13,85.0,16-61,16-62,16-62,1123.78125,1660.0,
16,32,16-32,manggarai_air_lag14,570.0,16-63,16-64,16-64,948.931152,14.0,
16,33,16-33,Leaf,,,,,-16.4016171,1.0,
16,34,16-34,depok_air_lag20,102.5,16-65,16-66,16-66,3.02233887,6.0,
16,35,16-35,Leaf,,,,,-14.6925097,1.0,
16,36,16-36,Leaf,,,,,0.489943475,2.0,
16,37,16-37,manggarai_cuaca_lag1_hujan,1.0,16-67,16-68,16-68,3907.4375,3451.0,
16,38,16-38,depok_air_lag3,96.0,16-69,16-70,16-70,2389.57324,37.0,
16,39,16-39,depok_air_lag20,92.5,16-71,16-72,16-72,83317.1719,60.0,
16,40,16-40,time_index,26957.0,16-73,16-74,16-74,1686.50781,3964.0,
16,41,16-41,depok_air_lag3,155.0,16-75,16-76,16-76,2443.07373,183.0,
16,42,16-42,manggarai_air_lag1,620.0,16-77,16-78,16-78,4763.17188,3825.0,
16,43,16-43,Leaf,,,,,-16.361639,1.0,
16,44,16-44,time_index,18197.0,16-79,16-80,16-80,352.784882,6.0,
16,45,16-45,manggarai_air_lag3,630.0,16-81,16-82,16-82,2754.40283,3405.0,
16,46,16-46,depok_air_lag16,185.0,16-83,16-84,16-84,2496.44043,321.0,
16,47,16-47,manggarai_air_lag21,625.0,16-85,16-86,16-86,2156.75488,49.0,
16,48,16-48,depok_air_lag8,170.0,16-87,16-88,16-88,9175.125,4257.0,
16,49,16-49,time_index,11045.0,16-89,16-90,16-90,4403.65234,94.0,
16,50,16-50,manggarai_air_lag6,645.0,16-91,16-92,16-92,870.28125,74.0,
16,51,16-51,manggarai_air_lag3,675.0,16-93,16-94,16-94,3724.47656,2334.0,
16,52,16-52,depok_air_lag12,137.5,16-95,16-96,16-96,2386.66406,1075.0,
16,53,16-53,manggarai_air_lag2,685.0,16-97,16-98,16-98,4452.4375,662.0,
16,54,16-54,manggarai_air_lag2,700.0,16-99,16-100,16-100,3525.42969,310.0,
16,55,16-55,depok_air_lag23,96.0,16-101,16-102,16-102,4711.51758,422.0,
16,56,16-56,katulampa_air_lag19,90.0,16-103,16-104,16-104,5853.8125,363.0,
16,57,16-57,depok_air_lag7,205.0,16-105,16-106,16-106,2479.25,391.0,
16,58,16-58,manggarai_air_lag9,765.0,16-107,16-108,16-108,2149.14844,51.0,
16,59,16-59,depok_air_lag8,220.0,16-109,16-110,16-110,1186.39062,154.0,
16,60,16-60,Leaf,,,,,5.02647209,13.0,
16,61,16-61,depok_air_lag10,102.5,16-111,16-112,16-112,500.84375,1575.0,
16,62,16-62,depok_air_lag10,92.5,16-113,16-114,16-114,419.300781,85.0,
16,63,16-63,dayofyear_cos,0.985240281,16-115,16-116,16-116,100.475952,6.0,
16,64,16-64,dayofyear_cos,0.293433964,16-117,16-118,16-118,663.165161,8.0,
16,65,16-65,Leaf,,,,,-1.4001435,5.0,
16,66,16-66,Leaf,,,,,-0.388702393,1.0,
16,67,16-67,manggarai_air_lag1,586.0,16-119,16-120,16-120,3030.84375,3383.0,
16,68,16-68,hour_sin,-0.707106769,16-121,16-122,16-122,6141.56982,68.0,
16,69,16-69,depok_air_lag7,102.5,16-123,16-124,16-124,567.385132,17.0,
16,70,16-70,katulampa_air_lag14,45.0,16-125,16-126,16-126,328.299805,20.0,
16,71,16-71,manggarai_air_lag17,612.5,16-127,16-128,16-128,302.178589,59.0,
16,72,16-72,Leaf,,,,,-21.2421341,1.0,
16,73,16-73,manggarai_air_lag2,592.5,16-129,16-130,16-130,1347.03125,3960.0,
16,74,16-74,dayofyear_cos,-0.768343151,16-131,16-132,16-132,13.0348511,4.0,
16,75,16-75,dayofyear_cos,-0.710519612,16-133,16-134,16-134,2016.49902,176.0,
16,76,16-76,depok_air_lag8,120.0,16-135,16-136,16-136,603.398682,7.0,
16,77,16-77,manggarai_cuaca_lag1_hujan,1.0,16-137,16-138,16-138,3020.98828,1716.0,
16,78,16-78,manggarai_air_lag2,620.0,16-139,16-140,16-140,6404.58545,2109.0,
16,79,16-79,Leaf,,,,,0.692826331,2.0,
16,80,16-80,Leaf,,,,,-0.685145319,4.0,
16,81,16-81,manggarai_cuaca_lag12_hujan,1.0,16-141,16-142,16-142,10031.0762,301.0,
16,82,16-82,manggarai_air_lag1,640.0,16-143,16-144,16-144,1697.21924,3104.0,
16,83,16-83,depok_air_lag9,92.5,16-145,16-146,16-146,1485.10693,319.0,
16,84,16-84,time_index,1485.0,16-147,16-148,16-148,1096.92236,2.0,
16,85,16-85,dayofyear_cos,0.556575537,16-149,16-150,16-150,1377.0293,31.0,
16,86,16-86,manggarai_air_lag4,145.0,16-151,16-152,16-152,558.44751,18.0,
16,87,16-87,katulampa_air_lag4,75.0,16-153,16-154,16-154,6947.48828,4250.0,
16,88,16-88,hour_sin,1.22464685e-16,16-155,16-156,16-156,45664.6992,7.0,
16,89,16-89,dayofyear_cos,-0.0505106188,16-157,16-158,16-158,2534.83594,49.0,
16,90,16-90,manggarai_air_lag1,680.0,16-159,16-160,16-160,2788.09863,45.0,
16,91,16-91,manggarai_air_lag9,640.0,16-161,16-162,16-162,184.05957,55.0,
16,92,16-92,depok_air_lag3,125.0,16-163,16-164,16-164,516.296753,19.0,
16,93,16-93,manggarai_air_lag14,770.0,16-165,16-166,16-166,3611.58594,1873.0,
16,94,16-94,manggarai_air_lag9,670.0,16-167,16-168,16-168,1868.65869,461.0,
16,95,16-95,depok_air_lag10,155.0,16-169,16-170,16-170,2591.63281,922.0,
16,96,16-96,manggarai_cuaca_lag2_hujan,1.0,16-171,16-172,16-172,3475.26733,153.0,
16,97,16-97,depok_air_lag3,92.5,16-173,16-174,16-174,2531.32031,213.0,
16,98,16-98,depok_air_lag7,106.0,16-175,16-176,16-176,2701.72656,449.0,
16,99,16-99,time_index,10777.0,16-177,16-178,16-178,4557.47266,81.0,
16,100,16-100,depok_air_lag7,96.0,16-179,16-180,16-180,2420.28906,229.0,
16,101,16-101,depok_air_lag20,205.0,16-181,16-182,16-182,33321.2188,103.0,
16,102,16-102,manggarai_air_lag17,586.0,16-183,16-184,16-184,1444.03906,319.0,
16,103,16-103,manggarai_air_lag12,780.0,16-185,16-186,16-186,2761.64062,340.0,
16,104,16-104,manggarai_air_lag21,705.0,16-187,16-188,16-188,25461.3535,23.0,
16,105,16-105,depok_air_lag7,106.0,16-189,16-190,16-190,928.65625,340.0,
16,106,16-106,manggarai_air_lag4,550.0,16-191,16-192,16-192,132.023438,51.0,
16,107,16-107,dayofyear_cos,0.305743068,16-193,16-194,16-194,2239.33594,48.0,
16,108,16-108,Leaf,,,,,0.600950658,3.0,
16,109,16-109,katulampa_air_lag5,90.0,16-195,16-196,16-196,924.796875,121.0,
16,110,16-110,Leaf,,,,,3.9231534,33.0,
16,111,16-111,Leaf,,,,,-1.29939294,1571.0,
16,112,16-112,Leaf,,,,,-0.140981451,4.0,
16,113,16-113,Leaf,,,,,-0.94157666,82.0,
16,114,16-114,Leaf,,,,,0.202221677,3.0,
16,115,16-115,Leaf,,,,,-1.17792165,5.0,
16,116,16-116,Leaf,,,,,-0.0464538597,1.0,
16,117,16-117,Leaf,,,,,1.74582922,2.0,
16,118,16-118,Leaf,,,,,-0.0649605915,6.0,
16,119,16-119,Leaf,,,,,-0.975306451,1523.0,
16,120,16-120,Leaf,,,,,-0.782754779,1860.0,
16,121,16-121,Leaf,,,,,1.04627979,27.0,
16,122,16-122,Leaf,,,,,-0.865868986,41.0,
16,123,16-123,Leaf,,,,,0.342836142,10.0,
16,124,16-124,Leaf,,,,,-0.765555561,7.0,
16,125,16-125,Leaf,,,,,1.72638667,14.0,
16,126,16-126,Leaf,,,,,0.671660542,6.0,
16,127,16-127,Leaf,,,,,-0.51229912,58.0,
16,128,16-128,Leaf,,,,,0.783123791,1.0,
16,129,16-129,Leaf,,,,,-0.170570984,82.0,
16,130,16-130,Leaf,,,,,-0.582663,3878.0,
16,131,16-131,Leaf,,,,,0.361004651,1.0,
16,132,16-132,Leaf,,,,,1.42111361,3.0,
16,133,16-133,Leaf,,,,,0.792122185,49.0,
16,134,16-134,Leaf,,,,,0.0420386307,127.0,
16,135,16-135,Leaf,,,,,2.37394857,6.0,
16,136,16-136,Leaf,,,,,-0.129690558,1.0,
16,137,16-137,Leaf,,,,,-0.423123658,1658.0,
16,138,16-138,Leaf,,,,,0.306961328,58.0,
16,139,16-139,Leaf,,,,,0.572947621,108.0,
16,140,16-140,Leaf,,,,,-0.214364097,2001.0,
16,141,16-141,Leaf,,,,,0.588048637,280.0,
16,142,16-142,Leaf,,,,,-1.63130283,21.0,
16,143,16-143,Leaf,,,,,0.0247800294,1301.0,
16,144,16-144,Leaf,,,,,0.174647018,1803.0,
16,145,16-145,Leaf,,,,,-0.770422816,41.0,
16,146,16-146,Leaf,,,,,-0.13159661,278.0,
16,147,16-147,Leaf,,,,,4.03653288,1.0,
16,148,16-148,Leaf,,,,,-0.00991821289,1.0,
16,149,16-149,Leaf,,,,,1.67805564,24.0,
16,150,16-150,Leaf,,,,,3.41648173,7.0,
16,151,16-151,Leaf,,,,,-0.956161499,1.0,
16,152,16-152,Leaf,,,,,0.884960592,17.0,
16,153,16-153,Leaf,,,,,0.359670252,4237.0,
16,154,16-154,Leaf,,,,,-1.87366426,13.0,
16,155,16-155,Leaf,,,,,-16.1472397,1.0,
16,156,16-156,Leaf,,,,,1.13969815,6.0,
16,157,16-157,Leaf,,,,,3.58436775,22.0,
16,158,16-158,Leaf,,,,,1.97310925,27.0,
16,159,16-159,Leaf,,,,,1.00069761,40.0,
16,160,16-160,Leaf,,,,,3.37956047,5.0,
16,161,16-161,Leaf,,,,,1.38324833,38.0,
16,162,16-162,Leaf,,,,,0.861559689,17.0,
16,163,16-163,Leaf,,,,,0.687553823,15.0,
16,164,16-164,Leaf,,,,,-0.495941162,4.0,
16,165,16-165,Leaf,,,,,0.64391011,1847.0,
16,166,16-166,Leaf,,,,,-0.527392805,26.0,
16,167,16-167,Leaf,,,,,0.0298591685,158.0,
16,168,16-168,Leaf,,,,,0.454014271,303.0,
16,169,16-169,Leaf,,,,,0.94891274,913.0,
16,170,16-170,Leaf,,,,,-0.696605206,9.0,
16,171,16-171,Leaf,,,,,0.583695471,149.0,
16,172,16-172,Leaf,,,,,-2.10583758,4.0,
16,173,16-173,Leaf,,,,,0.214823768,10.0,
16,174,16-174,Leaf,,,,,1.86747956,203.0,
16,175,16-175,Leaf,,,,,0.67239368,77.0,
16,176,16-176,Leaf,,,,,1.33723652,372.0,
16,177,16-177,Leaf,,,,,3.560148,31.0,
16,178,16-178,Leaf,,,,,1.93075371,50.0,
16,179,16-179,Leaf,,,,,-0.537705123,4.0,
16,180,16-180,Leaf,,,,,1.82782233,225.0,
16,181,16-181,Leaf,,,,,0.503341079,102.0,
16,182,16-182,Leaf,,,,,-12.5302553,1.0,
16,183,16-183,Leaf,,,,,3.81148386,1.0,
16,184,16-184,Leaf,,,,,1.01754737,318.0,
16,185,16-185,Leaf,,,,,1.38378024,319.0,
16,186,16-186,Leaf,,,,,2.58611512,21.0,
16,187,16-187,Leaf,,,,,0.772472084,22.0,
16,188,16-188,Leaf,,,,,-10.9915848,1.0,
16,189,16-189,Leaf,,,,,1.04944813,11.0,
16,190,16-190,Leaf,,,,,2.13744211,329.0,
16,191,16-191,Leaf,,,,,0.705069005,1.0,
16,192,16-192,Leaf,,,,,2.9463098,50.0,
16,193,16-193,Leaf,,,,,4.58642626,18.0,
16,194,16-194,Leaf,,,,,2.86227489,30.0,
16,195,16-195,Leaf,,,,,3.05506516,118.0,
16,196,16-196,Leaf,,,,,0.884761035,3.0,
17,0,17-0,manggarai_air_lag1,635.0,17-1,17-2,17-2,850754.75,27133.0,
17,1,17-1,manggarai_air_lag1,598.0,17-3,17-4,17-4,104633.906,14427.0,
17,2,17-2,manggarai_air_lag1,700.0,17-5,17-6,17-6,262958.719,12706.0,
17,3,17-3,manggarai_air_lag4,580.0,17-7,17-8,17-8,23661.3438,5945.0,
17,4,17-4,manggarai_air_lag1,620.0,17-9,17-10,17-10,23378.1406,8482.0,
17,5,17-5,manggarai_air_lag1,670.0,17-11,17-12,17-12,55061.3906,11043.0,
17,6,17-6,manggarai_air_lag1,725.0,17-13,17-14,17-14,36736.1875,1663.0,
17,7,17-7,manggarai_air_lag3,592.5,17-15,17-16,17-16,13410.5,1833.0,
17,8,17-8,manggarai_air_lag3,620.0,17-17,17-18,17-18,6056.59375,4112.0,
17,9,17-9,depok_air_lag7,155.0,17-19,17-20,17-20,4028.26562,5125.0,
17,10,17-10,manggarai_air_lag5,570.0,17-21,17-22,17-22,7783.86133,3357.0,
17,11,17-11,manggarai_air_lag1,650.0,17-23,17-24,17-24,9255.375,8535.0,
17,12,17-12,manggarai_air_lag3,670.0,17-25,17-26,17-26,8370.14062,2508.0,
17,13,17-13,katulampa_air_lag5,45.0,17-27,17-28,17-28,4701.57812,875.0,
17,14,17-14,manggarai_air_lag1,770.0,17-29,17-30,17-30,12332.2188,788.0,
17,15,17-15,depok_air_lag9,86.0,17-31,17-32,17-32,2490.9375,1828.0,
17,16,17-16,hour_sin,0.707106769,17-33,17-34,17-34,28082.0898,5.0,
17,17,17-17,depok_air_lag7,155.0,17-35,17-36,17-36,5007.07812,4080.0,
17,18,17-18,dayofyear_cos,0.635898471,17-37,17-38,17-38,833.543701,32.0,
17,19,17-19,depok_air_lag7,86.0,17-39,17-40,17-40,3116.08594,5106.0,
17,20,17-20,hour_cos,-0.258819044,17-41,17-42,17-42,2183.19434,19.0,
17,21,17-21,depok_air_lag7,111.0,17-43,17-44,17-44,40062.1914,9.0,
17,22,17-22,manggarai_air_lag3,620.0,17-45,17-46,17-46,4116.96387,3348.0,
17,23,17-23,manggarai_air_lag3,630.0,17-47,17-48,17-48,5876.09473,3159.0,
17,24,17-24,manggarai_air_lag3,645.0,17-49,17-50,17-50,5445.57031,5376.0,
17,25,17-25,depok_cuaca_lag6_hujan,1.0,17-51,17-52,17-52,5132.66406,437.0,
17,26,17-26,depok_air_lag9,160.0,17-53,17-54,17-54,9192.92969,2071.0,
17,27,17-27,katulampa_air_lag19,90.0,17-55,17-56,17-56,5801.00781,733.0,
17,28,17-28,depok_air_lag23,340.0,17-57,17-58,17-58,1275.01953,142.0,
17,29,17-29,manggarai_cuaca_lag1_hujan,1.0,17-59,17-60,17-60,5366.21875,563.0,
17,30,17-30,manggarai_air_lag1,835.0,17-61,17-62,17-62,3045.82812,225.0,
17,31,17-31,manggarai_air_lag1,555.0,17-63,17-64,17-64,822.171875,1770.0,
17,32,17-32,manggarai_air_lag1,580.0,17-65,17-66,17-66,799.537598,58.0,
17,33,17-33,hour_sin,-0.866025388,17-67,17-68,17-68,69.4717407,4.0,
17,34,17-34,Leaf,,,,,-15.5815353,1.0,
17,35,17-35,manggarai_air_lag1,587.5,17-69,17-70,17-70,4716.32812,4072.0,
17,36,17-36,manggarai_air_lag17,635.0,17-71,17-72,17-72,464.773926,8.0,
17,37,17-37,depok_air_lag24,92.5,17-73,17-74,17-74,272.643311,20.0,
17,38,17-38,depok_air_lag10,96.0,17-75,17-76,17-76,295.469849,12.0,
17,39,17-39,manggarai_air_lag3,620.0,17-77,17-78,17-78,3752.75781,2715.0,
17,40,17-40,manggarai_cuaca_lag1_hujan,1.0,17-79,17-80,17-80,2651.09961,2391.0,
17,41,17-41,hour_sin,0.258819044,17-81,17-82,17-82,15.3703613,3.0,
17,42,17-42,dayofyear_cos,-0.950456679,17-83,17-84,17-84,1006.45789,16.0,
17,43,17-43,hour_sin,0.258819044,17-85,17-86,17-86,440.378906,8.0,
17,44,17-44,Leaf,,,,,-15.5435562,1.0,
17,45,17-45,manggarai_cuaca_lag12_hujan,1.0,17-87,17-88,17-88,17703.4707,301.0,
17,46,17-46,depok_air_lag24,200.0,17-89,17-90,17-90,3343.35059,3047.0,
17,47,17-47,depok_air_lag7,180.0,17-91,17-92,17-92,1181.30664,200.0,
17,48,17-48,manggarai_cuaca_lag1_hujan,1.0,17-93,17-94,17-94,3138.52686,2959.0,
17,49,17-49,dayofyear_sin,0.995827019,17-95,17-96,17-96,2273.98828,312.0,
17,50,17-50,katulampa_air_lag4,75.0,17-97,17-98,17-98,8411.97266,5064.0,
17,51,17-51,manggarai_air_lag5,570.0,17-99,17-100,17-100,3310.20312,350.0,
17,52,17-52,depok_air_lag9,125.0,17-101,17-102,17-102,1202.44336,87.0,
17,53,17-53,manggarai_air_lag17,650.0,17-103,17-104,17-104,5107.00781,2057.0,
17,54,17-54,dayofyear_cos,0.468015343,17-105,17-106,17-106,61773.7148,14.0,
17,55,17-55,manggarai_cuaca_lag1_hujan,1.0,17-107,17-108,17-108,2685.27344,711.0,
17,56,17-56,manggarai_air_lag20,685.0,17-109,17-110,17-110,34192.0703,22.0,
17,57,17-57,depok_air_lag9,195.0,17-111,17-112,17-112,1243.66797,141.0,
17,58,17-58,Leaf,,,,,4.65854788,1.0,
17,59,17-59,depok_air_lag12,130.0,17-113,17-114,17-114,3036.92188,497.0,
17,60,17-60,dayofyear_cos,-0.995322049,17-115,17-116,17-116,2771.91797,66.0,
17,61,17-61,manggarai_air_lag3,760.0,17-117,17-118,17-118,1474.85938,212.0,
17,62,17-62,Leaf,,,,,4.49588394,13.0,
17,63,17-63,manggarai_air_lag20,555.0,17-119,17-120,17-120,6.41162109,22.0,
17,64,17-64,manggarai_air_lag1,575.0,17-121,17-122,17-122,557.796875,1748.0,
17,65,17-65,dayofyear_cos,-0.891152918,17-123,17-124,17-124,966.909424,43.0,
17,66,17-66,depok_air_lag12,65.0,17-125,17-126,17-126,166.055542,15.0,
17,67,17-67,Leaf,,,,,-0.0447052009,1.0,
17,68,17-68,Leaf,,,,,-1.02396548,3.0,
17,69,17-69,manggarai_air_lag1,20.0,17-127,17-128,17-128,3043.27344,1383.0,
17,70,17-70,hour_sin,0.965925813,17-129,17-130,17-130,2619.78125,2689.0,
17,71,17-71,manggarai_air_lag6,585.0,17-131,17-132,17-132,34.2333984,6.0,
17,72,17-72,Leaf,,,,,0.192716464,2.0,
17,73,17-73,depok_air_lag19,74.0,17-133,17-134,17-134,66.5644531,10.0,
17,74,17-74,depok_cuaca_lag2_hujan,1.0,17-135,17-136,17-136,194.228271,10.0,
17,75,17-75,manggarai_air_lag1,550.0,17-137,17-138,17-138,177.731293,5.0,
17,76,17-76,dayofyear_cos,0.699847698,17-139,17-140,17-140,17.2296829,7.0,
17,77,17-77,hour_cos,-0.965925813,17-141,17-142,17-142,3139.24219,2558.0,
17,78,17-78,manggarai_cuaca_lag12_hujan,1.0,17-143,17-144,17-144,22122.3164,157.0,
17,79,17-79,manggarai_air_lag3,598.0,17-145,17-146,17-146,1995.28125,2308.0,
17,80,17-80,dayofyear_cos,-0.995322049,17-147,17-148,17-148,4694.49121,83.0,
17,81,17-81,Leaf,,,,,0.940481603,1.0,
17,82,17-82,Leaf,,,,,3.48209429,2.0,
17,83,17-83,hour_cos,0.258819044,17-149,17-150,17-150,21.4144287,3.0,
17,84,17-84,dayofyear_sin,-0.994566739,17-151,17-152,17-152,918.044067,13.0,
17,85,17-85,hour_sin,-0.5,17-153,17-154,17-154,54.115036,4.0,
17,86,17-86,hour_sin,0.707106769,17-155,17-156,17-156,31.2544861,4.0,
17,87,17-87,katulampa_air_lag4,100.0,17-157,17-158,17-158,4206.62402,287.0,
17,88,17-88,dayofyear_sin,0.903946221,17-159,17-160,17-160,99754.5703,14.0,
17,89,17-89,depok_air_lag7,97.5,17-161,17-162,17-162,2568.48975,3032.0,
17,90,17-90,manggarai_air_lag15,700.0,17-163,17-164,17-164,32922.1289,15.0,
17,91,17-91,dayofyear_cos,-0.984115541,17-165,17-166,17-166,779.500977,194.0,
17,92,17-92,manggarai_air_lag5,602.5,17-167,17-168,17-168,897.157715,6.0,
17,93,17-93,manggarai_air_lag9,630.0,17-169,17-170,17-170,2159.98633,2788.0,
17,94,17-94,manggarai_air_lag9,685.0,17-171,17-172,17-172,4967.5874,171.0,
17,95,17-95,katulampa_air_lag3,45.0,17-173,17-174,17-174,1899.49805,311.0,
17,96,17-96,Leaf,,,,,4.18456411,1.0,
17,97,17-97,depok_air_lag7,160.0,17-175,17-176,17-176,4414.17578,5050.0,
17,98,17-98,dayofyear_sin,0.880682886,17-177,17-178,17-178,117872.375,14.0,
17,99,17-99,Leaf,,,,,-3.07557082,1.0,
17,100,17-100,depok_air_lag7,190.0,17-179,17-180,17-180,2909.32812,349.0,
17,101,17-101,manggarai_air_lag1,675.0,17-181,17-182,17-182,1405.3418,75.0,
17,102,17-102,dayofyear_cos,-0.249980971,17-183,17-184,17-184,92.9762573,12.0,
17,103,17-103,depok_air_lag12,137.5,17-185,17-186,17-186,2076.21777,417.0,
17,104,17-104,manggarai_air_lag1,685.0,17-187,17-188,17-188,3498.70312,1640.0,
17,105,17-105,depok_air_lag24,137.5,17-189,17-190,17-190,492.360046,13.0,
17,106,17-106,Leaf,,,,,-18.0986977,1.0,
17,107,17-107,depok_air_lag12,135.0,17-191,17-192,17-192,1471.24219,669.0,
17,108,17-108,manggarai_air_lag4,658.0,17-193,17-194,17-194,1840.7832,42.0,
17,109,17-109,depok_air_lag20,106.0,17-195,17-196,17-196,728.634277,18.0,
17,110,17-110,dayofyear_sin,-0.803547621,17-197,17-198,17-198,26889.7871,4.0,
17,111,17-111,depok_air_lag10,145.0,17-199,17-200,17-200,1584.03125,139.0,
17,112,17-112,Leaf,,,,,4.04403687,2.0,
17,113,17-113,depok_air_lag7,106.0,17-201,17-202,17-202,2657.15625,192.0,
17,114,17-114,manggarai_air_lag20,815.0,17-203,17-204,17-204,975.289062,305.0,
17,115,17-115,Leaf,,,,,5.73295307,3.0,
17,116,17-116,dayofyear_cos,-0.993512869,17-205,17-206,17-206,1068.40625,63.0,
17,117,17-117,depok_air_lag10,185.0,17-207,17-208,17-208,314.5,61.0,
17,118,17-118,manggarai_air_lag1,805.0,17-209,17-210,17-210,1193.14844,151.0,
17,119,17-119,Leaf,,,,,-0.517855823,1.0,
17,120,17-120,Leaf,,,,,-1.8280201,21.0,
17,121,17-121,Leaf,,,,,-1.1603241,1641.0,
17,122,17-122,Leaf,,,,,-0.899610698,107.0,
17,123,17-123,Leaf,,,,,1.52422178,1.0,
17,124,17-124,Leaf,,,,,-0.778894901,42.0,
17,125,17-125,Leaf,,,,,0.997503698,1.0,
17,126,17-126,Leaf,,,,,0.021696778,14.0,
17,127,17-127,Leaf,,,,,-4.8298068,1.0,
17,128,17-128,Leaf,,,,,-0.876528382,1382.0,
17,129,17-129,Leaf,,,,,-0.6169765,2360.0,
17,130,17-130,Leaf,,,,,-0.920228958,329.0,
17,131,17-131,Leaf,,,,,0.868355274,2.0,
17,132,17-132,Leaf,,,,,2.3180995,4.0,
17,133,17-133,Leaf,,,,,-0.116046146,1.0,
17,134,17-134,Leaf,,,,,0.640739739,9.0,
17,135,17-135,Leaf,,,,,1.51641417,9.0,
17,136,17-136,Leaf,,,,,0.0270904545,1.0,
17,137,17-137,Leaf,,,,,0.149367273,2.0,
17,138,17-138,Leaf,,,,,-0.941317737,3.0,
17,139,17-139,Leaf,,,,,0.171158448,4.0,
17,140,17-140,Leaf,,,,,0.537147522,3.0,
17,141,17-141,Leaf,,,,,-1.0935297,82.0,
17,142,17-142,Leaf,,,,,-0.465961367,2476.0,
17,143,17-143,Leaf,,,,,-0.712123096,150.0,
17,144,17-144,Leaf,,,,,-6.12010431,7.0,
17,145,17-145,Leaf,,,,,0.0791843608,91.0,
17,146,17-146,Leaf,,,,,-0.397784442,2217.0,
17,147,17-147,Leaf,,,,,2.88977575,5.0,
17,148,17-148,Leaf,,,,,-0.0128240278,78.0,
17,149,17-149,Leaf,,,,,-1.17200518,2.0,
17,150,17-150,Leaf,,,,,-0.249850467,1.0,
17,151,17-151,Leaf,,,,,-0.859737098,2.0,
17,152,17-152,Leaf,,,,,1.16029465,11.0,
17,153,17-153,Leaf,,,,,-0.711505115,2.0,
17,154,17-154,Leaf,,,,,-0.0262207035,2.0,
17,155,17-155,Leaf,,,,,0.340649426,2.0,
17,156,17-156,Leaf,,,,,1.14776814,2.0,
17,157,17-157,Leaf,,,,,0.395968288,285.0,
17,158,17-158,Leaf,,,,,4.16865444,2.0,
17,159,17-159,Leaf,,,,,0.102909639,13.0,
17,160,17-160,Leaf,,,,,-23.8790417,1.0,
17,161,17-161,Leaf,,,,,-0.207166791,1537.0,
17,162,17-162,Leaf,,,,,-0.0230822433,1495.0,
17,163,17-163,Leaf,,,,,-13.5679264,1.0,
17,164,17-164,Leaf,,,,,0.138527438,14.0,
17,165,17-165,Leaf,,,,,-0.0556324013,15.0,
17,166,17-166,Leaf,,,,,0.691132724,179.0,
17,167,17-167,Leaf,,,,,0.125976562,2.0,
17,168,17-168,Leaf,,,,,2.69830084,4.0,
17,169,17-169,Leaf,,,,,-0.189205095,237.0,
17,170,17-170,Leaf,,,,,0.125857815,2551.0,
17,171,17-171,Leaf,,,,,0.396112651,161.0,
17,172,17-172,Leaf,,,,,2.59854293,10.0,
17,173,17-173,Leaf,,,,,0.68914932,292.0,
17,174,17-174,Leaf,,,,,1.71144068,19.0,
17,175,17-175,Leaf,,,,,0.363333553,5033.0,
17,176,17-176,Leaf,,,,,-1.207726,17.0,
17,177,17-177,Leaf,,,,,1.35977089,13.0,
17,178,17-178,Leaf,,,,,-24.6350899,1.0,
17,179,17-179,Leaf,,,,,1.00878704,336.0,
17,180,17-180,Leaf,,,,,2.50866055,13.0,
17,181,17-181,Leaf,,,,,1.37960684,26.0,
17,182,17-182,Leaf,,,,,2.4007256,49.0,
17,183,17-183,Leaf,,,,,0.161094159,2.0,
17,184,17-184,Leaf,,,,,0.998217225,10.0,
17,185,17-185,Leaf,,,,,0.640056014,239.0,
17,186,17-186,Leaf,,,,,0.187893018,178.0,
17,187,17-187,Leaf,,,,,0.759738028,1257.0,
17,188,17-188,Leaf,,,,,1.10806274,383.0,
17,189,17-189,Leaf,,,,,1.32605338,6.0,
17,190,17-190,Leaf,,,,,0.120738223,7.0,
17,191,17-191,Leaf,,,,,1.3559407,348.0,
17,192,17-192,Leaf,,,,,1.04520679,321.0,
17,193,17-193,Leaf,,,,,3.0479672,13.0,
17,194,17-194,Leaf,,,,,1.5124923,29.0,
17,195,17-195,Leaf,,,,,2.26853251,8.0,
17,196,17-196,Leaf,,,,,0.871861637,10.0,
17,197,17-197,Leaf,,,,,-13.7165174,2.0,
17,198,17-198,Leaf,,,,,0.855578601,2.0,
17,199,17-199,Leaf,,,,,1.96592712,97.0,
17,200,17-200,Leaf,,,,,1.17210352,42.0,
17,201,17-201,Leaf,,,,,0.753031671,13.0,
17,202,17-202,Leaf,,,,,2.30827451,179.0,
17,203,17-203,Leaf,,,,,1.68308437,304.0,
17,204,17-204,Leaf,,,,,-0.829101562,1.0,
17,205,17-205,Leaf,,,,,0.242138669,2.0,
17,206,17-206,Leaf,,,,,2.7211225,61.0,
17,207,17-207,Leaf,,,,,3.58455205,38.0,
17,208,17-208,Leaf,,,,,2.62517476,23.0,
17,209,17-209,Leaf,,,,,2.31312251,106.0,
17,210,17-210,Leaf,,,,,3.07000184,45.0,
18,0,18-0,manggarai_air_lag1,630.0,18-1,18-2,18-2,694957.875,27242.0,
18,1,18-1,manggarai_air_lag1,587.5,18-3,18-4,18-4,69326.6875,13307.0,
18,2,18-2,manggarai_air_lag1,694.0,18-5,18-6,18-6,218637.844,13935.0,
18,3,18-3,manggarai_air_lag2,612.5,18-7,18-8,18-8,8710.84375,3270.0,
18,4,18-4,manggarai_air_lag1,605.0,18-9,18-10,18-10,18679.1875,10037.0,
18,5,18-5,manggarai_air_lag1,655.0,18-11,18-12,18-12,52108.0781,12140.0,
18,6,18-6,manggarai_air_lag1,760.0,18-13,18-14,18-14,33941.5938,1795.0,
18,7,18-7,manggarai_air_lag1,580.0,18-15,18-16,18-16,6754.46875,3244.0,
18,8,18-8,depok_air_lag7,96.0,18-17,18-18,18-18,822.991699,26.0,
18,9,18-9,depok_air_lag7,165.0,18-19,18-20,18-20,2725.1875,5389.0,
18,10,18-10,time_index,3209.0,18-21,18-22,18-22,4500.85352,4648.0,
18,11,18-11,manggarai_air_lag1,645.0,18-23,18-24,18-24,8206.5332,8016.0,
18,12,18-12,manggarai_air_lag2,651.0,18-25,18-26,18-26,12607.9531,4124.0,
18,13,18-13,manggarai_air_lag1,715.0,18-27,18-28,18-28,8228.21875,1495.0,
18,14,18-14,depok_air_lag8,225.0,18-29,18-30,18-30,4389.73438,300.0,
18,15,18-15,manggarai_air_lag3,592.5,18-31,18-32,18-32,1414.20312,1889.0,
18,16,18-16,manggarai_air_lag3,592.5,18-33,18-34,18-34,5231.47656,1355.0,
18,17,18-17,manggarai_air_lag1,550.0,18-35,18-36,18-36,279.996979,7.0,
18,18,18-18,hour_cos,-0.258819044,18-37,18-38,18-38,310.163086,19.0,
18,19,18-19,manggarai_cuaca_lag1_hujan,1.0,18-39,18-40,18-40,1865.03125,5379.0,
18,20,18-20,time_index,25496.0,18-41,18-42,18-42,1935.7583,10.0,
18,21,18-21,depok_air_lag9,130.0,18-43,18-44,18-44,15317.7051,686.0,
18,22,18-22,depok_air_lag8,102.5,18-45,18-46,18-46,4048.54492,3962.0,
18,23,18-23,manggarai_cuaca_lag1_hujan,1.0,18-47,18-48,18-48,3143.30591,3729.0,
18,24,18-24,katulampa_air_lag4,75.0,18-49,18-50,18-50,9546.95312,4287.0,
18,25,18-25,time_index,18595.0,18-51,18-52,18-52,4739.49609,334.0,
18,26,18-26,manggarai_air_lag1,675.0,18-53,18-54,18-54,6531.64844,3790.0,
18,27,18-27,manggarai_air_lag2,694.0,18-55,18-56,18-56,4087.17969,793.0,
18,28,18-28,manggarai_air_lag3,720.0,18-57,18-58,18-58,5219.64062,702.0,
18,29,18-29,manggarai_air_lag1,815.0,18-59,18-60,18-60,1176.48438,251.0,
18,30,18-30,time_index,29749.0,18-61,18-62,18-62,1598.25,49.0,
18,31,18-31,depok_air_lag8,160.0,18-63,18-64,18-64,1146.70312,1880.0,
18,32,18-32,hour_cos,-0.258819044,18-65,18-66,18-66,380.204071,9.0,
18,33,18-33,depok_air_lag9,96.0,18-67,18-68,18-68,1763.25781,1324.0,
18,34,18-34,time_index,157.0,18-69,18-70,18-70,34669.3945,31.0,
18,35,18-35,hour_cos,-0.5,18-71,18-72,18-72,45.2790451,6.0,
18,36,18-36,Leaf,,,,,-1.08477485,1.0,
18,37,18-37,manggarai_air_lag1,530.0,18-73,18-74,18-74,181.563721,13.0,
18,38,18-38,Leaf,,,,,1.80383301,6.0,
18,39,18-39,manggarai_air_lag1,598.0,18-75,18-76,18-76,1451.96875,5259.0,
18,40,18-40,hour_sin,-0.707106769,18-77,18-78,18-78,2371.98242,120.0,
18,41,18-41,dayofyear_sin,-0.946713924,18-79,18-80,18-80,639.397461,8.0,
18,42,18-42,Leaf,,,,,-1.28057456,2.0,
18,43,18-43,dayofyear_sin,0.807370722,18-81,18-82,18-82,8282.4248,683.0,
18,44,18-44,time_index,289.0,18-83,18-84,18-84,26205.5859,3.0,
18,45,18-45,depok_air_lag24,200.0,18-85,18-86,18-86,12879.6406,3653.0,
18,46,18-46,depok_air_lag7,137.5,18-87,18-88,18-88,3660.10986,309.0,
18,47,18-47,depok_air_lag8,150.0,18-89,18-90,18-90,3028.51611,3505.0,
18,48,18-48,manggarai_air_lag7,700.0,18-91,18-92,18-92,2125.49512,224.0,
18,49,18-49,manggarai_air_lag2,658.0,18-93,18-94,18-94,6094.25781,4277.0,
18,50,18-50,katulampa_air_lag3,35.0,18-95,18-96,18-96,104868.961,10.0,
18,51,18-51,dayofyear_sin,0.995827019,18-97,18-98,18-98,7309.40625,189.0,
18,52,18-52,katulampa_air_lag5,15.0,18-99,18-100,18-100,2192.39746,145.0,
18,53,18-53,manggarai_air_lag21,640.0,18-101,18-102,18-102,4153.19922,2234.0,
18,54,18-54,depok_air_lag9,160.0,18-103,18-104,18-104,6656.95312,1556.0,
18,55,18-55,manggarai_air_lag5,570.0,18-105,18-106,18-106,3729.54688,190.0,
18,56,18-56,manggarai_air_lag2,800.0,18-107,18-108,18-108,1708.39453,603.0,
18,57,18-57,manggarai_air_lag2,732.5,18-109,18-110,18-110,1922.25781,273.0,
18,58,18-58,manggarai_air_lag1,732.5,18-111,18-112,18-112,2657.125,429.0,
18,59,18-59,depok_air_lag12,145.0,18-113,18-114,18-114,1584.76562,225.0,
18,60,18-60,manggarai_air_lag6,805.0,18-115,18-116,18-116,71.4238281,26.0,
18,61,18-61,depok_air_lag3,145.0,18-117,18-118,18-118,344.042969,44.0,
18,62,18-62,Leaf,,,,,1.32953906,5.0,
18,63,18-63,manggarai_air_lag1,20.0,18-119,18-120,18-120,1052.73438,1879.0,
18,64,18-64,Leaf,,,,,1.44801033,1.0,
18,65,18-65,hour_cos,-0.965925813,18-121,18-122,18-122,3.94827271,5.0,
18,66,18-66,manggarai_air_lag14,602.5,18-123,18-124,18-124,41.9486008,4.0,
18,67,18-67,depok_air_lag24,125.0,18-125,18-126,18-126,1153.78906,1302.0,
18,68,18-68,depok_air_lag7,106.0,18-127,18-128,18-128,840.938721,22.0,
18,69,18-69,Leaf,,,,,-14.8024588,1.0,
18,70,18-70,depok_air_lag12,80.0,18-129,18-130,18-130,8.43017578,30.0,
18,71,18-71,Leaf,,,,,0.662777722,1.0,
18,72,18-72,manggarai_air_lag9,625.0,18-131,18-132,18-132,14.5903645,5.0,
18,73,18-73,time_index,22179.0,18-133,18-134,18-134,113.485107,9.0,
18,74,18-74,time_index,13301.0,18-135,18-136,18-136,17.9817467,4.0,
18,75,18-75,manggarai_cuaca_lag7_hujan,1.0,18-137,18-138,18-138,2747.01562,2646.0,
18,76,18-76,dayofyear_sin,-0.999832988,18-139,18-140,18-140,2071.73047,2613.0,
18,77,18-77,manggarai_air_lag2,592.5,18-141,18-142,18-142,2695.9043,36.0,
18,78,18-78,manggarai_air_lag12,635.0,18-143,18-144,18-144,1630.31384,84.0,
18,79,18-79,Leaf,,,,,3.01381016,2.0,
18,80,18-80,manggarai_air_lag9,602.5,18-145,18-146,18-146,47.5959473,6.0,
18,81,18-81,manggarai_cuaca_lag2_hujan,1.0,18-147,18-148,18-148,4331.13477,664.0,
18,82,18-82,manggarai_air_lag6,630.0,18-149,18-150,18-150,87078.6875,19.0,
18,83,18-83,Leaf,,,,,-14.7663794,1.0,
18,84,18-84,Leaf,,,,,0.977301061,2.0,
18,85,18-85,manggarai_air_lag21,710.0,18-151,18-152,18-152,3443.60547,3649.0,
18,86,18-86,hour_sin,-0.5,18-153,18-154,18-154,19191.1602,4.0,
18,87,18-87,manggarai_air_lag2,598.0,18-155,18-156,18-156,1655.81384,291.0,
18,88,18-88,depok_air_lag9,155.0,18-157,18-158,18-158,1965.35889,18.0,
18,89,18-89,dayofyear_sin,0.931210041,18-159,18-160,18-160,3332.94092,3477.0,
18,90,18-90,hour_sin,0.965925813,18-161,18-162,18-162,2376.32471,28.0,
18,91,18-91,manggarai_air_lag2,625.0,18-163,18-164,18-164,1085.07764,223.0,
18,92,18-92,Leaf,,,,,3.70477605,1.0,
18,93,18-93,manggarai_air_lag2,630.0,18-165,18-166,18-166,5379.59375,4037.0,
18,94,18-94,manggarai_air_lag3,680.0,18-167,18-168,18-168,1194.64893,240.0,
18,95,18-95,Leaf,,,,,-23.4033356,1.0,
18,96,18-96,time_index,13565.0,18-169,18-170,18-170,239.61084,9.0,
18,97,18-97,depok_air_lag9,106.0,18-171,18-172,18-172,3739.38672,187.0,
18,98,18-98,Leaf,,,,,6.51765776,2.0,
18,99,18-99,manggarai_air_lag14,635.0,18-173,18-174,18-174,2596.27637,26.0,
18,100,18-100,manggarai_air_lag14,700.0,18-175,18-176,18-176,841.035156,119.0,
18,101,18-101,depok_air_lag7,110.0,18-177,18-178,18-178,2869.12524,361.0,
18,102,18-102,manggarai_cuaca_lag1_hujan,1.0,18-179,18-180,18-180,2297.02734,1873.0,
18,103,18-103,manggarai_air_lag2,675.0,18-181,18-182,18-182,4372.59375,1537.0,
18,104,18-104,manggarai_cuaca_lag4_hujan,1.0,18-183,18-184,18-184,57614.9609,19.0,
18,105,18-105,Leaf,,,,,-2.92179275,1.0,
18,106,18-106,depok_air_lag3,155.0,18-185,18-186,18-186,2568.03125,189.0,
18,107,18-107,manggarai_air_lag3,755.0,18-187,18-188,18-188,2291.11719,602.0,
18,108,18-108,Leaf,,,,,3.96779799,1.0,
18,109,18-109,manggarai_air_lag2,602.5,18-189,18-190,18-190,2015.04688,251.0,
18,110,18-110,manggarai_air_lag1,730.0,18-191,18-192,18-192,799.448242,22.0,
18,111,18-111,manggarai_air_lag3,745.0,18-193,18-194,18-194,1438.41406,212.0,
18,112,18-112,manggarai_air_lag3,765.0,18-195,18-196,18-196,1163.25781,217.0,
18,113,18-113,katulampa_air_lag5,75.0,18-197,18-198,18-198,1133.91797,95.0,
18,114,18-114,depok_air_lag9,137.5,18-199,18-200,18-200,519.519531,130.0,
18,115,18-115,Leaf,,,,,3.17795348,23.0,
18,116,18-116,Leaf,,,,,1.49886632,3.0,
18,117,18-117,Leaf,,,,,1.82737672,4.0,
18,118,18-118,Leaf,,,,,3.7296834,40.0,
18,119,18-119,Leaf,,,,,-3.03130507,2.0,
18,120,18-120,Leaf,,,,,-1.05864918,1877.0,
18,121,18-121,Leaf,,,,,0.195095822,1.0,
18,122,18-122,Leaf,,,,,0.76265502,4.0,
18,123,18-123,Leaf,,,,,-0.177415475,3.0,
18,124,18-124,Leaf,,,,,-0.856671154,1.0,
18,125,18-125,Leaf,,,,,-0.750657678,1295.0,
18,126,18-126,Leaf,,,,,0.48248902,7.0,
18,127,18-127,Leaf,,,,,-0.233914375,16.0,
18,128,18-128,Leaf,,,,,1.07012689,6.0,
18,129,18-129,Leaf,,,,,-0.628387451,4.0,
18,130,18-130,Leaf,,,,,-1.19276309,26.0,
18,131,18-131,Leaf,,,,,-0.101810709,2.0,
18,132,18-132,Leaf,,,,,0.195262149,3.0,
18,133,18-133,Leaf,,,,,1.29167652,6.0,
18,134,18-134,Leaf,,,,,0.37386474,3.0,
18,135,18-135,Leaf,,,,,-0.101892091,1.0,
18,136,18-136,Leaf,,,,,0.296942145,3.0,
18,137,18-137,Leaf,,,,,-0.564494789,2603.0,
18,138,18-138,Leaf,,,,,-1.36611235,43.0,
18,139,18-139,Leaf,,,,,-1.08804274,53.0,
18,140,18-140,Leaf,,,,,-0.458793461,2560.0,
18,141,18-141,Leaf,,,,,1.29161608,20.0,
18,142,18-142,Leaf,,,,,-0.411401004,16.0,
18,143,18-143,Leaf,,,,,-0.493871659,82.0,
18,144,18-144,Leaf,,,,,1.89144504,2.0,
18,145,18-145,Leaf,,,,,1.04383743,5.0,
18,146,18-146,Leaf,,,,,0.13527222,1.0,
18,147,18-147,Leaf,,,,,-0.30655542,617.0,
18,148,18-148,Leaf,,,,,-1.29428589,47.0,
18,149,18-149,Leaf,,,,,-0.233557776,18.0,
18,150,18-150,Leaf,,,,,-22.2420444,1.0,
18,151,18-151,Leaf,,,,,-0.205747277,3562.0,
18,152,18-152,Leaf,,,,,-0.83942908,87.0,
18,153,18-153,Leaf,,,,,-12.8895292,1.0,
18,154,18-154,Leaf,,,,,-0.181413278,3.0,
18,155,18-155,Leaf,,,,,1.39581501,8.0,
18,156,18-156,Leaf,,,,,0.0179491509,283.0,
18,157,18-157,Leaf,,,,,0.980328023,16.0,
18,158,18-158,Leaf,,,,,3.90232134,2.0,
18,159,18-159,Leaf,,,,,0.0781603083,3246.0,
18,160,18-160,Leaf,,,,,-0.314189583,231.0,
18,161,18-161,Leaf,,,,,0.131493732,14.0,
18,162,18-162,Leaf,,,,,1.95310843,14.0,
18,163,18-163,Leaf,,,,,1.02552915,25.0,
18,164,18-164,Leaf,,,,,0.333198339,198.0,
18,165,18-165,Leaf,,,,,1.41151631,44.0,
18,166,18-166,Leaf,,,,,0.310933799,3993.0,
18,167,18-167,Leaf,,,,,-0.105514742,208.0,
18,168,18-168,Leaf,,,,,-0.753974676,32.0,
18,169,18-169,Leaf,,,,,0.844639897,4.0,
18,170,18-170,Leaf,,,,,2.22624826,5.0,
18,171,18-171,Leaf,,,,,1.8718617,102.0,
18,172,18-172,Leaf,,,,,0.953597069,85.0,
18,173,18-173,Leaf,,,,,-1.89289153,5.0,
18,174,18-174,Leaf,,,,,0.453974485,21.0,
18,175,18-175,Leaf,,,,,0.873625278,111.0,
18,176,18-176,Leaf,,,,,1.93161762,8.0,
18,177,18-177,Leaf,,,,,-0.112335108,189.0,
18,178,18-178,Leaf,,,,,0.450800419,172.0,
18,179,18-179,Leaf,,,,,0.50171876,1781.0,
18,180,18-180,Leaf,,,,,1.01458108,92.0,
18,181,18-181,Leaf,,,,,1.3210634,127.0,
18,182,18-182,Leaf,,,,,0.706657708,1410.0,
18,183,18-183,Leaf,,,,,0.667327583,18.0,
18,184,18-184,Leaf,,,,,-17.1937618,1.0,
18,185,18-185,Leaf,,,,,1.39590585,166.0,
18,186,18-186,Leaf,,,,,2.55244422,23.0,
18,187,18-187,Leaf,,,,,0.99065429,588.0,
18,188,18-188,Leaf,,,,,-0.285780042,14.0,
18,189,18-189,Leaf,,,,,-0.823785424,2.0,
18,190,18-190,Leaf,,,,,2.03064346,249.0,
18,191,18-191,Leaf,,,,,-0.263870865,4.0,
18,192,18-192,Leaf,,,,,1.23404193,18.0,
18,193,18-193,Leaf,,,,,1.27704453,141.0,
18,194,18-194,Leaf,,,,,0.706227303,71.0,
18,195,18-195,Leaf,,,,,1.74538159,162.0,
18,196,18-196,Leaf,,,,,1.16186035,55.0,
18,197,18-197,Leaf,,,,,2.58475947,94.0,
18,198,18-198,Leaf,,,,,-0.427157611,1.0,
18,199,18-199,Leaf,,,,,0.731734216,5.0,
18,200,18-200,Leaf,,,,,1.97983801,125.0,
19,0,19-0,manggarai_air_lag1,630.0,19-1,19-2,19-2,549697.375,27163.0,
19,1,19-1,manggarai_air_lag1,587.5,19-3,19-4,19-4,56474.3438,13171.0,
19,2,19-2,manggarai_air_lag1,694.0,19-5,19-6,19-6,171928.938,13992.0,
19,3,19-3,manggarai_air_lag2,630.0,19-7,19-8,19-8,5008.75,3242.0,
19,4,19-4,manggarai_air_lag1,607.5,19-9,19-10,19-10,14483.9062,9929.0,
19,5,19-5,manggarai_air_lag1,655.0,19-11,19-12,19-12,41199.1172,12204.0,
19,6,19-6,manggarai_air_lag1,732.5,19-13,19-14,19-14,28922.0,1788.0,
19,7,19-7,manggarai_air_lag1,580.0,19-15,19-16,19-16,4878.4375,3221.0,
19,8,19-8,dayofyear_sin,0.950790346,19-17,19-18,19-18,795.094849,21.0,
19,9,19-9,dayofyear_sin,-0.974859536,19-19,19-20,19-20,2417.13281,5911.0,
19,10,19-10,depok_air_lag10,137.5,19-21,19-22,19-22,11024.5283,4018.0,
19,11,19-11,manggarai_air_lag1,650.0,19-23,19-24,19-24,6343.53906,8085.0,
19,12,19-12,depok_air_lag6,137.5,19-25,19-26,19-26,10844.5078,4119.0,
19,13,19-13,depok_air_lag3,135.0,19-27,19-28,19-28,5548.8125,1188.0,
19,14,19-14,depok_air_lag6,185.0,19-29,19-30,19-30,7104.46875,600.0,
19,15,19-15,manggarai_air_lag2,598.0,19-31,19-32,19-32,2819.875,1909.0,
19,16,19-16,manggarai_air_lag4,565.0,19-33,19-34,19-34,4646.19531,1312.0,
19,17,19-17,depok_air_lag7,120.0,19-35,19-36,19-36,106.495422,18.0,
19,18,19-18,Leaf,,,,,1.97751617,3.0,
19,19,19-19,dayofyear_cos,-0.148890391,19-37,19-38,19-38,5020.81055,406.0,
19,20,19-20,depok_air_lag7,120.0,19-39,19-40,19-40,2154.99219,5505.0,
19,21,19-21,manggarai_air_lag2,700.0,19-41,19-42,19-42,5419.29199,4012.0,
19,22,19-22,time_index,289.0,19-43,19-44,19-44,27247.25,6.0,
19,23,19-23,depok_air_lag6,137.5,19-45,19-46,19-46,4332.85107,4375.0,
19,24,19-24,katulampa_air_lag4,75.0,19-47,19-48,19-48,5045.50195,3710.0,
19,25,19-25,depok_air_lag7,155.0,19-49,19-50,19-50,18802.4375,3752.0,
19,26,19-26,depok_air_lag7,210.0,19-51,19-52,19-52,3948.53516,367.0,
19,27,19-27,katulampa_air_lag19,90.0,19-53,19-54,19-54,4134.25781,868.0,
19,28,19-28,depok_air_lag10,145.0,19-55,19-56,19-56,2488.55859,320.0,
19,29,19-29,manggarai_cuaca_lag1_hujan,1.0,19-57,19-58,19-58,3172.9375,499.0,
19,30,19-30,manggarai_air_lag1,785.0,19-59,19-60,19-60,1781.89844,101.0,
19,31,19-31,time_index,25630.0,19-61,19-62,19-62,2351.375,1899.0,
19,32,19-32,manggarai_air_lag9,625.0,19-63,19-64,19-64,58.1818237,10.0,
19,33,19-33,manggarai_air_lag3,585.0,19-65,19-66,19-66,31693.1016,8.0,
19,34,19-34,manggarai_air_lag2,625.0,19-67,19-68,19-68,3868.64844,1304.0,
19,35,19-35,time_index,13301.0,19-69,19-70,19-70,28.1632442,11.0,
19,36,19-36,hour_sin,0.707106769,19-71,19-72,19-72,62.3978577,7.0,
19,37,19-37,hour_sin,0.258819044,19-73,19-74,19-74,11781.0293,95.0,
19,38,19-38,depok_air_lag19,92.5,19-75,19-76,19-76,3613.47021,311.0,
19,39,19-39,manggarai_air_lag2,607.5,19-77,19-78,19-78,1191.65625,5443.0,
19,40,19-40,katulampa_air_lag14,35.0,19-79,19-80,19-80,1149.27197,62.0,
19,41,19-41,depok_air_lag6,160.0,19-81,19-82,19-82,3993.30273,4010.0,
19,42,19-42,Leaf,,,,,4.0600996,2.0,
19,43,19-43,Leaf,,,,,-14.02806,1.0,
19,44,19-44,time_index,18197.0,19-83,19-84,19-84,169.857315,5.0,
19,45,19-45,manggarai_air_lag2,602.5,19-85,19-86,19-86,3022.68018,4262.0,
19,46,19-46,manggarai_air_lag2,592.5,19-87,19-88,19-88,2395.14941,113.0,
19,47,19-47,manggarai_air_lag2,651.0,19-89,19-90,19-90,4620.7207,3698.0,
19,48,19-48,dayofyear_sin,0.880682886,19-91,19-92,19-92,99282.4531,12.0,
19,49,19-49,manggarai_air_lag17,670.0,19-93,19-94,19-94,4939.17969,3748.0,
19,50,19-50,manggarai_air_lag1,690.0,19-95,19-96,19-96,38074.707,4.0,
19,51,19-51,time_index,29616.0,19-97,19-98,19-98,2864.16797,354.0,
19,52,19-52,dayofyear_cos,-0.996836662,19-99,19-100,19-100,411.419922,13.0,
19,53,19-53,manggarai_cuaca_lag1_hujan,1.0,19-101,19-102,19-102,3545.4375,838.0,
19,54,19-54,manggarai_air_lag17,685.0,19-103,19-104,19-104,15465.8291,30.0,
19,55,19-55,time_index,18731.0,19-105,19-106,19-106,1374.40625,213.0,
19,56,19-56,manggarai_air_lag9,760.0,19-107,19-108,19-108,752.683594,107.0,
19,57,19-57,manggarai_air_lag1,780.0,19-109,19-110,19-110,3045.75,429.0,
19,58,19-58,depok_air_lag6,170.0,19-111,19-112,19-112,2892.98828,70.0,
19,59,19-59,depok_air_lag19,96.0,19-113,19-114,19-114,482.474609,53.0,
19,60,19-60,depok_air_lag24,195.0,19-115,19-116,19-116,67.8203125,48.0,
19,61,19-61,manggarai_air_lag2,592.5,19-117,19-118,19-118,1229.95312,1898.0,
19,62,19-62,Leaf,,,,,-4.43674946,1.0,
19,63,19-63,Leaf,,,,,0.795377612,8.0,
19,64,19-64,Leaf,,,,,0.124822997,2.0,
19,65,19-65,hour_sin,0.707106769,19-119,19-120,19-120,518.447571,7.0,
19,66,19-66,Leaf,,,,,-14.062335,1.0,
19,67,19-67,depok_air_lag7,155.0,19-121,19-122,19-122,1454.20312,1303.0,
19,68,19-68,Leaf,,,,,-5.08791828,1.0,
19,69,19-69,time_index,3077.0,19-123,19-124,19-124,4.60256577,4.0,
19,70,19-70,Leaf,,,,,0.271852881,7.0,
19,71,19-71,katulampa_air_lag14,35.0,19-125,19-126,19-126,19.5858459,6.0,
19,72,19-72,Leaf,,,,,-0.0383758545,1.0,
19,73,19-73,dayofyear_sin,-0.985423744,19-127,19-128,19-128,222.908325,54.0,
19,74,19-74,dayofyear_sin,-0.985423744,19-129,19-130,19-130,15779.5586,41.0,
19,75,19-75,depok_cuaca_lag2_hujan,1.0,19-131,19-132,19-132,1043.42114,273.0,
19,76,19-76,dayofyear_sin,-0.999832988,19-133,19-134,19-134,73849.9844,38.0,
19,77,19-77,manggarai_air_lag1,598.0,19-135,19-136,19-136,1446.69531,5230.0,
19,78,19-78,depok_air_lag9,102.5,19-137,19-138,19-138,579.980469,213.0,
19,79,19-79,time_index,23107.0,19-139,19-140,19-140,977.892761,58.0,
19,80,19-80,Leaf,,,,,1.61320913,4.0,
19,81,19-81,time_index,3209.0,19-141,19-142,19-142,3498.96484,3991.0,
19,82,19-82,dayofyear_cos,0.468015343,19-143,19-144,19-144,1743.24829,19.0,
19,83,19-83,Leaf,,,,,0.630569458,1.0,
19,84,19-84,depok_air_lag23,92.5,19-145,19-146,19-146,1.60165405,4.0,
19,85,19-85,time_index,11573.0,19-147,19-148,19-148,2762.57153,34.0,
19,86,19-86,manggarai_air_lag2,607.5,19-149,19-150,19-150,34131.6953,4228.0,
19,87,19-87,Leaf,,,,,-2.77140498,1.0,
19,88,19-88,depok_air_lag3,190.0,19-151,19-152,19-152,2807.82275,112.0,
19,89,19-89,manggarai_air_lag2,640.0,19-153,19-154,19-154,3295.58008,3427.0,
19,90,19-90,manggarai_air_lag12,640.0,19-155,19-156,19-156,867.795471,271.0,
19,91,19-91,Leaf,,,,,1.86478579,11.0,
19,92,19-92,Leaf,,,,,-22.2331696,1.0,
19,93,19-93,manggarai_air_lag2,650.0,19-157,19-158,19-158,4495.99609,2048.0,
19,94,19-94,manggarai_cuaca_lag1_hujan,1.0,19-159,19-160,19-160,4073.21875,1700.0,
19,95,19-95,time_index,13565.0,19-161,19-162,19-162,66.1256714,3.0,
19,96,19-96,Leaf,,,,,-16.334074,1.0,
19,97,19-97,depok_cuaca_lag6_hujan,1.0,19-163,19-164,19-164,1156.30078,259.0,
19,98,19-98,depok_air_lag24,92.5,19-165,19-166,19-166,1525.67847,95.0,
19,99,19-99,Leaf,,,,,0.365652472,1.0,
19,100,19-100,Leaf,,,,,2.90355039,12.0,
19,101,19-101,manggarai_air_lag3,612.5,19-167,19-168,19-168,2773.85156,779.0,
19,102,19-102,manggarai_air_lag2,680.0,19-169,19-170,19-170,3919.74805,59.0,
19,103,19-103,depok_air_lag12,135.0,19-171,19-172,19-172,506.368896,23.0,
19,104,19-104,dayofyear_sin,-0.803547621,19-173,19-174,19-174,37119.2266,7.0,
19,105,19-105,manggarai_air_lag2,755.0,19-175,19-176,19-176,1207.30859,119.0,
19,106,19-106,depok_air_lag3,160.0,19-177,19-178,19-178,835.185547,94.0,
19,107,19-107,depok_air_lag23,150.0,19-179,19-180,19-180,800.991211,87.0,
19,108,19-108,dayofyear_sin,0.517585516,19-181,19-182,19-182,405.769531,20.0,
19,109,19-109,depok_air_lag6,106.0,19-183,19-184,19-184,979.71875,335.0,
19,110,19-110,depok_air_lag23,160.0,19-185,19-186,19-186,981.132812,94.0,
19,111,19-111,manggarai_cuaca_lag4_hujan,1.0,19-187,19-188,19-188,1807.28906,66.0,
19,112,19-112,dayofyear_sin,0.891640186,19-189,19-190,19-190,1568.58167,4.0,
19,113,19-113,manggarai_air_lag12,651.0,19-191,19-192,19-192,229.027344,15.0,
19,114,19-114,manggarai_cuaca_lag1_hujan,1.0,19-193,19-194,19-194,381.539062,38.0,
19,115,19-115,katulampa_air_lag14,180.0,19-195,19-196,19-196,23.8632812,45.0,
19,116,19-116,Leaf,,,,,1.56013489,3.0,
19,117,19-117,Leaf,,,,,-0.937204361,1895.0,
19,118,19-118,Leaf,,,,,-2.75471044,3.0,
19,119,19-119,Leaf,,,,,-0.373103827,5.0,
19,120,19-120,Leaf,,,,,1.24169719,2.0,
19,121,19-121,Leaf,,,,,-0.66656059,1300.0,
19,122,19-122,Leaf,,,,,1.2715317,3.0,
19,123,19-123,Leaf,,,,,0.0896453857,1.0,
19,124,19-124,Leaf,,,,,-0.0993179306,3.0,
19,125,19-125,Leaf,,,,,1.05923665,2.0,
19,126,19-126,Leaf,,,,,0.44204101,4.0,
19,127,19-127,Leaf,,,,,0.0896928236,10.0,
19,128,19-128,Leaf,,,,,-0.424334198,44.0,
19,129,19-129,Leaf,,,,,-6.06004143,9.0,
19,130,19-130,Leaf,,,,,-1.433864,32.0,
19,131,19-131,Leaf,,,,,-0.374383718,270.0,
19,132,19-132,Leaf,,,,,1.26218259,3.0,
19,133,19-133,Leaf,,,,,-20.1023273,1.0,
19,134,19-134,Leaf,,,,,-0.362342447,37.0,
19,135,19-135,Leaf,,,,,-0.478436917,2472.0,
19,136,19-136,Leaf,,,,,-0.372463048,2758.0,
19,137,19-137,Leaf,,,,,-0.701734483,203.0,
19,138,19-138,Leaf,,,,,0.0715004727,10.0,
19,139,19-139,Leaf,,,,,0.296245456,41.0,
19,140,19-140,Leaf,,,,,-0.584769666,17.0,
19,141,19-141,Leaf,,,,,-0.440287411,526.0,
19,142,19-142,Leaf,,,,,-0.163562477,3465.0,
19,143,19-143,Leaf,,,,,1.9794836,11.0,
19,144,19-144,Leaf,,,,,0.0653347448,8.0,
19,145,19-145,Leaf,,,,,-0.13299866,1.0,
19,146,19-146,Leaf,,,,,-0.519457996,3.0,
19,147,19-147,Leaf,,,,,1.96914637,15.0,
19,148,19-148,Leaf,,,,,0.175445244,19.0,
19,149,19-149,Leaf,,,,,-7.46980762,5.0,
19,150,19-150,Leaf,,,,,0.0778884143,4223.0,
19,151,19-151,Leaf,,,,,0.620040178,106.0,
19,152,19-152,Leaf,,,,,2.70799565,6.0,
19,153,19-153,Leaf,,,,,1.02474344,62.0,
19,154,19-154,Leaf,,,,,0.29369998,3365.0,
19,155,19-155,Leaf,,,,,-0.421873093,70.0,
19,156,19-156,Leaf,,,,,-0.0151003096,201.0,
19,157,19-157,Leaf,,,,,1.10559475,89.0,
19,158,19-158,Leaf,,,,,0.381385684,1959.0,
19,159,19-159,Leaf,,,,,0.610309064,1624.0,
19,160,19-160,Leaf,,,,,1.35844219,76.0,
19,161,19-161,Leaf,,,,,1.38741255,2.0,
19,162,19-162,Leaf,,,,,0.197338864,1.0,
19,163,19-163,Leaf,,,,,1.06937003,209.0,
19,164,19-164,Leaf,,,,,1.63133335,50.0,
19,165,19-165,Leaf,,,,,1.96290803,6.0,
19,166,19-166,Leaf,,,,,0.416170657,89.0,
19,167,19-167,Leaf,,,,,-0.765549362,9.0,
19,168,19-168,Leaf,,,,,0.935793877,770.0,
19,169,19-169,Leaf,,,,,3.21775031,13.0,
19,170,19-170,Leaf,,,,,1.24172676,46.0,
19,171,19-171,Leaf,,,,,-0.323258489,2.0,
19,172,19-172,Leaf,,,,,1.20256817,21.0,
19,173,19-173,Leaf,,,,,-12.8255796,2.0,
19,174,19-174,Leaf,,,,,1.05835378,5.0,
19,175,19-175,Leaf,,,,,1.89423645,118.0,
19,176,19-176,Leaf,,,,,-0.914385974,1.0,
19,177,19-177,Leaf,,,,,1.07582891,65.0,
19,178,19-178,Leaf,,,,,1.77365816,29.0,
19,179,19-179,Leaf,,,,,0.976308048,72.0,
19,180,19-180,Leaf,,,,,1.81793296,15.0,
19,181,19-181,Leaf,,,,,-0.11630521,8.0,
19,182,19-182,Leaf,,,,,0.776027739,12.0,
19,183,19-183,Leaf,,,,,0.696112752,17.0,
19,184,19-184,Leaf,,,,,1.53631151,318.0,
19,185,19-185,Leaf,,,,,2.23344374,90.0,
19,186,19-186,Leaf,,,,,0.487365723,4.0,
19,187,19-187,Leaf,,,,,3.03933072,38.0,
19,188,19-188,Leaf,,,,,1.82501209,28.0,
19,189,19-189,Leaf,,,,,1.00347137,3.0,
19,190,19-190,Leaf,,,,,-2.42904663,1.0,
19,191,19-191,Leaf,,,,,1.60731447,14.0,
19,192,19-192,Leaf,,,,,0.0219940189,1.0,
19,193,19-193,Leaf,,,,,2.20490074,35.0,
19,194,19-194,Leaf,,,,,3.83501291,3.0,
19,195,19-195,Leaf,,,,,3.29144096,44.0,
19,196,19-196,Leaf,,,,,0.933874547,1.0,
20,0,20-0,manggarai_air_lag1,640.0,20-1,20-2,20-2,457819.625,27147.0,
20,1,20-1,manggarai_air_lag1,587.5,20-3,20-4,20-4,56688.9219,14703.0,
20,2,20-2,manggarai_air_lag1,685.0,20-5,20-6,20-6,136361.391,12444.0,
20,3,20-3,manggarai_air_lag2,612.5,20-7,20-8,20-8,5538.6875,3261.0,
20,4,20-4,manggarai_air_lag1,615.0,20-9,20-10,20-10,18963.6484,11442.0,
20,5,20-5,manggarai_air_lag1,655.0,20-11,20-12,20-12,15023.1797,10076.0,
20,6,20-6,manggarai_air_lag1,745.0,20-13,20-14,20-14,32942.375,2368.0,
20,7,20-7,manggarai_air_lag1,580.0,20-15,20-16,20-16,4194.8125,3238.0,
20,8,20-8,depok_air_lag6,80.0,20-17,20-18,20-18,602.440674,23.0,
20,9,20-9,depok_air_lag6,160.0,20-19,20-20,20-20,4339.57031,7079.0,
20,10,20-10,manggarai_air_lag4,570.0,20-21,20-22,20-22,8455.32227,4363.0,
20,11,20-11,manggarai_air_lag2,640.0,20-23,20-24,20-24,3307.83008,6545.0,
20,12,20-12,manggarai_air_lag2,651.0,20-25,20-26,20-26,6215.41406,3531.0,
20,13,20-13,manggarai_cuaca_lag1_hujan,1.0,20-27,20-28,20-28,8821.95312,1907.0,
20,14,20-14,manggarai_air_lag1,790.0,20-29,20-30,20-30,4516.35938,461.0,
20,15,20-15,depok_air_lag8,160.0,20-31,20-32,20-32,962.1875,1905.0,
20,16,20-16,manggarai_cuaca_lag4_hujan,1.0,20-33,20-34,20-34,3212.90234,1333.0,
20,17,20-17,Leaf,,,,,-0.997207642,1.0,
20,18,20-18,depok_air_lag12,92.5,20-35,20-36,20-36,414.367798,22.0,
20,19,20-19,manggarai_cuaca_lag1_hujan,1.0,20-37,20-38,20-38,3826.14062,7050.0,
20,20,20-20,katulampa_air_lag4,35.0,20-39,20-40,20-40,1458.87939,29.0,
20,21,20-21,manggarai_air_lag2,592.5,20-41,20-42,20-42,26586.2832,6.0,
20,22,20-22,depok_air_lag6,102.5,20-43,20-44,20-44,4494.44678,4357.0,
20,23,20-23,depok_air_lag3,195.0,20-45,20-46,20-46,2028.58545,234.0,
20,24,20-24,manggarai_air_lag17,645.0,20-47,20-48,20-48,3802.56445,6311.0,
20,25,20-25,depok_air_lag23,165.0,20-49,20-50,20-50,3258.18555,307.0,
20,26,20-26,manggarai_air_lag15,658.0,20-51,20-52,20-52,4265.21094,3224.0,
20,27,20-27,depok_air_lag6,150.0,20-53,20-54,20-54,9165.79688,1752.0,
20,28,20-28,manggarai_air_lag2,675.0,20-55,20-56,20-56,3175.57031,155.0,
20,29,20-29,manggarai_cuaca_lag1_hujan,1.0,20-57,20-58,20-58,2305.90625,339.0,
20,30,20-30,depok_air_lag8,235.0,20-59,20-60,20-60,1175.0,122.0,
20,31,20-31,manggarai_air_lag1,20.0,20-61,20-62,20-62,897.953125,1904.0,
20,32,20-32,Leaf,,,,,1.42247009,1.0,
20,33,20-33,depok_air_lag9,96.0,20-63,20-64,20-64,1509.76562,1311.0,
20,34,20-34,manggarai_air_lag4,565.0,20-65,20-66,20-66,29239.1094,22.0,
20,35,20-35,hour_cos,-0.707106769,20-67,20-68,20-68,134.069458,6.0,
20,36,20-36,depok_air_lag8,102.5,20-69,20-70,20-70,155.893066,16.0,
20,37,20-37,manggarai_air_lag1,598.0,20-71,20-72,20-72,2285.82031,6866.0,
20,38,20-38,manggarai_air_lag20,680.0,20-73,20-74,20-74,5066.2373,184.0,
20,39,20-39,depok_air_lag7,102.5,20-75,20-76,20-76,1212.89783,17.0,
20,40,20-40,depok_air_lag8,106.0,20-77,20-78,20-78,2161.89844,12.0,
20,41,20-41,Leaf,,,,,-13.3266573,1.0,
20,42,20-42,dayofyear_cos,0.421806067,20-79,20-80,20-80,12.117485,5.0,
20,43,20-43,manggarai_air_lag4,598.0,20-81,20-82,20-82,4740.04199,3520.0,
20,44,20-44,manggarai_air_lag7,607.5,20-83,20-84,20-84,4240.49268,837.0,
20,45,20-45,depok_air_lag7,180.0,20-85,20-86,20-86,1331.46582,233.0,
20,46,20-46,Leaf,,,,,-2.63283396,1.0,
20,47,20-47,manggarai_air_lag5,670.0,20-87,20-88,20-88,1409.21326,1907.0,
20,48,20-48,katulampa_air_lag4,75.0,20-89,20-90,20-90,3821.51758,4404.0,
20,49,20-49,depok_air_lag6,165.0,20-91,20-92,20-92,2490.86719,303.0,
20,50,20-50,hour_cos,0.965925813,20-93,20-94,20-94,154.223633,4.0,
20,51,20-51,depok_air_lag6,137.5,20-95,20-96,20-96,2053.35693,967.0,
20,52,20-52,depok_air_lag23,175.0,20-97,20-98,20-98,2643.98047,2257.0,
20,53,20-53,depok_cuaca_lag7_hujan,1.0,20-99,20-100,20-100,5481.13281,1451.0,
20,54,20-54,depok_air_lag6,175.0,20-101,20-102,20-102,2000.05859,301.0,
20,55,20-55,depok_air_lag14,102.5,20-103,20-104,20-104,2450.56055,29.0,
20,56,20-56,depok_air_lag8,106.0,20-105,20-106,20-106,2355.60352,126.0,
20,57,20-57,depok_air_lag12,190.0,20-107,20-108,20-108,1382.36719,288.0,
20,58,20-58,manggarai_cuaca_lag7_hujan,1.0,20-109,20-110,20-110,1731.34961,51.0,
20,59,20-59,hour_cos,1.0,20-111,20-112,20-112,557.3125,96.0,
20,60,20-60,manggarai_air_lag15,585.0,20-113,20-114,20-114,0.580078125,26.0,
20,61,20-61,hour_cos,-0.5,20-115,20-116,20-116,1457.70801,2.0,
20,62,20-62,manggarai_air_lag1,508.0,20-117,20-118,20-118,1198.1875,1902.0,
20,63,20-63,dayofyear_cos,-0.983342946,20-119,20-120,20-120,1264.67578,1288.0,
20,64,20-64,hour_cos,0.866025388,20-121,20-122,20-122,425.53064,23.0,
20,65,20-65,Leaf,,,,,-13.3592176,1.0,
20,66,20-66,manggarai_air_lag2,580.0,20-123,20-124,20-124,154.678284,21.0,
20,67,20-67,Leaf,,,,,0.517496765,2.0,
20,68,20-68,Leaf,,,,,1.8806361,4.0,
20,69,20-69,manggarai_air_lag1,145.0,20-125,20-126,20-126,29.0393772,7.0,
20,70,20-70,depok_air_lag6,130.0,20-127,20-128,20-128,53.6934204,9.0,
20,71,20-71,manggarai_cuaca_lag7_hujan,1.0,20-129,20-130,20-130,2950.33594,2598.0,
20,72,20-72,manggarai_air_lag2,615.0,20-131,20-132,20-132,2444.57031,4268.0,
20,73,20-73,katulampa_air_lag21,35.0,20-133,20-134,20-134,2672.38379,180.0,
20,74,20-74,manggarai_air_lag1,598.0,20-135,20-136,20-136,1921.2334,4.0,
20,75,20-75,depok_air_lag7,80.0,20-137,20-138,20-138,2.94949341,7.0,
20,76,20-76,dayofyear_cos,-0.9726578,20-139,20-140,20-140,460.547607,10.0,
20,77,20-77,depok_air_lag3,305.0,20-141,20-142,20-142,1237.4502,10.0,
20,78,20-78,Leaf,,,,,-0.999737561,2.0,
20,79,20-79,dayofyear_cos,-0.989639819,20-143,20-144,20-144,2.51698732,4.0,
20,80,20-80,Leaf,,,,,0.481152356,1.0,
20,81,20-81,manggarai_cuaca_lag12_hujan,1.0,20-145,20-146,20-146,32353.7305,75.0,
20,82,20-82,manggarai_air_lag2,612.5,20-147,20-148,20-148,3213.41406,3445.0,
20,83,20-83,depok_air_lag7,135.0,20-149,20-150,20-150,2436.50195,71.0,
20,84,20-84,depok_air_lag16,175.0,20-151,20-152,20-152,2426.64429,766.0,
20,85,20-85,depok_cuaca_lag5_hujan,1.0,20-153,20-154,20-154,1463.63965,225.0,
20,86,20-86,dayofyear_cos,0.914243817,20-155,20-156,20-156,221.708984,8.0,
20,87,20-87,depok_air_lag9,130.0,20-157,20-158,20-158,1518.48657,1683.0,
20,88,20-88,katulampa_air_lag21,90.0,20-159,20-160,20-160,706.689575,224.0,
20,89,20-89,depok_air_lag6,165.0,20-161,20-162,20-162,1870.5,4386.0,
20,90,20-90,katulampa_cuaca_lag14_hujan,1.0,20-163,20-164,20-164,88745.2969,18.0,
20,91,20-91,katulampa_air_lag4,45.0,20-165,20-166,20-166,2492.75293,271.0,
20,92,20-92,manggarai_air_lag17,690.0,20-167,20-168,20-168,872.408203,32.0,
20,93,20-93,Leaf,,,,,3.84359598,3.0,
20,94,20-94,Leaf,,,,,0.917669713,1.0,
20,95,20-95,manggarai_air_lag4,598.0,20-169,20-170,20-170,1468.94458,936.0,
20,96,20-96,depok_air_lag6,180.0,20-171,20-172,20-172,564.325684,31.0,
20,97,20-97,manggarai_air_lag1,675.0,20-173,20-174,20-174,2558.19531,2141.0,
20,98,20-98,manggarai_cuaca_lag12_hujan,1.0,20-175,20-176,20-176,14166.3594,116.0,
20,99,20-99,depok_air_lag13,160.0,20-177,20-178,20-178,4112.29688,1250.0,
20,100,20-100,depok_cuaca_lag22_hujan,1.0,20-179,20-180,20-180,2094.12305,201.0,
20,101,20-101,depok_cuaca_lag2_hujan,1.0,20-181,20-182,20-182,1998.64062,224.0,
20,102,20-102,hour_cos,-0.866025388,20-183,20-184,20-184,529.347656,77.0,
20,103,20-103,depok_air_lag23,106.0,20-185,20-186,20-186,479.663208,11.0,
20,104,20-104,dayofyear_cos,0.0569521971,20-187,20-188,20-188,2254.98828,18.0,
20,105,20-105,depok_air_lag8,102.5,20-189,20-190,20-190,555.806519,25.0,
20,106,20-106,manggarai_air_lag15,607.5,20-191,20-192,20-192,3051.89648,101.0,
20,107,20-107,depok_air_lag8,106.0,20-193,20-194,20-194,1496.26953,210.0,
20,108,20-108,manggarai_air_lag7,830.0,20-195,20-196,20-196,520.109375,78.0,
20,109,20-109,depok_air_lag3,205.0,20-197,20-198,20-198,787.820312,42.0,
20,110,20-110,depok_air_lag6,135.0,20-199,20-200,20-200,527.359009,9.0,
20,111,20-111,depok_air_lag14,235.0,20-201,20-202,20-202,339.941406,94.0,
20,112,20-112,dayofyear_cos,-0.993512869,20-203,20-204,20-204,222.001007,2.0,
20,113,20-113,Leaf,,,,,0.91972965,1.0,
20,114,20-114,Leaf,,,,,3.16720986,25.0,
20,115,20-115,Leaf,,,,,0.239782721,1.0,
20,116,20-116,Leaf,,,,,-4.21491098,1.0,
20,117,20-117,Leaf,,,,,0.222124696,10.0,
20,118,20-118,Leaf,,,,,-0.855658174,1892.0,
20,119,20-119,Leaf,,,,,-1.11680114,48.0,
20,120,20-120,Leaf,,,,,-0.591236532,1240.0,
20,121,20-121,Leaf,,,,,0.371138811,20.0,
20,122,20-122,Leaf,,,,,-0.759208679,3.0,
20,123,20-123,Leaf,,,,,0.312973022,1.0,
20,124,20-124,Leaf,,,,,-0.725228488,20.0,
20,125,20-125,Leaf,,,,,0.368487567,3.0,
20,126,20-126,Leaf,,,,,-0.0101147462,4.0,
20,127,20-127,Leaf,,,,,0.949259222,7.0,
20,128,20-128,Leaf,,,,,0.221112058,2.0,
20,129,20-129,Leaf,,,,,-0.450703949,2559.0,
20,130,20-130,Leaf,,,,,-1.31936872,39.0,
20,131,20-131,Leaf,,,,,-0.326227993,4027.0,
20,132,20-132,Leaf,,,,,-0.654260576,241.0,
20,133,20-133,Leaf,,,,,-0.0650560781,178.0,
20,134,20-134,Leaf,,,,,2.94448256,2.0,
20,135,20-135,Leaf,,,,,-0.368286133,1.0,
20,136,20-136,Leaf,,,,,4.19845581,3.0,
20,137,20-137,Leaf,,,,,-0.210678101,1.0,
20,138,20-138,Leaf,,,,,-0.788998008,6.0,
20,139,20-139,Leaf,,,,,1.95712686,2.0,
20,140,20-140,Leaf,,,,,0.420614302,8.0,
20,141,20-141,Leaf,,,,,2.5425024,9.0,
20,142,20-142,Leaf,,,,,-0.632098377,1.0,
20,143,20-143,Leaf,,,,,-0.00864563044,1.0,
20,144,20-144,Leaf,,,,,0.160610959,3.0,
20,145,20-145,Leaf,,,,,-0.380144238,71.0,
20,146,20-146,Leaf,,,,,-8.70990276,4.0,
20,147,20-147,Leaf,,,,,0.380723536,116.0,
20,148,20-148,Leaf,,,,,-0.152625188,3329.0,
20,149,20-149,Leaf,,,,,0.568236947,60.0,
20,150,20-150,Leaf,,,,,2.14911747,11.0,
20,151,20-151,Leaf,,,,,0.0277239922,765.0,
20,152,20-152,Leaf,,,,,3.51564336,1.0,
20,153,20-153,Leaf,,,,,0.422571957,188.0,
20,154,20-154,Leaf,,,,,1.10943651,37.0,
20,155,20-155,Leaf,,,,,1.9744736,7.0,
20,156,20-156,Leaf,,,,,0.185427859,1.0,
20,157,20-157,Leaf,,,,,0.0812644884,1641.0,
20,158,20-158,Leaf,,,,,0.683433235,42.0,
20,159,20-159,Leaf,,,,,-0.195710257,220.0,
20,160,20-160,Leaf,,,,,1.0089587,4.0,
20,161,20-161,Leaf,,,,,0.234990239,4357.0,
20,162,20-162,Leaf,,,,,1.02854717,29.0,
20,163,20-163,Leaf,,,,,1.099347,17.0,
20,164,20-164,Leaf,,,,,-21.1215115,1.0,
20,165,20-165,Leaf,,,,,0.641035676,250.0,
20,166,20-166,Leaf,,,,,1.76305616,21.0,
20,167,20-167,Leaf,,,,,1.32282948,26.0,
20,168,20-168,Leaf,,,,,2.7562151,6.0,
20,169,20-169,Leaf,,,,,-0.809796154,13.0,
20,170,20-170,Leaf,,,,,0.223787546,923.0,
20,171,20-171,Leaf,,,,,0.803405762,27.0,
20,172,20-172,Leaf,,,,,2.05640507,4.0,
20,173,20-173,Leaf,,,,,0.431361496,1390.0,
20,174,20-174,Leaf,,,,,0.661463976,751.0,
20,175,20-175,Leaf,,,,,0.373101532,106.0,
20,176,20-176,Leaf,,,,,-3.39552093,10.0,
20,177,20-177,Leaf,,,,,0.787780821,998.0,
20,178,20-178,Leaf,,,,,0.333790392,252.0,
20,179,20-179,Leaf,,,,,1.35227704,186.0,
20,180,20-180,Leaf,,,,,0.116083525,15.0,
20,181,20-181,Leaf,,,,,1.14237893,213.0,
20,182,20-182,Leaf,,,,,2.51697087,11.0,
20,183,20-183,Leaf,,,,,0.149867758,2.0,
20,184,20-184,Leaf,,,,,1.87818551,75.0,
20,185,20-185,Leaf,,,,,0.79775393,9.0,
20,186,20-186,Leaf,,,,,2.45039892,2.0,
20,187,20-187,Leaf,,,,,5.1349287,5.0,
20,188,20-188,Leaf,,,,,2.32668972,13.0,
20,189,20-189,Leaf,,,,,0.789403081,19.0,
20,190,20-190,Leaf,,,,,-0.271215826,6.0,
20,191,20-191,Leaf,,,,,4.14305639,4.0,
20,192,20-192,Leaf,,,,,1.50130355,97.0,
20,193,20-193,Leaf,,,,,0.128231376,6.0,
20,194,20-194,Leaf,,,,,1.75274456,204.0,
20,195,20-195,Leaf,,,,,1.20626318,77.0,
20,196,20-196,Leaf,,,,,-0.628536999,1.0,
20,197,20-197,Leaf,,,,,2.70172,40.0,
20,198,20-198,Leaf,,,,,0.423203528,2.0,
20,199,20-199,Leaf,,,,,0.171464026,5.0,
20,200,20-200,Leaf,,,,,1.66299689,4.0,
20,201,20-201,Leaf,,,,,2.37875342,73.0,
20,202,20-202,Leaf,,,,,1.67622817,21.0,
20,203,20-203,Leaf,,,,,-0.497048944,1.0,
20,204,20-204,Leaf,,,,,1.02362061,1.0,
21,0,21-0,manggarai_air_lag3,625.0,21-1,21-2,21-2,315366.188,27184.0,
21,1,21-1,depok_air_lag7,86.0,21-3,21-4,21-4,36438.4844,12668.0,
21,2,21-2,depok_air_lag8,135.0,21-5,21-6,21-6,95999.6875,14516.0,
21,3,21-3,manggarai_air_lag20,580.0,21-7,21-8,21-8,17654.7812,8332.0,
21,4,21-4,depok_air_lag7,120.0,21-9,21-10,21-10,14422.3711,4336.0,
21,5,21-5,depok_air_lag7,110.0,21-11,21-12,21-12,21967.0352,12861.0,
21,6,21-6,depok_air_lag6,155.0,21-13,21-14,21-14,19470.4844,1655.0,
21,7,21-7,depok_air_lag7,20.0,21-15,21-16,21-16,33988.625,1743.0,
21,8,21-8,manggarai_air_lag5,598.0,21-17,21-18,21-18,5269.03125,6589.0,
21,9,21-9,manggarai_cuaca_lag1_hujan,1.0,21-19,21-20,21-20,4841.35742,4023.0,
21,10,21-10,depok_air_lag6,210.0,21-21,21-22,21-22,5600.2998,313.0,
21,11,21-11,manggarai_air_lag17,645.0,21-23,21-24,21-24,14920.3711,8908.0,
21,12,21-12,depok_cuaca_lag7_hujan,1.0,21-25,21-26,21-26,11067.1016,3953.0,
21,13,21-13,manggarai_air_lag3,730.0,21-27,21-28,21-28,5670.53906,1260.0,
21,14,21-14,depok_air_lag7,195.0,21-29,21-30,21-30,4552.39062,395.0,
21,15,21-15,Leaf,,,,,-13.8136339,1.0,
21,16,21-16,manggarai_cuaca_lag4_hujan,1.0,21-31,21-32,21-32,3055.78906,1742.0,
21,17,21-17,manggarai_cuaca_lag1_hujan,1.0,21-33,21-34,21-34,2675.03125,3418.0,
21,18,21-18,depok_air_lag14,102.5,21-35,21-36,21-36,4136.91406,3171.0,
21,19,21-19,manggarai_air_lag21,710.0,21-37,21-38,21-38,4221.02539,3852.0,
21,20,21-20,katulampa_air_lag21,35.0,21-39,21-40,21-40,5980.05664,171.0,
21,21,21-21,depok_air_lag8,102.5,21-41,21-42,21-42,2922.47607,298.0,
21,22,21-22,manggarai_air_lag3,550.0,21-43,21-44,21-44,583.152344,15.0,
21,23,21-23,manggarai_cuaca_lag1_hujan,1.0,21-45,21-46,21-46,5072.93652,3508.0,
21,24,21-24,manggarai_air_lag14,770.0,21-47,21-48,21-48,12337.5801,5400.0,
21,25,21-25,dayofyear_sin,0.797101617,21-49,21-50,21-50,7294.44922,3519.0,
21,26,21-26,depok_air_lag6,155.0,21-51,21-52,21-52,4027.14062,434.0,
21,27,21-27,depok_air_lag16,225.0,21-53,21-54,21-54,10157.9141,913.0,
21,28,21-28,dayofyear_sin,-0.0751895756,21-55,21-56,21-56,1888.58203,347.0,
21,29,21-29,manggarai_air_lag3,725.0,21-57,21-58,21-58,2222.49609,254.0,
21,30,21-30,depok_air_lag7,225.0,21-59,21-60,21-60,796.527344,141.0,
21,31,21-31,manggarai_air_lag20,65.0,21-61,21-62,21-62,2110.71094,1728.0,
21,32,21-32,depok_air_lag12,85.0,21-63,21-64,21-64,25405.4492,14.0,
21,33,21-33,manggarai_cuaca_lag12_hujan,1.0,21-65,21-66,21-66,3042.9375,3314.0,
21,34,21-34,depok_air_lag14,86.0,21-67,21-68,21-68,4545.23145,104.0,
21,35,21-35,hour_cos,-0.965925813,21-69,21-70,21-70,2190.74023,3128.0,
21,36,21-36,manggarai_cuaca_lag12_hujan,1.0,21-71,21-72,21-72,82034.1953,43.0,
21,37,21-37,manggarai_air_lag3,612.5,21-73,21-74,21-74,3356.94434,3791.0,
21,38,21-38,katulampa_cuaca_lag18_hujan,1.0,21-75,21-76,21-76,54342.5859,61.0,
21,39,21-39,dayofyear_cos,-0.998315096,21-77,21-78,21-78,4306.33496,168.0,
21,40,21-40,dayofyear_sin,-0.994566739,21-79,21-80,21-80,1213.34375,3.0,
21,41,21-41,depok_air_lag10,106.0,21-81,21-82,21-82,2392.20557,93.0,
21,42,21-42,depok_air_lag8,185.0,21-83,21-84,21-84,1769.1167,205.0,
21,43,21-43,Leaf,,,,,0.00339050288,1.0,
21,44,21-44,manggarai_air_lag5,651.0,21-85,21-86,21-86,42.6894531,14.0,
21,45,21-45,depok_air_lag12,74.0,21-87,21-88,21-88,3947.08643,3271.0,
21,46,21-46,depok_air_lag16,137.5,21-89,21-90,21-90,2241.48291,237.0,
21,47,21-47,manggarai_cuaca_lag1_hujan,1.0,21-91,21-92,21-92,3990.125,5374.0,
21,48,21-48,manggarai_cuaca_lag12_hujan,1.0,21-93,21-94,21-94,64817.0352,26.0,
21,49,21-49,manggarai_cuaca_lag1_hujan,1.0,21-95,21-96,21-96,5681.68262,2376.0,
21,50,21-50,dayofyear_sin,0.99209851,21-97,21-98,21-98,1968.79297,1143.0,
21,51,21-51,manggarai_air_lag5,635.0,21-99,21-100,21-100,2366.00977,377.0,
21,52,21-52,depok_air_lag8,102.5,21-101,21-102,21-102,2119.92676,57.0,
21,53,21-53,depok_air_lag20,205.0,21-103,21-104,21-104,5835.34375,911.0,
21,54,21-54,hour_sin,-0.258819044,21-105,21-106,21-106,8166.15088,2.0,
21,55,21-55,manggarai_air_lag3,820.0,21-107,21-108,21-108,915.160156,149.0,
21,56,21-56,depok_air_lag23,350.0,21-109,21-110,21-110,1425.83984,198.0,
21,57,21-57,depok_air_lag13,150.0,21-111,21-112,21-112,792.085938,151.0,
21,58,21-58,depok_air_lag23,135.0,21-113,21-114,21-114,966.060547,103.0,
21,59,21-59,dayofyear_sin,-0.992887199,21-115,21-116,21-116,626.734375,81.0,
21,60,21-60,katulampa_air_lag14,140.0,21-117,21-118,21-118,317.117188,60.0,
21,61,21-61,hour_cos,0.707106769,21-119,21-120,21-120,836.113892,4.0,
21,62,21-62,manggarai_cuaca_lag1_hujan,1.0,21-121,21-122,21-122,1986.46094,1724.0,
21,63,21-63,hour_sin,0.965925813,21-123,21-124,21-124,966.411316,13.0,
21,64,21-64,Leaf,,,,,-12.6912565,1.0,
21,65,21-65,manggarai_cuaca_lag7_hujan,1.0,21-125,21-126,21-126,3163.36719,3264.0,
21,66,21-66,depok_cuaca_lag6_hujan,1.0,21-127,21-128,21-128,57791.1875,50.0,
21,67,21-67,depok_air_lag20,92.5,21-129,21-130,21-130,2279.63892,102.0,
21,68,21-68,Leaf,,,,,3.83434868,2.0,
21,69,21-69,depok_air_lag13,80.0,21-131,21-132,21-132,5733.65967,110.0,
21,70,21-70,dayofyear_sin,-0.999832988,21-133,21-134,21-134,2077.91797,3018.0,
21,71,21-71,manggarai_air_lag20,630.0,21-135,21-136,21-136,421.725311,42.0,
21,72,21-72,Leaf,,,,,-21.0752144,1.0,
21,73,21-73,depok_air_lag9,135.0,21-137,21-138,21-138,2741.95508,2295.0,
21,74,21-74,dayofyear_cos,0.999408185,21-139,21-140,21-140,1370.79382,1496.0,
21,75,21-75,depok_air_lag12,20.0,21-141,21-142,21-142,383.575073,57.0,
21,76,21-76,hour_sin,0.707106769,21-143,21-144,21-144,94746.3203,4.0,
21,77,21-77,Leaf,,,,,3.99888301,2.0,
21,78,21-78,depok_cuaca_lag1_hujan,1.0,21-145,21-146,21-146,1706.93799,166.0,
21,79,21-79,Leaf,,,,,5.18733549,2.0,
21,80,21-80,Leaf,,,,,0.535583496,1.0,
21,81,21-81,depok_cuaca_lag7_hujan,1.0,21-147,21-148,21-148,2651.71289,90.0,
21,82,21-82,Leaf,,,,,2.34927535,3.0,
21,83,21-83,depok_air_lag7,200.0,21-149,21-150,21-150,2988.43213,183.0,
21,84,21-84,manggarai_air_lag7,612.5,21-151,21-152,21-152,98.2416992,22.0,
21,85,21-85,Leaf,,,,,2.58151984,13.0,
21,86,21-86,Leaf,,,,,0.685632348,1.0,
21,87,21-87,dayofyear_sin,-0.901168704,21-153,21-154,21-154,30014.1152,36.0,
21,88,21-88,manggarai_air_lag20,602.5,21-155,21-156,21-156,3206.94092,3235.0,
21,89,21-89,hour_sin,-0.707106769,21-157,21-158,21-158,1238.76172,232.0,
21,90,21-90,dayofyear_sin,-0.893579006,21-159,21-160,21-160,1279.72437,5.0,
21,91,21-91,manggarai_air_lag3,650.0,21-161,21-162,21-162,3500.21875,5097.0,
21,92,21-92,dayofyear_sin,-0.928839445,21-163,21-164,21-164,7616.25488,277.0,
21,93,21-93,katulampa_air_lag19,15.0,21-165,21-166,21-166,905.399597,25.0,
21,94,21-94,Leaf,,,,,-19.2197018,1.0,
21,95,21-95,manggarai_air_lag7,805.0,21-167,21-168,21-168,2768.31152,2270.0,
21,96,21-96,manggarai_air_lag6,705.0,21-169,21-170,21-170,1968.58203,106.0,
21,97,21-97,depok_cuaca_lag1_hujan,1.0,21-171,21-172,21-172,1076.6582,926.0,
21,98,21-98,manggarai_cuaca_lag1_hujan,1.0,21-173,21-174,21-174,1952.06738,217.0,
21,99,21-99,katulampa_air_lag21,35.0,21-175,21-176,21-176,731.351562,34.0,
21,100,21-100,manggarai_air_lag3,680.0,21-177,21-178,21-178,1467.8584,343.0,
21,101,21-101,depok_air_lag7,130.0,21-179,21-180,21-180,670.915405,9.0,
21,102,21-102,manggarai_air_lag5,620.0,21-181,21-182,21-182,928.623047,48.0,
21,103,21-103,hour_cos,0.707106769,21-183,21-184,21-184,2754.35547,900.0,
21,104,21-104,hour_cos,-0.866025388,21-185,21-186,21-186,26690.5996,11.0,
21,105,21-105,Leaf,,,,,-8.87189007,1.0,
21,106,21-106,Leaf,,,,,1.19357908,1.0,
21,107,21-107,katulampa_cuaca_lag14_hujan,1.0,21-187,21-188,21-188,821.743164,133.0,
21,108,21-108,manggarai_air_lag21,700.0,21-189,21-190,21-190,72.6098633,16.0,
21,109,21-109,depok_air_lag6,113.0,21-191,21-192,21-192,1288.60156,197.0,
21,110,21-110,Leaf,,,,,4.21143818,1.0,
21,111,21-111,depok_air_lag10,96.0,21-193,21-194,21-194,490.892578,136.0,
21,112,21-112,manggarai_air_lag7,770.0,21-195,21-196,21-196,168.72345,15.0,
21,113,21-113,katulampa_air_lag21,45.0,21-197,21-198,21-198,2449.85742,58.0,
21,114,21-114,depok_air_lag20,125.0,21-199,21-200,21-200,2736.76562,45.0,
21,115,21-115,Leaf,,,,,-0.348931879,1.0,
21,116,21-116,katulampa_air_lag14,120.0,21-201,21-202,21-202,262.023438,80.0,
21,117,21-117,depok_air_lag6,305.0,21-203,21-204,21-204,319.84375,57.0,
21,118,21-118,Leaf,,,,,0.943270862,3.0,
21,119,21-119,Leaf,,,,,-0.169694006,2.0,
21,120,21-120,Leaf,,,,,2.39189243,2.0,
21,121,21-121,Leaf,,,,,-0.762512326,1705.0,
21,122,21-122,Leaf,,,,,0.254053056,19.0,
21,123,21-123,Leaf,,,,,-0.819480062,12.0,
21,124,21-124,Leaf,,,,,1.57429814,1.0,
21,125,21-125,Leaf,,,,,-0.495210171,3231.0,
21,126,21-126,Leaf,,,,,-1.46875036,33.0,
21,127,21-127,Leaf,,,,,-0.436564177,48.0,
21,128,21-128,Leaf,,,,,-14.7546082,2.0,
21,129,21-129,Leaf,,,,,-0.193942234,100.0,
21,130,21-130,Leaf,,,,,2.6040833,2.0,
21,131,21-131,Leaf,,,,,-1.85196722,32.0,
21,132,21-132,Leaf,,,,,-0.274955899,78.0,
21,133,21-133,Leaf,,,,,-0.914750099,52.0,
21,134,21-134,Leaf,,,,,-0.281732708,2966.0,
21,135,21-135,Leaf,,,,,-0.397253722,41.0,
21,136,21-136,Leaf,,,,,1.10839844,1.0,
21,137,21-137,Leaf,,,,,-0.260591596,2280.0,
21,138,21-138,Leaf,,,,,-1.57600975,15.0,
21,139,21-139,Leaf,,,,,-0.0891887695,1474.0,
21,140,21-140,Leaf,,,,,0.68898505,22.0,
21,141,21-141,Leaf,,,,,-1.50919807,1.0,
21,142,21-142,Leaf,,,,,-0.0963555574,56.0,
21,143,21-143,Leaf,,,,,0.163064584,3.0,
21,144,21-144,Leaf,,,,,-27.8820858,1.0,
21,145,21-145,Leaf,,,,,-0.150206417,82.0,
21,146,21-146,Leaf,,,,,0.4879044,84.0,
21,147,21-147,Leaf,,,,,-0.403589547,74.0,
21,148,21-148,Leaf,,,,,0.980241477,16.0,
21,149,21-149,Leaf,,,,,0.587051094,179.0,
21,150,21-150,Leaf,,,,,-1.90267217,4.0,
21,151,21-151,Leaf,,,,,1.58457804,18.0,
21,152,21-152,Leaf,,,,,0.709084451,4.0,
21,153,21-153,Leaf,,,,,-8.29040432,4.0,
21,154,21-154,Leaf,,,,,0.0395078734,32.0,
21,155,21-155,Leaf,,,,,-0.299928337,431.0,
21,156,21-156,Leaf,,,,,-0.00722810579,2804.0,
21,157,21-157,Leaf,,,,,0.789809167,53.0,
21,158,21-158,Leaf,,,,,0.240732908,179.0,
21,159,21-159,Leaf,,,,,3.3688035,3.0,
21,160,21-160,Leaf,,,,,0.176723227,2.0,
21,161,21-161,Leaf,,,,,0.0736454949,1122.0,
21,162,21-162,Leaf,,,,,0.273725718,3975.0,
21,163,21-163,Leaf,,,,,2.74043536,15.0,
21,164,21-164,Leaf,,,,,0.487643927,262.0,
21,165,21-165,Leaf,,,,,-1.87598419,3.0,
21,166,21-166,Leaf,,,,,-0.225392744,22.0,
21,167,21-167,Leaf,,,,,0.217340261,2259.0,
21,168,21-168,Leaf,,,,,1.74162138,11.0,
21,169,21-169,Leaf,,,,,0.839008152,99.0,
21,170,21-170,Leaf,,,,,2.50749445,7.0,
21,171,21-171,Leaf,,,,,0.470988005,859.0,
21,172,21-172,Leaf,,,,,0.889137208,67.0,
21,173,21-173,Leaf,,,,,0.775873721,210.0,
21,174,21-174,Leaf,,,,,2.39558959,7.0,
21,175,21-175,Leaf,,,,,1.67607117,32.0,
21,176,21-176,Leaf,,,,,-0.200952157,2.0,
21,177,21-177,Leaf,,,,,0.514104009,204.0,
21,178,21-178,Leaf,,,,,0.940888107,139.0,
21,179,21-179,Leaf,,,,,1.25224912,3.0,
21,180,21-180,Leaf,,,,,-0.3773987,6.0,
21,181,21-181,Leaf,,,,,-0.118336998,2.0,
21,182,21-182,Leaf,,,,,2.02514148,46.0,
21,183,21-183,Leaf,,,,,0.663379431,721.0,
21,184,21-184,Leaf,,,,,1.10507286,179.0,
21,185,21-185,Leaf,,,,,-12.0302372,1.0,
21,186,21-186,Leaf,,,,,0.575623691,10.0,
21,187,21-187,Leaf,,,,,0.558632016,71.0,
21,188,21-188,Leaf,,,,,1.07212269,62.0,
21,189,21-189,Leaf,,,,,1.75208843,13.0,
21,190,21-190,Leaf,,,,,0.738748193,3.0,
21,191,21-191,Leaf,,,,,4.04441547,1.0,
21,192,21-192,Leaf,,,,,1.31889153,196.0,
21,193,21-193,Leaf,,,,,0.493857354,11.0,
21,194,21-194,Leaf,,,,,1.25396371,125.0,
21,195,21-195,Leaf,,,,,0.525377154,13.0,
21,196,21-196,Leaf,,,,,-0.336511225,2.0,
21,197,21-197,Leaf,,,,,1.69285572,49.0,
21,198,21-198,Leaf,,,,,3.54452515,9.0,
21,199,21-199,Leaf,,,,,-2.42652893,1.0,
21,200,21-200,Leaf,,,,,1.47257304,44.0,
21,201,21-201,Leaf,,,,,1.88970459,79.0,
21,202,21-202,Leaf,,,,,0.125570685,1.0,
21,203,21-203,Leaf,,,,,2.57229519,53.0,
21,204,21-204,Leaf,,,,,1.14585817,4.0,
22,0,22-0,manggarai_air_lag1,630.0,22-1,22-2,22-2,306904.062,27201.0,
22,1,22-1,manggarai_air_lag1,595.0,22-3,22-4,22-4,29110.3281,13219.0,
22,2,22-2,manggarai_air_lag1,685.0,22-5,22-6,22-6,103865.141,13982.0,
22,3,22-3,manggarai_air_lag20,20.0,22-7,22-8,22-8,13560.0781,5219.0,
22,4,22-4,manggarai_air_lag1,607.5,22-9,22-10,22-10,6084.30469,8000.0,
22,5,22-5,manggarai_air_lag1,655.0,22-11,22-12,22-12,15761.7305,11664.0,
22,6,22-6,manggarai_air_lag1,725.0,22-13,22-14,22-14,21996.5156,2318.0,
22,7,22-7,time_index,289.0,22-15,22-16,22-16,19610.6172,2.0,
22,8,22-8,manggarai_air_lag1,580.0,22-17,22-18,22-18,6665.84375,5217.0,
22,9,22-9,manggarai_air_lag2,592.5,22-19,22-20,22-20,1079.69922,4009.0,
22,10,22-10,depok_air_lag10,137.5,22-21,22-22,22-22,7669.8457,3991.0,
22,11,22-11,manggarai_air_lag2,630.0,22-23,22-24,22-24,4396.10645,8062.0,
22,12,22-12,manggarai_air_lag2,651.0,22-25,22-26,22-26,6445.32422,3602.0,
22,13,22-13,manggarai_air_lag3,700.0,22-27,22-28,22-28,5588.22656,1547.0,
22,14,22-14,manggarai_air_lag1,760.0,22-29,22-30,22-30,4928.04688,771.0,
22,15,22-15,Leaf,,,,,-13.1229525,1.0,
22,16,22-16,Leaf,,,,,2.22855544,1.0,
22,17,22-17,manggarai_air_lag2,598.0,22-31,22-32,22-32,4170.64844,1935.0,
22,18,22-18,depok_air_lag6,165.0,22-33,22-34,22-34,3606.91797,3282.0,
22,19,22-19,depok_air_lag7,96.0,22-35,22-36,22-36,984.308594,81.0,
22,20,22-20,time_index,24567.0,22-37,22-38,22-38,779.304688,3928.0,
22,21,22-21,manggarai_air_lag2,607.5,22-39,22-40,22-40,4907.16016,3984.0,
22,22,22-22,time_index,289.0,22-41,22-42,22-42,23282.6172,7.0,
22,23,22-23,manggarai_cuaca_lag12_hujan,1.0,22-43,22-44,22-44,11668.418,254.0,
22,24,22-24,depok_air_lag8,170.0,22-45,22-46,22-46,6546.90723,7808.0,
22,25,22-25,depok_cuaca_lag6_hujan,1.0,22-47,22-48,22-48,3270.39844,318.0,
22,26,22-26,time_index,21119.0,22-49,22-50,22-50,3783.84375,3284.0,
22,27,22-27,manggarai_air_lag2,720.0,22-51,22-52,22-52,3468.84766,729.0,
22,28,22-28,depok_cuaca_lag1_hujan,1.0,22-53,22-54,22-54,2676.07031,818.0,
22,29,22-29,manggarai_air_lag2,720.0,22-55,22-56,22-56,3879.30469,482.0,
22,30,22-30,depok_air_lag6,185.0,22-57,22-58,22-58,1841.57812,289.0,
22,31,22-31,manggarai_air_lag2,592.5,22-59,22-60,22-60,1359.23438,1908.0,
22,32,22-32,manggarai_air_lag2,650.0,22-61,22-62,22-62,256.108398,27.0,
22,33,22-33,manggarai_cuaca_lag1_hujan,1.0,22-63,22-64,22-64,2359.71094,3272.0,
22,34,22-34,depok_air_lag7,92.5,22-65,22-66,22-66,624.312744,10.0,
22,35,22-35,manggarai_air_lag2,570.0,22-67,22-68,22-68,271.249237,59.0,
22,36,22-36,hour_sin,0.965925813,22-69,22-70,22-70,225.401245,22.0,
22,37,22-37,manggarai_air_lag2,607.5,22-71,22-72,22-72,951.789062,3470.0,
22,38,22-38,time_index,24701.0,22-73,22-74,22-74,5232.37598,458.0,
22,39,22-39,manggarai_air_lag1,625.0,22-75,22-76,22-76,2503.03784,170.0,
22,40,22-40,manggarai_cuaca_lag1_hujan,1.0,22-77,22-78,22-78,4150.09375,3814.0,
22,41,22-41,Leaf,,,,,-12.5815229,1.0,
22,42,22-42,time_index,18197.0,22-79,22-80,22-80,157.002747,6.0,
22,43,22-43,time_index,18197.0,22-81,22-82,22-82,2213.55859,241.0,
22,44,22-44,manggarai_air_lag3,598.0,22-83,22-84,22-84,82758.5547,13.0,
22,45,22-45,manggarai_air_lag12,625.0,22-85,22-86,22-86,4052.14453,7798.0,
22,46,22-46,depok_air_lag24,96.0,22-87,22-88,22-88,27359.8672,10.0,
22,47,22-47,depok_air_lag7,180.0,22-89,22-90,22-90,2784.58984,237.0,
22,48,22-48,manggarai_air_lag2,645.0,22-91,22-92,22-92,1327.55664,81.0,
22,49,22-49,depok_air_lag3,106.0,22-93,22-94,22-94,4903.91211,1342.0,
22,50,22-50,manggarai_air_lag20,645.0,22-95,22-96,22-96,2433.55078,1942.0,
22,51,22-51,manggarai_air_lag5,570.0,22-97,22-98,22-98,2867.92969,715.0,
22,52,22-52,manggarai_air_lag20,625.0,22-99,22-100,22-100,1548.83594,14.0,
22,53,22-53,manggarai_air_lag3,760.0,22-101,22-102,22-102,3165.75977,771.0,
22,54,22-54,depok_air_lag10,160.0,22-103,22-104,22-104,5862.95654,47.0,
22,55,22-55,manggarai_cuaca_lag1_hujan,1.0,22-105,22-106,22-106,1120.99805,83.0,
22,56,22-56,manggarai_air_lag3,765.0,22-107,22-108,22-108,1479.63672,399.0,
22,57,22-57,katulampa_cuaca_lag18_hujan,1.0,22-109,22-110,22-110,888.0625,219.0,
22,58,22-58,manggarai_cuaca_lag1_hujan,1.0,22-111,22-112,22-112,979.757812,70.0,
22,59,22-59,manggarai_air_lag1,20.0,22-113,22-114,22-114,908.554688,1906.0,
22,60,22-60,time_index,13301.0,22-115,22-116,22-116,464.48999,2.0,
22,61,22-61,manggarai_air_lag3,625.0,22-117,22-118,22-118,184.632767,20.0,
22,62,22-62,katulampa_air_lag14,45.0,22-119,22-120,22-120,207.13031,7.0,
22,63,22-63,manggarai_cuaca_lag7_hujan,1.0,22-121,22-122,22-122,2098.53906,3205.0,
22,64,22-64,hour_sin,-0.707106769,22-123,22-124,22-124,3501.02661,67.0,
22,65,22-65,Leaf,,,,,-0.566314697,1.0,
22,66,22-66,depok_air_lag3,165.0,22-125,22-126,22-126,387.489746,9.0,
22,67,22-67,manggarai_air_lag2,565.0,22-127,22-128,22-128,462.405945,6.0,
22,68,22-68,depok_air_lag9,96.0,22-129,22-130,22-130,223.217163,53.0,
22,69,22-69,manggarai_air_lag9,585.0,22-131,22-132,22-132,162.401489,15.0,
22,70,22-70,manggarai_air_lag3,586.0,22-133,22-134,22-134,89.878067,7.0,
22,71,22-71,depok_air_lag8,111.0,22-135,22-136,22-136,640.925781,3257.0,
22,72,22-72,depok_air_lag10,106.0,22-137,22-138,22-138,420.186523,213.0,
22,73,22-73,manggarai_air_lag20,602.5,22-139,22-140,22-140,15601.0908,43.0,
22,74,22-74,depok_air_lag23,96.0,22-141,22-142,22-142,2205.36426,415.0,
22,75,22-75,depok_air_lag7,102.5,22-143,22-144,22-144,1508.01538,160.0,
22,76,22-76,hour_sin,1.22464685e-16,22-145,22-146,22-146,1304.00562,10.0,
22,77,22-77,manggarai_air_lag20,607.5,22-147,22-148,22-148,3270.36719,3685.0,
22,78,22-78,manggarai_air_lag15,585.0,22-149,22-150,22-150,3448.29248,129.0,
22,79,22-79,Leaf,,,,,0.481760651,2.0,
22,80,22-80,depok_air_lag23,92.5,22-151,22-152,22-152,1.45243835,4.0,
22,81,22-81,depok_cuaca_lag4_hujan,1.0,22-153,22-154,22-154,1924.52832,180.0,
22,82,22-82,depok_air_lag3,185.0,22-155,22-156,22-156,1442.56018,61.0,
22,83,22-83,Leaf,,,,,-21.1226635,1.0,
22,84,22-84,depok_air_lag3,106.0,22-157,22-158,22-158,110.255615,12.0,
22,85,22-85,depok_air_lag12,74.0,22-159,22-160,22-160,6310.16357,626.0,
22,86,22-86,manggarai_air_lag1,645.0,22-161,22-162,22-162,2704.31543,7172.0,
22,87,22-87,time_index,30677.0,22-163,22-164,22-164,14357.7539,2.0,
22,88,22-88,manggarai_air_lag1,635.0,22-165,22-166,22-166,632.328735,8.0,
22,89,22-89,depok_air_lag24,175.0,22-167,22-168,22-168,1385.06494,218.0,
22,90,22-90,katulampa_air_lag14,29.0,22-169,22-170,22-170,1683.18604,19.0,
22,91,22-91,depok_air_lag8,106.0,22-171,22-172,22-172,1685.35156,32.0,
22,92,22-92,depok_air_lag6,102.5,22-173,22-174,22-174,435.720215,49.0,
22,93,22-93,depok_air_lag23,185.0,22-175,22-176,22-176,26427.8145,605.0,
22,94,22-94,depok_air_lag6,130.0,22-177,22-178,22-178,1828.46582,737.0,
22,95,22-95,depok_air_lag16,111.0,22-179,22-180,22-180,904.676636,118.0,
22,96,22-96,time_index,22579.0,22-181,22-182,22-182,1522.07422,1824.0,
22,97,22-97,Leaf,,,,,-2.89505005,1.0,
22,98,22-98,hour_sin,-0.866025388,22-183,22-184,22-184,2559.05469,714.0,
22,99,22-99,Leaf,,,,,-2.64164639,2.0,
22,100,22-100,manggarai_air_lag1,720.0,22-185,22-186,22-186,681.323181,12.0,
22,101,22-101,manggarai_air_lag1,700.0,22-187,22-188,22-188,2839.41406,757.0,
22,102,22-102,hour_sin,0.258819044,22-189,22-190,22-190,15398.9785,14.0,
22,103,22-103,katulampa_air_lag5,45.0,22-191,22-192,22-192,1238.97876,44.0,
22,104,22-104,Leaf,,,,,4.9526248,3.0,
22,105,22-105,depok_air_lag6,102.5,22-193,22-194,22-194,1211.89062,65.0,
22,106,22-106,depok_air_lag6,135.0,22-195,22-196,22-196,549.296875,18.0,
22,107,22-107,time_index,23903.0,22-197,22-198,22-198,959.425781,341.0,
22,108,22-108,manggarai_cuaca_lag2_hujan,1.0,22-199,22-200,22-200,772.321533,58.0,
22,109,22-109,manggarai_air_lag2,680.0,22-201,22-202,22-202,869.363281,148.0,
22,110,22-110,depok_air_lag6,170.0,22-203,22-204,22-204,671.172852,71.0,
22,111,22-111,time_index,29749.0,22-205,22-206,22-206,1314.35547,61.0,
22,112,22-112,manggarai_air_lag2,775.0,22-207,22-208,22-208,818.4375,9.0,
22,113,22-113,Leaf,,,,,-2.47565722,2.0,
22,114,22-114,Leaf,,,,,-0.688750923,1904.0,
22,115,22-115,Leaf,,,,,-3.78633428,1.0,
22,116,22-116,Leaf,,,,,-0.50327456,1.0,
22,117,22-117,Leaf,,,,,0.611284852,10.0,
22,118,22-118,Leaf,,,,,0.015944602,10.0,
22,119,22-119,Leaf,,,,,1.32386482,5.0,
22,120,22-120,Leaf,,,,,0.0965352356,2.0,
22,121,22-121,Leaf,,,,,-0.452914298,3168.0,
22,122,22-122,Leaf,,,,,-1.2042793,37.0,
22,123,22-123,Leaf,,,,,0.92276448,30.0,
22,124,22-124,Leaf,,,,,-0.50962925,37.0,
22,125,22-125,Leaf,,,,,0.783497095,5.0,
22,126,22-126,Leaf,,,,,2.29836321,4.0,
22,127,22-127,Leaf,,,,,-0.0782145187,5.0,
22,128,22-128,Leaf,,,,,1.70669258,1.0,
22,129,22-129,Leaf,,,,,-0.289099723,51.0,
22,130,22-130,Leaf,,,,,0.609610975,2.0,
22,131,22-131,Leaf,,,,,1.32055306,4.0,
22,132,22-132,Leaf,,,,,0.524659753,11.0,
22,133,22-133,Leaf,,,,,0.321033746,5.0,
22,134,22-134,Leaf,,,,,-0.353210449,2.0,
22,135,22-135,Leaf,,,,,-0.29985401,3228.0,
22,136,22-136,Leaf,,,,,0.167656466,29.0,
22,137,22-137,Leaf,,,,,-0.536467016,208.0,
22,138,22-138,Leaf,,,,,0.338506073,5.0,
22,139,22-139,Leaf,,,,,-0.258839607,31.0,
22,140,22-140,Leaf,,,,,-4.39526367,12.0,
22,141,22-141,Leaf,,,,,-0.245378524,359.0,
22,142,22-142,Leaf,,,,,-0.91655761,56.0,
22,143,22-143,Leaf,,,,,0.0959632024,117.0,
22,144,22-144,Leaf,,,,,0.783741474,43.0,
22,145,22-145,Leaf,,,,,3.0678432,4.0,
22,146,22-146,Leaf,,,,,0.713157415,6.0,
22,147,22-147,Leaf,,,,,-0.378898412,677.0,
22,148,22-148,Leaf,,,,,-0.135664091,3008.0,
22,149,22-149,Leaf,,,,,3.28901982,3.0,
22,150,22-150,Leaf,,,,,0.300357461,126.0,
22,151,22-151,Leaf,,,,,-0.123275757,1.0,
22,152,22-152,Leaf,,,,,-0.483506769,3.0,
22,153,22-153,Leaf,,,,,0.708714962,149.0,
22,154,22-154,Leaf,,,,,1.57936597,31.0,
22,155,22-155,Leaf,,,,,0.250912935,60.0,
22,156,22-156,Leaf,,,,,-2.48101497,1.0,
22,157,22-157,Leaf,,,,,0.994125783,8.0,
22,158,22-158,Leaf,,,,,0.270056158,4.0,
22,159,22-159,Leaf,,,,,-2.03246856,16.0,
22,160,22-160,Leaf,,,,,-0.0789615512,610.0,
22,161,22-161,Leaf,,,,,0.0630175695,3117.0,
22,162,22-162,Leaf,,,,,0.186915606,4055.0,
22,163,22-163,Leaf,,,,,-15.3767262,1.0,
22,164,22-164,Leaf,,,,,-0.344613642,1.0,
22,165,22-165,Leaf,,,,,-0.668721557,2.0,
22,166,22-166,Leaf,,,,,1.11733925,6.0,
22,167,22-167,Leaf,,,,,0.46770665,215.0,
22,168,22-168,Leaf,,,,,2.36277628,3.0,
22,169,22-169,Leaf,,,,,1.97670293,18.0,
22,170,22-170,Leaf,,,,,-1.3255738,1.0,
22,171,22-171,Leaf,,,,,2.37333465,21.0,
22,172,22-172,Leaf,,,,,0.760155261,11.0,
22,173,22-173,Leaf,,,,,0.549501777,18.0,
22,174,22-174,Leaf,,,,,1.21713006,31.0,
22,175,22-175,Leaf,,,,,0.051268965,601.0,
22,176,22-176,Leaf,,,,,-7.24904966,4.0,
22,177,22-177,Leaf,,,,,0.303759962,614.0,
22,178,22-178,Leaf,,,,,0.726311862,123.0,
22,179,22-179,Leaf,,,,,0.24652651,61.0,
22,180,22-180,Leaf,,,,,-0.302933693,57.0,
22,181,22-181,Leaf,,,,,0.566342175,693.0,
22,182,22-182,Leaf,,,,,0.377010137,1131.0,
22,183,22-183,Leaf,,,,,1.67205846,47.0,
22,184,22-184,Leaf,,,,,0.902766049,667.0,
22,185,22-185,Leaf,,,,,-0.606424987,8.0,
22,186,22-186,Leaf,,,,,0.850338161,4.0,
22,187,22-187,Leaf,,,,,0.239069059,251.0,
22,188,22-188,Leaf,,,,,0.651688933,506.0,
22,189,22-189,Leaf,,,,,0.27847597,13.0,
22,190,22-190,Leaf,,,,,-9.12816906,1.0,
22,191,22-191,Leaf,,,,,0.567065656,33.0,
22,192,22-192,Leaf,,,,,1.78657174,11.0,
22,193,22-193,Leaf,,,,,-1.12257385,1.0,
22,194,22-194,Leaf,,,,,1.61029851,64.0,
22,195,22-195,Leaf,,,,,2.97183514,12.0,
22,196,22-196,Leaf,,,,,1.37379062,6.0,
22,197,22-197,Leaf,,,,,1.19673717,276.0,
22,198,22-198,Leaf,,,,,0.745973945,65.0,
22,199,22-199,Leaf,,,,,0.664500475,53.0,
22,200,22-200,Leaf,,,,,-0.554381311,5.0,
22,201,22-201,Leaf,,,,,0.00310058589,3.0,
22,202,22-202,Leaf,,,,,1.7238512,145.0,
22,203,22-203,Leaf,,,,,1.28210068,67.0,
22,204,22-204,Leaf,,,,,-0.0408081077,4.0,
22,205,22-205,Leaf,,,,,2.15329361,52.0,
22,206,22-206,Leaf,,,,,0.735052526,9.0,
22,207,22-207,Leaf,,,,,3.92020273,6.0,
22,208,22-208,Leaf,,,,,1.27497864,3.0,
23,0,23-0,manggarai_air_lag1,635.0,23-1,23-2,23-2,251068.531,27218.0,
23,1,23-1,manggarai_air_lag1,605.0,23-3,23-4,23-4,31176.2188,14443.0,
23,2,23-2,manggarai_air_lag1,690.0,23-5,23-6,23-6,77022.3672,12775.0,
23,3,23-3,depok_air_lag7,20.0,23-7,23-8,23-8,11224.8438,8584.0,
23,4,23-4,depok_air_lag7,97.5,23-9,23-10,23-10,4374.13965,5859.0,
23,5,23-5,manggarai_air_lag1,665.0,23-11,23-12,23-12,11749.8359,10640.0,
23,6,23-6,manggarai_air_lag1,745.0,23-13,23-14,23-14,17492.0,2135.0,
23,7,23-7,time_index,289.0,23-15,23-16,23-16,18185.8398,3.0,
23,8,23-8,manggarai_air_lag1,580.0,23-17,23-18,23-18,9455.54688,8581.0,
23,9,23-9,depok_air_lag24,195.0,23-19,23-20,23-20,7379.41504,3665.0,
23,10,23-10,manggarai_air_lag4,570.0,23-21,23-22,23-22,7154.24072,2194.0,
23,11,23-11,manggarai_air_lag2,630.0,23-23,23-24,23-24,5072.92773,8374.0,
23,12,23-12,manggarai_air_lag2,635.0,23-25,23-26,23-26,4724.33984,2266.0,
23,13,23-13,depok_air_lag13,125.0,23-27,23-28,23-28,5564.13281,1687.0,
23,14,23-14,depok_air_lag6,185.0,23-29,23-30,23-30,3086.30469,448.0,
23,15,23-15,Leaf,,,,,-12.4668045,1.0,
23,16,23-16,Leaf,,,,,0.69712323,2.0,
23,17,23-17,manggarai_air_lag2,598.0,23-31,23-32,23-32,4588.95312,1908.0,
23,18,23-18,manggarai_air_lag14,592.5,23-33,23-34,23-34,2338.02344,6673.0,
23,19,23-19,manggarai_air_lag21,710.0,23-35,23-36,23-36,6171.97656,3660.0,
23,20,23-20,dayofyear_cos,0.687457204,23-37,23-38,23-38,21765.1738,5.0,
23,21,23-21,manggarai_air_lag4,565.0,23-39,23-40,23-40,22064.6035,4.0,
23,22,23-22,manggarai_air_lag3,602.5,23-41,23-42,23-42,3852.84961,2190.0,
23,23,23-23,time_index,953.0,23-43,23-44,23-44,2772.22559,184.0,
23,24,23-24,depok_air_lag6,170.0,23-45,23-46,23-46,3334.25781,8190.0,
23,25,23-25,hour_cos,0.707106769,23-47,23-48,23-48,1050.87402,41.0,
23,26,23-26,manggarai_air_lag2,700.0,23-49,23-50,23-50,2732.75781,2225.0,
23,27,23-27,depok_air_lag6,195.0,23-51,23-52,23-52,3126.74219,835.0,
23,28,23-28,manggarai_air_lag4,665.0,23-53,23-54,23-54,4192.6875,852.0,
23,29,23-29,manggarai_air_lag1,780.0,23-55,23-56,23-56,1590.14844,359.0,
23,30,23-30,depok_cuaca_lag1_hujan,1.0,23-57,23-58,23-58,1052.80859,89.0,
23,31,23-31,manggarai_air_lag2,592.5,23-59,23-60,23-60,1127.13281,1878.0,
23,32,23-32,dayofyear_sin,0.950790346,23-61,23-62,23-62,439.251221,30.0,
23,33,23-33,manggarai_air_lag3,580.0,23-63,23-64,23-64,1773.42969,2789.0,
23,34,23-34,depok_air_lag6,165.0,23-65,23-66,23-66,1749.21094,3884.0,
23,35,23-35,manggarai_cuaca_lag12_hujan,1.0,23-67,23-68,23-68,4280.51855,3615.0,
23,36,23-36,katulampa_cuaca_lag18_hujan,1.0,23-69,23-70,23-70,132331.672,45.0,
23,37,23-37,time_index,14893.0,23-71,23-72,23-72,336.961365,4.0,
23,38,23-38,Leaf,,,,,-12.2058382,1.0,
23,39,23-39,time_index,13301.0,23-73,23-74,23-74,70.1930542,3.0,
23,40,23-40,Leaf,,,,,-11.9524469,1.0,
23,41,23-41,manggarai_air_lag2,598.0,23-75,23-76,23-76,1040.20703,125.0,
23,42,23-42,manggarai_air_lag2,690.0,23-77,23-78,23-78,1425.11157,2065.0,
23,43,23-43,time_index,557.0,23-79,23-80,23-80,2858.51855,7.0,
23,44,23-44,depok_air_lag14,102.5,23-81,23-82,23-82,1733.44775,177.0,
23,45,23-45,time_index,7725.0,23-83,23-84,23-84,3218.27344,8141.0,
23,46,23-46,katulampa_air_lag3,29.0,23-85,23-86,23-86,988.711426,49.0,
23,47,23-47,dayofyear_cos,0.437340111,23-87,23-88,23-88,409.066895,27.0,
23,48,23-48,katulampa_air_lag3,15.0,23-89,23-90,23-90,1013.53613,14.0,
23,49,23-49,manggarai_air_lag3,658.0,23-91,23-92,23-92,1979.32812,2171.0,
23,50,23-50,manggarai_air_lag4,650.0,23-93,23-94,23-94,1648.73853,54.0,
23,51,23-51,time_index,14761.0,23-95,23-96,23-96,2249.5625,795.0,
23,52,23-52,manggarai_air_lag3,665.0,23-97,23-98,23-98,442.581055,40.0,
23,53,23-53,dayofyear_sin,0.661263466,23-99,23-100,23-100,13956.6631,24.0,
23,54,23-54,dayofyear_sin,-0.997559071,23-101,23-102,23-102,3342.33789,828.0,
23,55,23-55,manggarai_air_lag2,775.0,23-103,23-104,23-104,949.503906,246.0,
23,56,23-56,depok_air_lag12,120.0,23-105,23-106,23-106,828.916016,113.0,
23,57,23-57,manggarai_air_lag1,785.0,23-107,23-108,23-108,293.798828,81.0,
23,58,23-58,hour_cos,0.866025388,23-109,23-110,23-110,222.84375,8.0,
23,59,23-59,manggarai_air_lag1,20.0,23-111,23-112,23-112,820.664062,1875.0,
23,60,23-60,time_index,13301.0,23-113,23-114,23-114,567.765137,3.0,
23,61,23-61,manggarai_air_lag3,700.0,23-115,23-116,23-116,158.990173,27.0,
23,62,23-62,Leaf,,,,,1.60787356,3.0,
23,63,23-63,depok_air_lag3,86.0,23-117,23-118,23-118,1203.50732,51.0,
23,64,23-64,manggarai_cuaca_lag7_hujan,1.0,23-119,23-120,23-120,1761.46484,2738.0,
23,65,23-65,manggarai_air_lag2,620.0,23-121,23-122,23-122,1256.22656,3865.0,
23,66,23-66,depok_air_lag7,96.0,23-123,23-124,23-124,882.143127,19.0,
23,67,23-67,depok_air_lag14,130.0,23-125,23-126,23-126,2279.06592,3487.0,
23,68,23-68,manggarai_air_lag3,598.0,23-127,23-128,23-128,50040.4609,128.0,
23,69,23-69,dayofyear_sin,0.426674098,23-129,23-130,23-130,101.651413,44.0,
23,70,23-70,Leaf,,,,,-26.4811993,1.0,
23,71,23-71,time_index,7329.0,23-131,23-132,23-132,11.2910337,3.0,
23,72,23-72,Leaf,,,,,1.47319639,1.0,
23,73,23-73,Leaf,,,,,1.51419067,2.0,
23,74,23-74,Leaf,,,,,0.236318976,1.0,
23,75,23-75,depok_air_lag3,92.5,23-133,23-134,23-134,367.486816,30.0,
23,76,23-76,manggarai_air_lag1,612.5,23-135,23-136,23-136,637.214111,95.0,
23,77,23-77,depok_air_lag6,140.0,23-137,23-138,23-138,1147.85071,2064.0,
23,78,23-78,Leaf,,,,,2.64443374,1.0,
23,79,23-79,hour_sin,0.707106769,23-139,23-140,23-140,124.955566,5.0,
23,80,23-80,Leaf,,,,,4.98175859,2.0,
23,81,23-81,depok_air_lag3,205.0,23-141,23-142,23-142,1882.25439,143.0,
23,82,23-82,depok_air_lag3,135.0,23-143,23-144,23-144,550.889038,34.0,
23,83,23-83,manggarai_air_lag2,640.0,23-145,23-146,23-146,1810.34363,718.0,
23,84,23-84,depok_air_lag7,160.0,23-147,23-148,23-148,3083.85352,7423.0,
23,85,23-85,time_index,18463.0,23-149,23-150,23-150,668.608032,12.0,
23,86,23-86,depok_cuaca_lag5_hujan,1.0,23-151,23-152,23-152,881.158203,37.0,
23,87,23-87,manggarai_air_lag9,640.0,23-153,23-154,23-154,322.977783,19.0,
23,88,23-88,depok_air_lag23,96.0,23-155,23-156,23-156,371.301453,8.0,
23,89,23-89,manggarai_air_lag2,625.0,23-157,23-158,23-158,95.8765564,5.0,
23,90,23-90,dayofyear_cos,-0.998980641,23-159,23-160,23-160,582.66748,9.0,
23,91,23-91,manggarai_air_lag15,710.0,23-161,23-162,23-162,4033.82422,236.0,
23,92,23-92,manggarai_air_lag14,660.0,23-163,23-164,23-164,1430.67188,1935.0,
23,93,23-93,time_index,953.0,23-165,23-166,23-166,756.576904,8.0,
23,94,23-94,manggarai_air_lag2,732.5,23-167,23-168,23-168,610.025085,46.0,
23,95,23-95,manggarai_air_lag2,680.0,23-169,23-170,23-170,4260.49219,388.0,
23,96,23-96,manggarai_air_lag3,620.0,23-171,23-172,23-172,4494.12891,407.0,
23,97,23-97,hour_sin,1.0,23-173,23-174,23-174,113.333984,19.0,
23,98,23-98,depok_air_lag3,235.0,23-175,23-176,23-176,103.688232,21.0,
23,99,23-99,dayofyear_cos,0.783265889,23-177,23-178,23-178,1448.01758,18.0,
23,100,23-100,hour_cos,-0.707106769,23-179,23-180,23-180,34476.6602,6.0,
23,101,23-101,hour_sin,1.0,23-181,23-182,23-182,2289.52759,2.0,
23,102,23-102,depok_air_lag13,175.0,23-183,23-184,23-184,2717.54688,826.0,
23,103,23-103,hour_cos,-0.965925813,23-185,23-186,23-186,737.146484,197.0,
23,104,23-104,depok_air_lag7,130.0,23-187,23-188,23-188,819.968018,49.0,
23,105,23-105,manggarai_air_lag17,705.0,23-189,23-190,23-190,239.455078,21.0,
23,106,23-106,manggarai_air_lag1,835.0,23-191,23-192,23-192,858.072266,92.0,
23,107,23-107,katulampa_air_lag3,45.0,23-193,23-194,23-194,429.204102,41.0,
23,108,23-108,depok_air_lag7,220.0,23-195,23-196,23-196,368.191406,40.0,
23,109,23-109,Leaf,,,,,3.34938431,7.0,
23,110,23-110,Leaf,,,,,0.717459142,1.0,
23,111,23-111,Leaf,,,,,-2.31061411,2.0,
23,112,23-112,Leaf,,,,,-0.617027938,1873.0,
23,113,23-113,Leaf,,,,,-3.59701848,1.0,
23,114,23-114,Leaf,,,,,-0.707668066,2.0,
23,115,23-115,Leaf,,,,,0.314571649,23.0,
23,116,23-116,Leaf,,,,,0.970313728,4.0,
23,117,23-117,Leaf,,,,,-0.128976524,38.0,
23,118,23-118,Leaf,,,,,0.95299989,13.0,
23,119,23-119,Leaf,,,,,-0.42203632,2694.0,
23,120,23-120,Leaf,,,,,-1.056229,44.0,
23,121,23-121,Leaf,,,,,-0.301388264,3840.0,
23,122,23-122,Leaf,,,,,-1.00143325,25.0,
23,123,23-123,Leaf,,,,,-0.580593288,4.0,
23,124,23-124,Leaf,,,,,0.973779678,15.0,
23,125,23-125,Leaf,,,,,-0.129605666,3462.0,
23,126,23-126,Leaf,,,,,-1.0697484,25.0,
23,127,23-127,Leaf,,,,,-13.4897509,2.0,
23,128,23-128,Leaf,,,,,-0.416154206,126.0,
23,129,23-129,Leaf,,,,,-0.108310953,38.0,
23,130,23-130,Leaf,,,,,-0.528298557,6.0,
23,131,23-131,Leaf,,,,,-0.259586602,2.0,
23,132,23-132,Leaf,,,,,0.0732086226,1.0,
23,133,23-133,Leaf,,,,,0.522165954,11.0,
23,134,23-134,Leaf,,,,,1.31778967,19.0,
23,135,23-135,Leaf,,,,,0.0883875117,43.0,
23,136,23-136,Leaf,,,,,0.608859003,52.0,
23,137,23-137,Leaf,,,,,-0.0406396016,1991.0,
23,138,23-138,Leaf,,,,,0.360467523,73.0,
23,139,23-139,Leaf,,,,,1.05421758,4.0,
23,140,23-140,Leaf,,,,,-0.0890258774,1.0,
23,141,23-141,Leaf,,,,,0.776283979,142.0,
23,142,23-142,Leaf,,,,,-2.35696411,1.0,
23,143,23-143,Leaf,,,,,-0.209818393,30.0,
23,144,23-144,Leaf,,,,,0.921617448,4.0,
23,145,23-145,Leaf,,,,,0.263098866,136.0,
23,146,23-146,Leaf,,,,,-0.140919834,582.0,
23,147,23-147,Leaf,,,,,0.160836563,7404.0,
23,148,23-148,Leaf,,,,,-1.08308291,19.0,
23,149,23-149,Leaf,,,,,0.833606839,6.0,
23,150,23-150,Leaf,,,,,-0.550756872,6.0,
23,151,23-151,Leaf,,,,,0.875778973,28.0,
23,152,23-152,Leaf,,,,,2.04883933,9.0,
23,153,23-153,Leaf,,,,,1.45051491,16.0,
23,154,23-154,Leaf,,,,,0.234306335,3.0,
23,155,23-155,Leaf,,,,,-0.0712742433,6.0,
23,156,23-156,Leaf,,,,,1.28047073,2.0,
23,157,23-157,Leaf,,,,,1.09048462,3.0,
23,158,23-158,Leaf,,,,,0.151595056,2.0,
23,159,23-159,Leaf,,,,,0.23078309,1.0,
23,160,23-160,Leaf,,,,,3.02913952,8.0,
23,161,23-161,Leaf,,,,,0.561263025,219.0,
23,162,23-162,Leaf,,,,,2.12722993,17.0,
23,163,23-163,Leaf,,,,,0.234198645,529.0,
23,164,23-164,Leaf,,,,,0.427918166,1406.0,
23,165,23-165,Leaf,,,,,0.58077395,1.0,
23,166,23-166,Leaf,,,,,-1.88318717,7.0,
23,167,23-167,Leaf,,,,,-0.136376962,45.0,
23,168,23-168,Leaf,,,,,1.6482209,1.0,
23,169,23-169,Leaf,,,,,1.80562365,60.0,
23,170,23-170,Leaf,,,,,0.884456277,328.0,
23,171,23-171,Leaf,,,,,-1.22871447,11.0,
23,172,23-172,Leaf,,,,,0.745883942,396.0,
23,173,23-173,Leaf,,,,,2.22904825,18.0,
23,174,23-174,Leaf,,,,,0.470504761,1.0,
23,175,23-175,Leaf,,,,,1.44382977,17.0,
23,176,23-176,Leaf,,,,,0.612429202,4.0,
23,177,23-177,Leaf,,,,,1.29425097,12.0,
23,178,23-178,Leaf,,,,,-0.517722845,6.0,
23,179,23-179,Leaf,,,,,-15.6350679,1.0,
23,180,23-180,Leaf,,,,,-0.0832234696,5.0,
23,181,23-181,Leaf,,,,,-4.75640583,1.0,
23,182,23-182,Leaf,,,,,0.597238183,1.0,
23,183,23-183,Leaf,,,,,0.678232968,661.0,
23,184,23-184,Leaf,,,,,0.222868279,165.0,
23,185,23-185,Leaf,,,,,0.193073273,7.0,
23,186,23-186,Leaf,,,,,1.26849437,190.0,
23,187,23-187,Leaf,,,,,-0.0893787742,10.0,
23,188,23-188,Leaf,,,,,0.914628923,39.0,
23,189,23-189,Leaf,,,,,2.34186769,19.0,
23,190,23-190,Leaf,,,,,0.689628065,2.0,
23,191,23-191,Leaf,,,,,1.32432401,85.0,
23,192,23-192,Leaf,,,,,2.52995682,7.0,
23,193,23-193,Leaf,,,,,1.82804585,23.0,
23,194,23-194,Leaf,,,,,1.04286087,18.0,
23,195,23-195,Leaf,,,,,1.53734934,18.0,
23,196,23-196,Leaf,,,,,2.40486979,22.0,
24,0,24-0,manggarai_air_lag2,625.0,24-1,24-2,24-2,171538.578,27123.0,
24,1,24-1,manggarai_air_lag2,595.0,24-3,24-4,24-4,19482.4766,12585.0,
24,2,24-2,depok_air_lag6,120.0,24-5,24-6,24-6,53714.375,14538.0,
24,3,24-3,manggarai_air_lag20,20.0,24-7,24-8,24-8,26076.2031,5153.0,
24,4,24-4,depok_air_lag24,195.0,24-9,24-10,24-10,11359.0625,7432.0,
24,5,24-5,manggarai_air_lag15,640.0,24-11,24-12,24-12,7614.0293,11409.0,
24,6,24-6,manggarai_air_lag2,720.0,24-13,24-14,24-14,19641.4609,3129.0,
24,7,24-7,Leaf,,,,,-11.8434649,1.0,
24,8,24-8,manggarai_air_lag15,580.0,24-15,24-16,24-16,6307.25781,5152.0,
24,9,24-9,depok_air_lag6,125.0,24-17,24-18,24-18,5266.9707,7429.0,
24,10,24-10,hour_sin,-0.5,24-19,24-20,24-20,14845.6855,3.0,
24,11,24-11,depok_air_lag3,80.0,24-21,24-22,24-22,5724.88672,2533.0,
24,12,24-12,manggarai_air_lag2,670.0,24-23,24-24,24-24,6527.07031,8876.0,
24,13,24-13,time_index,25894.0,24-25,24-26,24-26,10134.4453,2327.0,
24,14,24-14,depok_air_lag6,150.0,24-27,24-28,24-28,5278.96094,802.0,
24,15,24-15,depok_air_lag10,120.0,24-29,24-30,24-30,5042.96484,1767.0,
24,16,24-16,depok_air_lag9,96.0,24-31,24-32,24-32,5656.01953,3385.0,
24,17,24-17,manggarai_air_lag2,607.5,24-33,24-34,24-34,3180.78711,7244.0,
24,18,24-18,dayofyear_sin,0.931210041,24-35,24-36,24-36,2652.43604,185.0,
24,19,24-19,Leaf,,,,,-11.5955458,1.0,
24,20,24-20,time_index,7725.0,24-37,24-38,24-38,129.311127,2.0,
24,21,24-21,depok_air_lag10,86.0,24-39,24-40,24-40,95914.5781,29.0,
24,22,24-22,depok_air_lag6,100.0,24-41,24-42,24-42,3167.65527,2504.0,
24,23,24-23,katulampa_air_lag4,75.0,24-43,24-44,24-44,3818.81934,7258.0,
24,24,24-24,dayofyear_cos,0.104100749,24-45,24-46,24-46,2102.78516,1618.0,
24,25,24-25,depok_air_lag8,160.0,24-47,24-48,24-48,4482.22656,1554.0,
24,26,24-26,katulampa_air_lag3,35.0,24-49,24-50,24-50,4717.39648,773.0,
24,27,24-27,depok_air_lag6,130.0,24-51,24-52,24-52,1692.67578,450.0,
24,28,24-28,depok_air_lag6,185.0,24-53,24-54,24-54,1390.75781,352.0,
24,29,24-29,manggarai_cuaca_lag5_hujan,1.0,24-55,24-56,24-56,4609.35938,1762.0,
24,30,24-30,dayofyear_sin,-0.922329128,24-57,24-58,24-58,18608.5742,5.0,
24,31,24-31,dayofyear_sin,-0.985423744,24-59,24-60,24-60,2641.47266,3267.0,
24,32,24-32,depok_air_lag6,137.5,24-61,24-62,24-62,1724.77515,118.0,
24,33,24-33,dayofyear_sin,-0.999832988,24-63,24-64,24-64,1663.60547,3924.0,
24,34,24-34,manggarai_air_lag21,710.0,24-65,24-66,24-66,2619.05859,3320.0,
24,35,24-35,depok_air_lag9,180.0,24-67,24-68,24-68,1835.11182,175.0,
24,36,24-36,dayofyear_sin,0.93957001,24-69,24-70,24-70,6485.93359,10.0,
24,37,24-37,Leaf,,,,,0.89351809,1.0,
24,38,24-38,Leaf,,,,,-0.29497987,1.0,
24,39,24-39,time_index,23771.0,24-71,24-72,24-72,1775.98193,28.0,
24,40,24-40,Leaf,,,,,-22.5532608,1.0,
24,41,24-41,katulampa_air_lag4,35.0,24-73,24-74,24-74,3902.1687,1022.0,
24,42,24-42,manggarai_air_lag6,520.0,24-75,24-76,24-76,4229.125,1482.0,
24,43,24-43,time_index,19791.0,24-77,24-78,24-78,3802.49414,7232.0,
24,44,24-44,katulampa_air_lag3,35.0,24-79,24-80,24-80,78298.8828,26.0,
24,45,24-45,dayofyear_cos,-0.114787623,24-81,24-82,24-82,953.986328,1094.0,
24,46,24-46,depok_air_lag19,96.0,24-83,24-84,24-84,2660.47363,524.0,
24,47,24-47,depok_cuaca_lag6_hujan,1.0,24-85,24-86,24-86,3930.43359,1408.0,
24,48,24-48,dayofyear_cos,-0.993512869,24-87,24-88,24-88,1460.61914,146.0,
24,49,24-49,dayofyear_sin,0.983146966,24-89,24-90,24-90,4513.61719,473.0,
24,50,24-50,depok_cuaca_lag2_hujan,1.0,24-91,24-92,24-92,2974.79395,300.0,
24,51,24-51,depok_air_lag14,180.0,24-93,24-94,24-94,3263.91406,143.0,
24,52,24-52,dayofyear_sin,0.517585516,24-95,24-96,24-96,1553.29297,307.0,
24,53,24-53,depok_air_lag10,125.0,24-97,24-98,24-98,1314.82422,245.0,
24,54,24-54,hour_sin,-0.707106769,24-99,24-100,24-100,1027.78711,107.0,
24,55,24-55,manggarai_air_lag2,555.0,24-101,24-102,24-102,730.0,1750.0,
24,56,24-56,time_index,157.0,24-103,24-104,24-104,21597.0039,12.0,
24,57,24-57,Leaf,,,,,-11.3548241,1.0,
24,58,24-58,hour_sin,0.866025388,24-105,24-106,24-106,110.918556,4.0,
24,59,24-59,hour_cos,0.965925813,24-107,24-108,24-108,24138.3281,123.0,
24,60,24-60,manggarai_cuaca_lag7_hujan,1.0,24-109,24-110,24-110,2482.21875,3144.0,
24,61,24-61,hour_sin,-0.965925813,24-111,24-112,24-112,1613.88098,108.0,
24,62,24-62,dayofyear_cos,0.652345598,24-113,24-114,24-114,166.714844,10.0,
24,63,24-63,depok_air_lag19,86.0,24-115,24-116,24-116,68692.2656,49.0,
24,64,24-64,hour_cos,-0.965925813,24-117,24-118,24-118,1171.66016,3875.0,
24,65,24-65,time_index,6393.0,24-119,24-120,24-120,2119.82251,3256.0,
24,66,24-66,katulampa_cuaca_lag18_hujan,1.0,24-121,24-122,24-122,45930.7852,64.0,
24,67,24-67,manggarai_air_lag5,640.0,24-123,24-124,24-124,1274.26538,172.0,
24,68,24-68,Leaf,,,,,2.57726145,3.0,
24,69,24-69,Leaf,,,,,-5.12217236,2.0,
24,70,24-70,katulampa_air_lag3,15.0,24-125,24-126,24-126,386.136353,8.0,
24,71,24-71,manggarai_air_lag4,592.5,24-127,24-128,24-128,887.967285,21.0,
24,72,24-72,hour_cos,0.258819044,24-129,24-130,24-130,203.070068,7.0,
24,73,24-73,depok_air_lag12,106.0,24-131,24-132,24-132,1999.10498,952.0,
24,74,24-74,manggarai_air_lag5,625.0,24-133,24-134,24-134,2134.12695,70.0,
24,75,24-75,Leaf,,,,,-4.5092864,1.0,
24,76,24-76,depok_air_lag12,96.0,24-135,24-136,24-136,2032.78845,1481.0,
24,77,24-77,manggarai_cuaca_lag1_hujan,1.0,24-137,24-138,24-138,6612.9834,1855.0,
24,78,24-78,manggarai_air_lag2,658.0,24-139,24-140,24-140,1160.10352,5377.0,
24,79,24-79,Leaf,,,,,-20.0965099,1.0,
24,80,24-80,depok_air_lag8,120.0,24-141,24-142,24-142,597.982605,25.0,
24,81,24-81,manggarai_air_lag5,765.0,24-143,24-144,24-144,1088.44238,944.0,
24,82,24-82,manggarai_cuaca_lag1_hujan,1.0,24-145,24-146,24-146,2012.58447,150.0,
24,83,24-83,depok_air_lag12,155.0,24-147,24-148,24-148,6227.32666,36.0,
24,84,24-84,manggarai_air_lag5,650.0,24-149,24-150,24-150,1519.7019,488.0,
24,85,24-85,manggarai_cuaca_lag1_hujan,1.0,24-151,24-152,24-152,2147.72461,1214.0,
24,86,24-86,katulampa_air_lag19,45.0,24-153,24-154,24-154,924.441406,194.0,
24,87,24-87,hour_sin,0.707106769,24-155,24-156,24-156,2599.63599,4.0,
24,88,24-88,depok_air_lag6,170.0,24-157,24-158,24-158,1575.64258,142.0,
24,89,24-89,depok_air_lag20,195.0,24-159,24-160,24-160,4374.30908,457.0,
24,90,24-90,depok_air_lag8,165.0,24-161,24-162,24-162,37781.0586,16.0,
24,91,24-91,dayofyear_sin,-0.599551499,24-163,24-164,24-164,731.083252,265.0,
24,92,24-92,manggarai_cuaca_lag1_hujan,1.0,24-165,24-166,24-166,1390.07471,35.0,
24,93,24-93,manggarai_air_lag4,650.0,24-167,24-168,24-168,1298.5498,108.0,
24,94,24-94,manggarai_air_lag21,715.0,24-169,24-170,24-170,14777.8281,35.0,
24,95,24-95,manggarai_air_lag9,765.0,24-171,24-172,24-172,717.472656,160.0,
24,96,24-96,depok_air_lag9,135.0,24-173,24-174,24-174,885.558594,147.0,
24,97,24-97,katulampa_air_lag5,35.0,24-175,24-176,24-176,443.256836,25.0,
24,98,24-98,manggarai_air_lag2,800.0,24-177,24-178,24-178,897.587891,220.0,
24,99,24-99,dayofyear_cos,0.479377657,24-179,24-180,24-180,564.208984,7.0,
24,100,24-100,time_index,13697.0,24-181,24-182,24-182,558.939453,100.0,
24,101,24-101,Leaf,,,,,-1.14524102,20.0,
24,102,24-102,Leaf,,,,,-0.540030181,1730.0,
24,103,24-103,Leaf,,,,,-12.0129461,1.0,
24,104,24-104,Leaf,,,,,-0.64553529,11.0,
24,105,24-105,Leaf,,,,,0.628990173,3.0,
24,106,24-106,Leaf,,,,,-0.329211444,1.0,
24,107,24-107,Leaf,,,,,-0.357049823,112.0,
24,108,24-108,Leaf,,,,,-5.08065605,11.0,
24,109,24-109,Leaf,,,,,-0.336047143,3112.0,
24,110,24-110,Leaf,,,,,-1.21001112,32.0,
24,111,24-111,Leaf,,,,,2.5044291,2.0,
24,112,24-112,Leaf,,,,,0.149389073,106.0,
24,113,24-113,Leaf,,,,,1.80510032,7.0,
24,114,24-114,Leaf,,,,,0.607670605,3.0,
24,115,24-115,Leaf,,,,,-0.0581364892,48.0,
24,116,24-116,Leaf,,,,,-18.9742641,1.0,
24,117,24-117,Leaf,,,,,-0.513883471,144.0,
24,118,24-118,Leaf,,,,,-0.223474815,3731.0,
24,119,24-119,Leaf,,,,,-0.221597105,953.0,
24,120,24-120,Leaf,,,,,-0.0442987382,2303.0,
24,121,24-121,Leaf,,,,,0.029418746,60.0,
24,122,24-122,Leaf,,,,,-9.94590664,4.0,
24,123,24-123,Leaf,,,,,0.32581687,162.0,
24,124,24-124,Leaf,,,,,1.44472158,10.0,
24,125,24-125,Leaf,,,,,-0.360346675,4.0,
24,126,24-126,Leaf,,,,,0.895172119,4.0,
24,127,24-127,Leaf,,,,,0.845413804,4.0,
24,128,24-128,Leaf,,,,,-0.67130059,17.0,
24,129,24-129,Leaf,,,,,0.319012463,2.0,
24,130,24-130,Leaf,,,,,1.68498838,5.0,
24,131,24-131,Leaf,,,,,-0.128920421,788.0,
24,132,24-132,Leaf,,,,,-0.512032032,164.0,
24,133,24-133,Leaf,,,,,1.31745565,24.0,
24,134,24-134,Leaf,,,,,0.165249184,46.0,
24,135,24-135,Leaf,,,,,0.402780533,184.0,
24,136,24-136,Leaf,,,,,0.0483875647,1297.0,
24,137,24-137,Leaf,,,,,-0.0316043012,1755.0,
24,138,24-138,Leaf,,,,,0.800508797,100.0,
24,139,24-139,Leaf,,,,,0.15971078,4541.0,
24,140,24-140,Leaf,,,,,0.288007796,836.0,
24,141,24-141,Leaf,,,,,0.23454456,22.0,
24,142,24-142,Leaf,,,,,1.58078003,3.0,
24,143,24-143,Leaf,,,,,0.384657472,936.0,
24,144,24-144,Leaf,,,,,1.49755383,8.0,
24,145,24-145,Leaf,,,,,0.556902766,139.0,
24,146,24-146,Leaf,,,,,1.92113805,11.0,
24,147,24-147,Leaf,,,,,-0.236448631,34.0,
24,148,24-148,Leaf,,,,,-4.99842119,2.0,
24,149,24-149,Leaf,,,,,0.741877317,55.0,
24,150,24-150,Leaf,,,,,0.187206104,433.0,
24,151,24-151,Leaf,,,,,0.44319424,1155.0,
24,152,24-152,Leaf,,,,,1.0600158,59.0,
24,153,24-153,Leaf,,,,,1.02916205,176.0,
24,154,24-154,Leaf,,,,,0.25964579,18.0,
24,155,24-155,Leaf,,,,,-3.49114394,1.0,
24,156,24-156,Leaf,,,,,0.952803075,3.0,
24,157,24-157,Leaf,,,,,0.951929986,102.0,
24,158,24-158,Leaf,,,,,1.71629047,40.0,
24,159,24-159,Leaf,,,,,0.0689755306,445.0,
24,160,24-160,Leaf,,,,,-1.79192543,12.0,
24,161,24-161,Leaf,,,,,0.0733894333,15.0,
24,162,24-162,Leaf,,,,,-14.5537357,1.0,
24,163,24-163,Leaf,,,,,0.831823528,27.0,
24,164,24-164,Leaf,,,,,0.287358522,238.0,
24,165,24-165,Leaf,,,,,0.83247149,24.0,
24,166,24-166,Leaf,,,,,2.21913004,11.0,
24,167,24-167,Leaf,,,,,-1.33138025,2.0,
24,168,24-168,Leaf,,,,,0.825763345,106.0,
24,169,24-169,Leaf,,,,,0.158298686,34.0,
24,170,24-170,Leaf,,,,,-8.68290424,1.0,
24,171,24-171,Leaf,,,,,0.782512248,140.0,
24,172,24-172,Leaf,,,,,0.134899616,20.0,
24,173,24-173,Leaf,,,,,1.96862221,13.0,
24,174,24-174,Leaf,,,,,1.07183874,134.0,
24,175,24-175,Leaf,,,,,2.28602743,14.0,
24,176,24-176,Leaf,,,,,1.20330811,11.0,
24,177,24-177,Leaf,,,,,0.98070842,182.0,
24,178,24-178,Leaf,,,,,1.54249537,38.0,
24,179,24-179,Leaf,,,,,3.15839076,6.0,
24,180,24-180,Leaf,,,,,0.290667742,1.0,
24,181,24-181,Leaf,,,,,1.89468122,33.0,
24,182,24-182,Leaf,,,,,1.30553424,67.0,
25,0,25-0,manggarai_air_lag1,630.0,25-1,25-2,25-2,164156.625,27100.0,
25,1,25-1,manggarai_air_lag1,585.0,25-3,25-4,25-4,17392.0938,13211.0,
25,2,25-2,manggarai_air_lag1,705.0,25-5,25-6,25-6,68279.2031,13889.0,
25,3,25-3,manggarai_air_lag2,630.0,25-7,25-8,25-8,2738.53516,2949.0,
25,4,25-4,manggarai_air_lag1,612.5,25-9,25-10,25-10,4614.48047,10262.0,
25,5,25-5,manggarai_air_lag1,665.0,25-11,25-12,25-12,16173.0273,12554.0,
25,6,25-6,manggarai_air_lag1,770.0,25-13,25-14,25-14,6650.15625,1335.0,
25,7,25-7,manggarai_air_lag2,625.0,25-15,25-16,25-16,3668.50781,2927.0,
25,8,25-8,dayofyear_sin,0.950790346,25-17,25-18,25-18,468.964661,22.0,
25,9,25-9,depok_air_lag9,111.0,25-19,25-20,25-20,2611.68359,7430.0,
25,10,25-10,manggarai_air_lag2,612.5,25-21,25-22,25-22,5066.74316,2832.0,
25,11,25-11,depok_air_lag6,210.0,25-23,25-24,25-24,4339.69336,9522.0,
25,12,25-12,depok_air_lag12,125.0,25-25,25-26,25-26,4544.02344,3032.0,
25,13,25-13,manggarai_air_lag2,700.0,25-27,25-28,25-28,5214.78906,1116.0,
25,14,25-14,manggarai_air_lag1,835.0,25-29,25-30,25-30,1720.875,219.0,
25,15,25-15,manggarai_cuaca_lag4_hujan,1.0,25-31,25-32,25-32,2996.50781,2926.0,
25,16,25-16,Leaf,,,,,-4.76720572,1.0,
25,17,25-17,manggarai_air_lag2,685.0,25-33,25-34,25-34,155.138321,18.0,
25,18,25-18,Leaf,,,,,1.49628294,4.0,
25,19,25-19,manggarai_air_lag2,612.5,25-35,25-36,25-36,1591.54297,7373.0,
25,20,25-20,depok_air_lag13,120.0,25-37,25-38,25-38,1587.88452,57.0,
25,21,25-21,katulampa_air_lag4,90.0,25-39,25-40,25-40,2414.50244,175.0,
25,22,25-22,katulampa_cuaca_lag18_hujan,1.0,25-41,25-42,25-42,2156.01465,2657.0,
25,23,25-23,manggarai_air_lag2,602.5,25-43,25-44,25-44,3980.72656,9507.0,
25,24,25-24,manggarai_air_lag14,651.0,25-45,25-46,25-46,900.234375,15.0,
25,25,25-25,manggarai_air_lag1,690.0,25-47,25-48,25-48,2880.13672,1808.0,
25,26,25-26,depok_air_lag9,160.0,25-49,25-50,25-50,5084.12451,1224.0,
25,27,25-27,manggarai_cuaca_lag1_hujan,1.0,25-51,25-52,25-52,2901.64844,144.0,
25,28,25-28,dayofyear_sin,0.120126165,25-53,25-54,25-54,1772.09766,972.0,
25,29,25-29,katulampa_air_lag14,35.0,25-55,25-56,25-56,1085.03516,204.0,
25,30,25-30,manggarai_air_lag4,850.0,25-57,25-58,25-58,116.94043,15.0,
25,31,25-31,manggarai_cuaca_lag1_hujan,1.0,25-59,25-60,25-60,1816.24609,2909.0,
25,32,25-32,time_index,157.0,25-61,25-62,25-62,20930.4805,17.0,
25,33,25-33,depok_air_lag12,92.5,25-63,25-64,25-64,24.2853813,11.0,
25,34,25-34,manggarai_air_lag12,685.0,25-65,25-66,25-66,89.5569153,7.0,
25,35,25-35,manggarai_air_lag1,605.0,25-67,25-68,25-68,1438.90625,7108.0,
25,36,25-36,manggarai_cuaca_lag12_hujan,1.0,25-69,25-70,25-70,9601.68359,265.0,
25,37,25-37,time_index,25364.0,25-71,25-72,25-72,1171.52197,54.0,
25,38,25-38,hour_sin,-0.707106769,25-73,25-74,25-74,552.348633,3.0,
25,39,25-39,dayofyear_sin,-0.677239954,25-75,25-76,25-76,1500.55127,173.0,
25,40,25-40,Leaf,,,,,3.26080942,2.0,
25,41,25-41,manggarai_air_lag2,630.0,25-77,25-78,25-78,2198.00513,2496.0,
25,42,25-42,depok_air_lag24,106.0,25-79,25-80,25-80,31090.9453,161.0,
25,43,25-43,hour_sin,-0.707106769,25-81,25-82,25-82,7369.10986,55.0,
25,44,25-44,manggarai_air_lag2,607.5,25-83,25-84,25-84,7169.76758,9452.0,
25,45,25-45,depok_air_lag9,80.0,25-85,25-86,25-86,233.415039,13.0,
25,46,25-46,Leaf,,,,,-0.158390298,2.0,
25,47,25-47,manggarai_air_lag2,650.0,25-87,25-88,25-88,2123.93359,1441.0,
25,48,25-48,time_index,689.0,25-89,25-90,25-90,2285.18359,367.0,
25,49,25-49,dayofyear_cos,0.309834898,25-91,25-92,25-92,1456.40625,1208.0,
25,50,25-50,manggarai_cuaca_lag4_hujan,1.0,25-93,25-94,25-94,40563.0352,16.0,
25,51,25-51,depok_cuaca_lag7_hujan,1.0,25-95,25-96,25-96,1858.98047,112.0,
25,52,25-52,manggarai_air_lag12,685.0,25-97,25-98,25-98,1223.61914,32.0,
25,53,25-53,katulampa_air_lag19,100.0,25-99,25-100,25-100,2170.23633,403.0,
25,54,25-54,depok_cuaca_lag6_hujan,1.0,25-101,25-102,25-102,1112.875,569.0,
25,55,25-55,manggarai_air_lag6,720.0,25-103,25-104,25-104,414.255859,61.0,
25,56,25-56,depok_air_lag9,125.0,25-105,25-106,25-106,1073.94336,143.0,
25,57,25-57,Leaf,,,,,2.56370211,14.0,
25,58,25-58,Leaf,,,,,0.580664098,1.0,
25,59,25-59,manggarai_air_lag1,570.0,25-107,25-108,25-108,886.304688,2884.0,
25,60,25-60,manggarai_air_lag20,602.5,25-109,25-110,25-110,2528.70752,25.0,
25,61,25-61,Leaf,,,,,-11.4122992,1.0,
25,62,25-62,manggarai_air_lag5,586.0,25-111,25-112,25-112,180.242218,16.0,
25,63,25-63,Leaf,,,,,0.356984466,2.0,
25,64,25-64,time_index,13301.0,25-113,25-114,25-114,9.71630001,9.0,
25,65,25-65,hour_sin,0.258819044,25-115,25-116,25-116,24.1300354,5.0,
25,66,25-66,time_index,8789.0,25-117,25-118,25-118,0.00506484509,2.0,
25,67,25-67,dayofyear_sin,-0.985423744,25-119,25-120,25-120,941.011719,5563.0,
25,68,25-68,manggarai_air_lag4,602.5,25-121,25-122,25-122,1398.2959,1545.0,
25,69,25-69,depok_air_lag19,125.0,25-123,25-124,25-124,1346.99707,255.0,
25,70,25-70,hour_cos,-0.707106769,25-125,25-126,25-126,67348.8828,10.0,
25,71,25-71,depok_air_lag14,96.0,25-127,25-128,25-128,846.259277,38.0,
25,72,25-72,depok_air_lag9,165.0,25-129,25-130,25-130,346.236908,16.0,
25,73,25-73,Leaf,,,,,0.160772711,1.0,
25,74,25-74,Leaf,,,,,3.04800415,2.0,
25,75,25-75,hour_cos,0.965925813,25-131,25-132,25-132,1398.60352,37.0,
25,76,25-76,hour_cos,0.5,25-133,25-134,25-134,1831.9834,136.0,
25,77,25-77,manggarai_air_lag1,620.0,25-135,25-136,25-136,1394.71411,2236.0,
25,78,25-78,depok_air_lag9,130.0,25-137,25-138,25-138,2023.22241,260.0,
25,79,25-79,depok_air_lag19,70.0,25-139,25-140,25-140,572.712524,148.0,
25,80,25-80,katulampa_air_lag14,15.0,25-141,25-142,25-142,60398.75,13.0,
25,81,25-81,time_index,4269.0,25-143,25-144,25-144,3035.36426,9.0,
25,82,25-82,depok_air_lag6,185.0,25-145,25-146,25-146,1409.56909,46.0,
25,83,25-83,dayofyear_sin,0.681972146,25-147,25-148,25-148,69547.8281,11.0,
25,84,25-84,manggarai_air_lag2,630.0,25-149,25-150,25-150,2895.85352,9441.0,
25,85,25-85,Leaf,,,,,0.260421753,1.0,
25,86,25-86,Leaf,,,,,2.15172362,12.0,
25,87,25-87,manggarai_air_lag12,705.0,25-151,25-152,25-152,2411.10938,83.0,
25,88,25-88,manggarai_air_lag12,780.0,25-153,25-154,25-154,1931.73047,1358.0,
25,89,25-89,hour_cos,-0.5,25-155,25-156,25-156,897.757019,7.0,
25,90,25-90,manggarai_cuaca_lag5_hujan,1.0,25-157,25-158,25-158,1871.60547,360.0,
25,91,25-91,manggarai_cuaca_lag1_hujan,1.0,25-159,25-160,25-160,2065.74121,606.0,
25,92,25-92,depok_air_lag13,190.0,25-161,25-162,25-162,4422.36426,602.0,
25,93,25-93,manggarai_air_lag4,675.0,25-163,25-164,25-164,342.745605,15.0,
25,94,25-94,Leaf,,,,,-14.8754749,1.0,
25,95,25-95,depok_air_lag6,106.0,25-165,25-166,25-166,1676.39258,86.0,
25,96,25-96,depok_air_lag9,145.0,25-167,25-168,25-168,583.289062,26.0,
25,97,25-97,katulampa_air_lag21,29.0,25-169,25-170,25-170,1719.28711,25.0,
25,98,25-98,hour_sin,-0.866025388,25-171,25-172,25-172,632.857605,7.0,
25,99,25-99,manggarai_air_lag14,675.0,25-173,25-174,25-174,919.839844,393.0,
25,100,25-100,manggarai_air_lag2,720.0,25-175,25-176,25-176,14395.6006,10.0,
25,101,25-101,depok_air_lag24,305.0,25-177,25-178,25-178,1154.2793,485.0,
25,102,25-102,manggarai_air_lag20,651.0,25-179,25-180,25-180,1033.21094,84.0,
25,103,25-103,manggarai_air_lag4,612.5,25-181,25-182,25-182,137.280273,37.0,
25,104,25-104,depok_air_lag6,125.0,25-183,25-184,25-184,404.22876,24.0,
25,105,25-105,Leaf,,,,,-0.826477051,2.0,
25,106,25-106,manggarai_cuaca_lag1_hujan,1.0,25-185,25-186,25-186,1093.75781,141.0,
25,107,25-107,Leaf,,,,,-0.521924317,1525.0,
25,108,25-108,Leaf,,,,,-0.409536809,1359.0,
25,109,25-109,Leaf,,,,,0.0869816914,24.0,
25,110,25-110,Leaf,,,,,3.79215097,1.0,
25,111,25-111,Leaf,,,,,-0.612282217,15.0,
25,112,25-112,Leaf,,,,,0.464025885,1.0,
25,113,25-113,Leaf,,,,,-0.101809695,3.0,
25,114,25-114,Leaf,,,,,0.0941432416,6.0,
25,115,25-115,Leaf,,,,,1.08318031,3.0,
25,116,25-116,Leaf,,,,,0.347070307,2.0,
25,117,25-117,Leaf,,,,,0.0249450691,1.0,
25,118,25-118,Leaf,,,,,0.0939666778,1.0,
25,119,25-119,Leaf,,,,,-0.423741966,297.0,
25,120,25-120,Leaf,,,,,-0.240476176,5266.0,
25,121,25-121,Leaf,,,,,0.138153911,160.0,
25,122,25-122,Leaf,,,,,-0.173418447,1385.0,
25,123,25-123,Leaf,,,,,-0.420687586,233.0,
25,124,25-124,Leaf,,,,,0.384942621,22.0,
25,125,25-125,Leaf,,,,,-19.9706211,1.0,
25,126,25-126,Leaf,,,,,0.286289066,9.0,
25,127,25-127,Leaf,,,,,0.862559974,28.0,
25,128,25-128,Leaf,,,,,-0.187900051,10.0,
25,129,25-129,Leaf,,,,,-0.545671463,15.0,
25,130,25-130,Leaf,,,,,0.881503284,1.0,
25,131,25-131,Leaf,,,,,0.0342513584,34.0,
25,132,25-132,Leaf,,,,,-1.94165802,3.0,
25,133,25-133,Leaf,,,,,0.294098586,95.0,
25,134,25-134,Leaf,,,,,1.09219623,41.0,
25,135,25-135,Leaf,,,,,-0.194073096,573.0,
25,136,25-136,Leaf,,,,,-0.0132743362,1663.0,
25,137,25-137,Leaf,,,,,-0.394998759,258.0,
25,138,25-138,Leaf,,,,,2.22555137,2.0,
25,139,25-139,Leaf,,,,,1.13900459,3.0,
25,140,25-140,Leaf,,,,,-0.0740319714,145.0,
25,141,25-141,Leaf,,,,,-13.7849092,4.0,
25,142,25-142,Leaf,,,,,-0.0692309588,9.0,
25,143,25-143,Leaf,,,,,4.55439186,6.0,
25,144,25-144,Leaf,,,,,0.545805395,3.0,
25,145,25-145,Leaf,,,,,0.50453335,45.0,
25,146,25-146,Leaf,,,,,-2.2223146,1.0,
25,147,25-147,Leaf,,,,,0.96525383,10.0,
25,148,25-148,Leaf,,,,,-19.3808708,1.0,
25,149,25-149,Leaf,,,,,0.474395335,202.0,
25,150,25-150,Leaf,,,,,0.0925078914,9239.0,
25,151,25-151,Leaf,,,,,0.765853822,80.0,
25,152,25-152,Leaf,,,,,3.32200313,3.0,
25,153,25-153,Leaf,,,,,0.389302373,1343.0,
25,154,25-154,Leaf,,,,,-0.720050812,15.0,
25,155,25-155,Leaf,,,,,-2.81668091,1.0,
25,156,25-156,Leaf,,,,,-0.304738075,6.0,
25,157,25-157,Leaf,,,,,0.658489823,307.0,
25,158,25-158,Leaf,,,,,1.30641437,53.0,
25,159,25-159,Leaf,,,,,0.315998912,582.0,
25,160,25-160,Leaf,,,,,1.24711335,24.0,
25,161,25-161,Leaf,,,,,0.173302025,591.0,
25,162,25-162,Leaf,,,,,-1.76617038,11.0,
25,163,25-163,Leaf,,,,,1.07072604,3.0,
25,164,25-164,Leaf,,,,,0.00171180151,12.0,
25,165,25-165,Leaf,,,,,-0.199169919,12.0,
25,166,25-166,Leaf,,,,,1.05885696,74.0,
25,167,25-167,Leaf,,,,,2.06488204,22.0,
25,168,25-168,Leaf,,,,,0.56945318,4.0,
25,169,25-169,Leaf,,,,,1.74325454,16.0,
25,170,25-170,Leaf,,,,,3.67389154,9.0,
25,171,25-171,Leaf,,,,,1.77315068,3.0,
25,172,25-172,Leaf,,,,,-0.00455810549,4.0,
25,173,25-173,Leaf,,,,,0.514868915,288.0,
25,174,25-174,Leaf,,,,,0.866155267,105.0,
25,175,25-175,Leaf,,,,,-8.51694965,1.0,
25,176,25-176,Leaf,,,,,0.796865225,9.0,
25,177,25-177,Leaf,,,,,0.775254786,483.0,
25,178,25-178,Leaf,,,,,2.79515171,2.0,
25,179,25-179,Leaf,,,,,0.54996562,21.0,
25,180,25-180,Leaf,,,,,1.3968153,63.0,
25,181,25-181,Leaf,,,,,0.651084363,2.0,
25,182,25-182,Leaf,,,,,2.00625587,35.0,
25,183,25-183,Leaf,,,,,-0.06308797,2.0,
25,184,25-184,Leaf,,,,,1.38865519,22.0,
25,185,25-185,Leaf,,,,,1.07213771,121.0,
25,186,25-186,Leaf,,,,,1.9031893,20.0,
26,0,26-0,manggarai_air_lag1,630.0,26-1,26-2,26-2,149082.328,27250.0,
26,1,26-1,manggarai_air_lag20,20.0,26-3,26-4,26-4,24169.0547,13177.0,
26,2,26-2,manggarai_air_lag1,685.0,26-5,26-6,26-6,55454.0469,14073.0,
26,3,26-3,Leaf,,,,,-11.2308149,1.0,
26,4,26-4,manggarai_air_lag1,595.0,26-7,26-8,26-8,12461.4375,13176.0,
26,5,26-5,manggarai_air_lag1,655.0,26-9,26-10,26-10,7939.12109,11704.0,
26,6,26-6,manggarai_air_lag1,745.0,26-11,26-12,26-12,10512.1016,2369.0,
26,7,26-7,dayofyear_sin,-0.793189704,26-13,26-14,26-14,3451.35156,5166.0,
26,8,26-8,depok_air_lag9,130.0,26-15,26-16,26-16,3462.51367,8010.0,
26,9,26-9,manggarai_air_lag2,630.0,26-17,26-18,26-18,5539.29102,8090.0,
26,10,26-10,manggarai_air_lag2,660.0,26-19,26-20,26-20,5569.0625,3614.0,
26,11,26-11,manggarai_air_lag2,685.0,26-21,26-22,26-22,3691.08203,1904.0,
26,12,26-12,depok_air_lag9,111.0,26-23,26-24,26-24,2565.8125,465.0,
26,13,26-13,manggarai_cuaca_lag5_hujan,1.0,26-25,26-26,26-26,7312.91016,2076.0,
26,14,26-14,manggarai_air_lag2,612.5,26-27,26-28,26-28,1816.51562,3090.0,
26,15,26-15,depok_air_lag23,190.0,26-29,26-30,26-30,3401.1875,7971.0,
26,16,26-16,dayofyear_cos,-0.33628872,26-31,26-32,26-32,1749.66382,39.0,
26,17,26-17,depok_cuaca_lag4_hujan,1.0,26-33,26-34,26-34,1532.01416,253.0,
26,18,26-18,time_index,19527.0,26-35,26-36,26-36,3672.96826,7837.0,
26,19,26-19,depok_air_lag10,106.0,26-37,26-38,26-38,2345.37598,393.0,
26,20,26-20,time_index,21383.0,26-39,26-40,26-40,3260.9668,3221.0,
26,21,26-21,time_index,14761.0,26-41,26-42,26-42,2568.13281,279.0,
26,22,26-22,depok_air_lag3,120.0,26-43,26-44,26-44,3458.29688,1625.0,
26,23,26-23,depok_air_lag23,125.0,26-45,26-46,26-46,450.429688,35.0,
26,24,26-24,manggarai_air_lag1,835.0,26-47,26-48,26-48,2513.08594,430.0,
26,25,26-25,dayofyear_sin,-0.794497311,26-49,26-50,26-50,5335.70312,2071.0,
26,26,26-26,time_index,157.0,26-51,26-52,26-52,14238.9336,5.0,
26,27,26-27,manggarai_air_lag1,580.0,26-53,26-54,26-54,1450.20117,3065.0,
26,28,26-28,depok_air_lag3,85.0,26-55,26-56,26-56,562.779968,25.0,
26,29,26-29,manggarai_air_lag17,610.0,26-57,26-58,26-58,2966.0332,7961.0,
26,30,26-30,manggarai_air_lag5,625.0,26-59,26-60,26-60,17274.1797,10.0,
26,31,26-31,depok_air_lag10,92.5,26-61,26-62,26-62,643.201904,8.0,
26,32,26-32,depok_air_lag12,111.0,26-63,26-64,26-64,896.530884,31.0,
26,33,26-33,depok_air_lag14,92.5,26-65,26-66,26-66,922.775391,212.0,
26,34,26-34,depok_cuaca_lag1_hujan,1.0,26-67,26-68,26-68,697.655273,41.0,
26,35,26-35,manggarai_air_lag7,520.0,26-69,26-70,26-70,3624.5835,2356.0,
26,36,26-36,depok_air_lag8,170.0,26-71,26-72,26-72,6174.62988,5481.0,
26,37,26-37,katulampa_air_lag19,29.0,26-73,26-74,26-74,2327.54785,221.0,
26,38,26-38,depok_air_lag24,155.0,26-75,26-76,26-76,904.749512,172.0,
26,39,26-39,depok_air_lag23,190.0,26-77,26-78,26-78,2936.50146,1268.0,
26,40,26-40,depok_air_lag7,180.0,26-79,26-80,26-80,1321.29883,1953.0,
26,41,26-41,dayofyear_sin,0.996750653,26-81,26-82,26-82,2568.74805,138.0,
26,42,26-42,time_index,14893.0,26-83,26-84,26-84,3229.93555,141.0,
26,43,26-43,manggarai_air_lag7,570.0,26-85,26-86,26-86,1825.45996,758.0,
26,44,26-44,depok_air_lag23,340.0,26-87,26-88,26-88,1654.44141,867.0,
26,45,26-45,time_index,12505.0,26-89,26-90,26-90,355.384766,22.0,
26,46,26-46,manggarai_air_lag7,685.0,26-91,26-92,26-92,220.22168,13.0,
26,47,26-47,depok_air_lag6,185.0,26-93,26-94,26-94,1447.67578,415.0,
26,48,26-48,Leaf,,,,,2.27934885,15.0,
26,49,26-49,depok_air_lag7,125.0,26-95,26-96,26-96,1684.08203,2032.0,
26,50,26-50,hour_sin,0.965925813,26-97,26-98,26-98,47890.6211,39.0,
26,51,26-51,Leaf,,,,,-10.8416853,1.0,
26,52,26-52,Leaf,,,,,-0.400317401,4.0,
26,53,26-53,manggarai_air_lag9,612.5,26-99,26-100,26-100,1084.37598,495.0,
26,54,26-54,manggarai_cuaca_lag7_hujan,1.0,26-101,26-102,26-102,1515.73438,2570.0,
26,55,26-55,Leaf,,,,,1.84821987,2.0,
26,56,26-56,depok_air_lag9,96.0,26-103,26-104,26-104,463.623077,23.0,
26,57,26-57,depok_air_lag13,96.0,26-105,26-106,26-106,2253.95312,3387.0,
26,58,26-58,manggarai_air_lag1,620.0,26-107,26-108,26-108,1549.96826,4574.0,
26,59,26-59,Leaf,,,,,-10.3265228,1.0,
26,60,26-60,dayofyear_sin,0.746588111,26-109,26-110,26-110,66.3692169,9.0,
26,61,26-61,dayofyear_sin,0.661263466,26-111,26-112,26-112,64.8624573,4.0,
26,62,26-62,Leaf,,,,,2.80597544,4.0,
26,63,26-63,manggarai_air_lag12,598.0,26-113,26-114,26-114,953.442688,28.0,
26,64,26-64,Leaf,,,,,1.80329132,3.0,
26,65,26-65,depok_air_lag3,175.0,26-115,26-116,26-116,1503.18018,103.0,
26,66,26-66,katulampa_air_lag3,35.0,26-117,26-118,26-118,1008.82959,109.0,
26,67,26-67,depok_air_lag3,125.0,26-119,26-120,26-120,692.31543,26.0,
26,68,26-68,depok_air_lag23,111.0,26-121,26-122,26-122,630.08136,15.0,
26,69,26-69,Leaf,,,,,-4.28844929,1.0,
26,70,26-70,depok_air_lag7,100.0,26-123,26-124,26-124,2750.39014,2355.0,
26,71,26-71,depok_air_lag6,125.0,26-125,26-126,26-126,1187.95801,5471.0,
26,72,26-72,hour_cos,1.0,26-127,26-128,26-128,32768.1523,10.0,
26,73,26-73,manggarai_air_lag4,592.5,26-129,26-130,26-130,1940.01367,181.0,
26,74,26-74,depok_air_lag7,102.5,26-131,26-132,26-132,1697.95703,40.0,
26,75,26-75,time_index,2149.0,26-133,26-134,26-134,664.057739,165.0,
26,76,26-76,depok_cuaca_lag6_hujan,1.0,26-135,26-136,26-136,272.874756,7.0,
26,77,26-77,depok_air_lag7,86.0,26-137,26-138,26-138,2360.8623,1238.0,
26,78,26-78,hour_sin,1.22464685e-16,26-139,26-140,26-140,62081.2344,30.0,
26,79,26-79,manggarai_air_lag20,645.0,26-141,26-142,26-142,1208.02148,1945.0,
26,80,26-80,depok_air_lag8,96.0,26-143,26-144,26-144,440.838867,8.0,
26,81,26-81,manggarai_air_lag1,710.0,26-145,26-146,26-146,1379.51758,137.0,
26,82,26-82,Leaf,,,,,4.8596282,1.0,
26,83,26-83,Leaf,,,,,-3.41983032,1.0,
26,84,26-84,depok_air_lag6,175.0,26-147,26-148,26-148,1280.16748,140.0,
26,85,26-85,Leaf,,,,,-2.67584848,1.0,
26,86,26-86,manggarai_air_lag12,785.0,26-149,26-150,26-150,1567.60449,757.0,
26,87,26-87,manggarai_air_lag1,705.0,26-151,26-152,26-152,1478.24609,866.0,
26,88,26-88,Leaf,,,,,3.55329895,1.0,
26,89,26-89,manggarai_air_lag2,755.0,26-153,26-154,26-154,175.941406,14.0,
26,90,26-90,hour_cos,-0.258819044,26-155,26-156,26-156,216.496582,8.0,
26,91,26-91,manggarai_air_lag9,694.0,26-157,26-158,26-158,199.658203,12.0,
26,92,26-92,Leaf,,,,,0.456982434,1.0,
26,93,26-93,time_index,22179.0,26-159,26-160,26-160,939.625,321.0,
26,94,26-94,katulampa_air_lag4,56.0,26-161,26-162,26-162,875.130859,94.0,
26,95,26-95,Leaf,,,,,-0.43267855,2012.0,
26,96,26-96,Leaf,,,,,0.472272009,20.0,
26,97,26-97,Leaf,,,,,-0.276169002,35.0,
26,98,26-98,Leaf,,,,,-10.7474346,4.0,
26,99,26-99,Leaf,,,,,-0.437614739,491.0,
26,100,26-100,Leaf,,,,,-1.931692,4.0,
26,101,26-101,Leaf,,,,,-0.256835371,2534.0,
26,102,26-102,Leaf,,,,,-0.903039575,36.0,
26,103,26-103,Leaf,,,,,-0.355007499,6.0,
26,104,26-104,Leaf,,,,,0.616818249,17.0,
26,105,26-105,Leaf,,,,,-0.197972625,2920.0,
26,106,26-106,Leaf,,,,,-0.434636325,467.0,
26,107,26-107,Leaf,,,,,-0.153658777,2795.0,
26,108,26-108,Leaf,,,,,-0.0342361033,1779.0,
26,109,26-109,Leaf,,,,,-0.15850763,8.0,
26,110,26-110,Leaf,,,,,0.479306042,1.0,
26,111,26-111,Leaf,,,,,0.2235962,2.0,
26,112,26-112,Leaf,,,,,1.11193442,2.0,
26,113,26-113,Leaf,,,,,1.04886067,8.0,
26,114,26-114,Leaf,,,,,-0.183652177,20.0,
26,115,26-115,Leaf,,,,,0.69477582,102.0,
26,116,26-116,Leaf,,,,,-2.11120009,1.0,
26,117,26-117,Leaf,,,,,0.130672887,100.0,
26,118,26-118,Leaf,,,,,1.18630862,9.0,
26,119,26-119,Leaf,,,,,1.81240523,16.0,
26,120,26-120,Leaf,,,,,0.661762059,10.0,
26,121,26-121,Leaf,,,,,0.823701859,12.0,
26,122,26-122,Leaf,,,,,-0.639086902,3.0,
26,123,26-123,Leaf,,,,,-0.270953387,392.0,
26,124,26-124,Leaf,,,,,0.0188588724,1963.0,
26,125,26-125,Leaf,,,,,0.130925789,5230.0,
26,126,26-126,Leaf,,,,,-0.0958413407,241.0,
26,127,26-127,Leaf,,,,,0.290079951,9.0,
26,128,26-128,Leaf,,,,,-13.8306732,1.0,
26,129,26-129,Leaf,,,,,1.974231,10.0,
26,130,26-130,Leaf,,,,,0.588471651,171.0,
26,131,26-131,Leaf,,,,,2.19544935,19.0,
26,132,26-132,Leaf,,,,,0.840245187,21.0,
26,133,26-133,Leaf,,,,,-0.204119116,23.0,
26,134,26-134,Leaf,,,,,0.36782679,142.0,
26,135,26-135,Leaf,,,,,0.445040911,3.0,
26,136,26-136,Leaf,,,,,1.85678601,4.0,
26,137,26-137,Leaf,,,,,-0.788196921,27.0,
26,138,26-138,Leaf,,,,,0.140872374,1211.0,
26,139,26-139,Leaf,,,,,0.299435019,29.0,
26,140,26-140,Leaf,,,,,-17.9073486,1.0,
26,141,26-141,Leaf,,,,,-0.020871507,113.0,
26,142,26-142,Leaf,,,,,0.315840065,1832.0,
26,143,26-143,Leaf,,,,,-0.24578248,1.0,
26,144,26-144,Leaf,,,,,1.76572502,7.0,
26,145,26-145,Leaf,,,,,0.990217865,114.0,
26,146,26-146,Leaf,,,,,1.86244297,23.0,
26,147,26-147,Leaf,,,,,0.517631114,120.0,
26,148,26-148,Leaf,,,,,1.37716472,20.0,
26,149,26-149,Leaf,,,,,0.335915178,739.0,
26,150,26-150,Leaf,,,,,1.2596072,18.0,
26,151,26-151,Leaf,,,,,0.469870538,333.0,
26,152,26-152,Leaf,,,,,0.741751492,533.0,
26,153,26-153,Leaf,,,,,1.28346169,10.0,
26,154,26-154,Leaf,,,,,0.376711428,4.0,
26,155,26-155,Leaf,,,,,0.313735962,1.0,
26,156,26-156,Leaf,,,,,2.25751805,7.0,
26,157,26-157,Leaf,,,,,2.72166991,11.0,
26,158,26-158,Leaf,,,,,0.528833032,1.0,
26,159,26-159,Leaf,,,,,0.950936913,262.0,
26,160,26-160,Leaf,,,,,0.495152384,59.0,
26,161,26-161,Leaf,,,,,1.55856395,61.0,
26,162,26-162,Leaf,,,,,0.867214143,33.0,
27,0,27-0,manggarai_air_lag1,640.0,27-1,27-2,27-2,113628.883,27174.0,
27,1,27-1,manggarai_air_lag1,587.5,27-3,27-4,27-4,13910.6094,14780.0,
27,2,27-2,manggarai_air_lag1,705.0,27-5,27-6,27-6,33046.8594,12394.0,
27,3,27-3,manggarai_air_lag20,20.0,27-7,27-8,27-8,21216.918,3304.0,
27,4,27-4,depok_air_lag7,97.5,27-9,27-10,27-10,5253.19727,11476.0,
27,5,27-5,manggarai_air_lag1,651.0,27-11,27-12,27-12,9462.78516,11096.0,
27,6,27-6,depok_air_lag6,155.0,27-13,27-14,27-14,4094.97656,1298.0,
27,7,27-7,Leaf,,,,,-10.6692743,1.0,
27,8,27-8,depok_air_lag10,102.5,27-15,27-16,27-16,1635.71094,3303.0,
27,9,27-9,depok_air_lag24,195.0,27-17,27-18,27-18,4426.85742,8690.0,
27,10,27-10,manggarai_air_lag2,700.0,27-19,27-20,27-20,3210.18042,2786.0,
27,11,27-11,manggarai_air_lag2,640.0,27-21,27-22,27-22,3590.20947,6501.0,
27,12,27-12,manggarai_cuaca_lag1_hujan,1.0,27-23,27-24,27-24,5934.86328,4595.0,
27,13,27-13,manggarai_cuaca_lag1_hujan,1.0,27-25,27-26,27-26,3554.375,969.0,
27,14,27-14,manggarai_air_lag1,805.0,27-27,27-28,27-28,1954.375,329.0,
27,15,27-15,manggarai_air_lag1,575.0,27-29,27-30,27-30,1136.83594,3279.0,
27,16,27-16,hour_cos,6.12323426e-17,27-31,27-32,27-32,223.170349,24.0,
27,17,27-17,manggarai_air_lag21,710.0,27-33,27-34,27-34,3536.34375,8685.0,
27,18,27-18,dayofyear_cos,0.687457204,27-35,27-36,27-36,14336.1396,5.0,
27,19,27-19,depok_air_lag13,97.5,27-37,27-38,27-38,2761.41943,2784.0,
27,20,27-20,Leaf,,,,,3.25234389,2.0,
27,21,27-21,manggarai_air_lag21,580.0,27-39,27-40,27-40,1229.35889,215.0,
27,22,27-22,depok_air_lag8,170.0,27-41,27-42,27-42,5073.14062,6286.0,
27,23,27-23,depok_air_lag6,200.0,27-43,27-44,27-44,6226.82422,4293.0,
27,24,27-24,dayofyear_sin,0.996750653,27-45,27-46,27-46,11955.9766,302.0,
27,25,27-25,katulampa_air_lag19,90.0,27-47,27-48,27-48,2575.60938,873.0,
27,26,27-26,manggarai_air_lag2,705.0,27-49,27-50,27-50,2745.80762,96.0,
27,27,27-27,dayofyear_cos,-0.993512869,27-51,27-52,27-52,941.976562,283.0,
27,28,27-28,depok_air_lag19,92.5,27-53,27-54,27-54,575.650391,46.0,
27,29,27-29,manggarai_air_lag2,598.0,27-55,27-56,27-56,1113.18359,1814.0,
27,30,27-30,manggarai_air_lag2,620.0,27-57,27-58,27-58,3537.33594,1465.0,
27,31,27-31,katulampa_air_lag19,15.0,27-59,27-60,27-60,148.905334,18.0,
27,32,27-32,dayofyear_sin,-0.794497311,27-61,27-62,27-62,485.300537,6.0,
27,33,27-33,depok_air_lag10,102.5,27-63,27-64,27-64,2962.19336,8626.0,
27,34,27-34,depok_air_lag6,96.0,27-65,27-66,27-66,42651.3672,59.0,
27,35,27-35,hour_cos,0.965925813,27-67,27-68,27-68,283.644257,4.0,
27,36,27-36,Leaf,,,,,-9.81019592,1.0,
27,37,27-37,manggarai_air_lag4,570.0,27-69,27-70,27-70,3770.09619,721.0,
27,38,27-38,depok_air_lag14,85.0,27-71,27-72,27-72,10836.8037,2063.0,
27,39,27-39,manggarai_air_lag2,602.5,27-73,27-74,27-74,347.114258,6.0,
27,40,27-40,depok_air_lag3,190.0,27-75,27-76,27-76,1189.12158,209.0,
27,41,27-41,manggarai_air_lag2,658.0,27-77,27-78,27-78,3045.61377,6277.0,
27,42,27-42,hour_cos,1.0,27-79,27-80,27-80,30018.373,9.0,
27,43,27-43,depok_cuaca_lag5_hujan,1.0,27-81,27-82,27-82,3005.70312,4261.0,
27,44,27-44,dayofyear_sin,0.954066575,27-83,27-84,27-84,443.438477,32.0,
27,45,27-45,katulampa_air_lag3,35.0,27-85,27-86,27-86,2372.75879,297.0,
27,46,27-46,Leaf,,,,,5.13022757,5.0,
27,47,27-47,hour_cos,0.965925813,27-87,27-88,27-88,2215.43359,842.0,
27,48,27-48,manggarai_air_lag20,705.0,27-89,27-90,27-90,13489.3066,31.0,
27,49,27-49,dayofyear_cos,-0.0633914024,27-91,27-92,27-92,1286.63965,27.0,
27,50,27-50,katulampa_air_lag14,40.0,27-93,27-94,27-94,1257.30371,69.0,
27,51,27-51,dayofyear_sin,0.0129014598,27-95,27-96,27-96,2660.03589,22.0,
27,52,27-52,dayofyear_cos,0.227010816,27-97,27-98,27-98,898.253906,261.0,
27,53,27-53,manggarai_air_lag2,830.0,27-99,27-100,27-100,144.674255,8.0,
27,54,27-54,manggarai_air_lag6,845.0,27-101,27-102,27-102,376.558594,38.0,
27,55,27-55,manggarai_air_lag4,580.0,27-103,27-104,27-104,1549.68359,1799.0,
27,56,27-56,depok_air_lag8,85.0,27-105,27-106,27-106,238.41098,15.0,
27,57,27-57,dayofyear_cos,-0.983342946,27-107,27-108,27-108,1161.27246,1464.0,
27,58,27-58,Leaf,,,,,-4.51109648,1.0,
27,59,27-59,dayofyear_sin,-0.997559071,27-109,27-110,27-110,59.7590332,10.0,
27,60,27-60,manggarai_air_lag1,250.0,27-111,27-112,27-112,48.6079483,8.0,
27,61,27-61,manggarai_air_lag2,575.0,27-113,27-114,27-114,81.2497253,4.0,
27,62,27-62,Leaf,,,,,0.941215038,2.0,
27,63,27-63,manggarai_air_lag1,620.0,27-115,27-116,27-116,4744.98047,8487.0,
27,64,27-64,depok_air_lag3,80.0,27-117,27-118,27-118,42881.9844,139.0,
27,65,27-65,depok_air_lag3,85.0,27-119,27-120,27-120,124.977104,55.0,
27,66,27-66,hour_cos,0.707106769,27-121,27-122,27-122,67088.0469,4.0,
27,67,27-67,hour_cos,0.5,27-123,27-124,27-124,9.31463528,3.0,
27,68,27-68,Leaf,,,,,1.38037717,1.0,
27,69,27-69,depok_air_lag10,135.0,27-125,27-126,27-126,12922.8086,6.0,
27,70,27-70,manggarai_air_lag12,592.5,27-127,27-128,27-128,2034.56445,715.0,
27,71,27-71,dayofyear_cos,0.957542956,27-129,27-130,27-130,57249.1445,15.0,
27,72,27-72,depok_air_lag6,210.0,27-131,27-132,27-132,2511.09814,2048.0,
27,73,27-73,hour_cos,0.866025388,27-133,27-134,27-134,2.23854065,2.0,
27,74,27-74,Leaf,,,,,2.26609135,4.0,
27,75,27-75,manggarai_air_lag4,640.0,27-135,27-136,27-136,983.00293,208.0,
27,76,27-76,Leaf,,,,,-2.00563979,1.0,
27,77,27-77,katulampa_air_lag4,75.0,27-137,27-138,27-138,3851.49707,6017.0,
27,78,27-78,manggarai_air_lag4,635.0,27-139,27-140,27-140,909.457764,260.0,
27,79,27-79,manggarai_cuaca_lag7_hujan,1.0,27-141,27-142,27-142,340.477997,8.0,
27,80,27-80,Leaf,,,,,-13.1391392,1.0,
27,81,27-81,depok_air_lag14,135.0,27-143,27-144,27-144,1920.2207,3912.0,
27,82,27-82,manggarai_air_lag2,658.0,27-145,27-146,27-146,1152.68945,349.0,
27,83,27-83,manggarai_air_lag2,694.0,27-147,27-148,27-148,254.339844,26.0,
27,84,27-84,manggarai_air_lag1,685.0,27-149,27-150,27-150,72.892334,6.0,
27,85,27-85,manggarai_air_lag2,700.0,27-151,27-152,27-152,3865.67236,203.0,
27,86,27-86,depok_air_lag19,150.0,27-153,27-154,27-154,2259.1582,94.0,
27,87,27-87,depok_air_lag8,106.0,27-155,27-156,27-156,2451.62109,771.0,
27,88,27-88,manggarai_air_lag6,640.0,27-157,27-158,27-158,1417.68555,71.0,
27,89,27-89,depok_air_lag14,175.0,27-159,27-160,27-160,7320.12207,30.0,
27,90,27-90,Leaf,,,,,-8.30886269,1.0,
27,91,27-91,dayofyear_sin,0.827189326,27-161,27-162,27-162,876.49939,8.0,
27,92,27-92,manggarai_air_lag20,670.0,27-163,27-164,27-164,999.43457,19.0,
27,93,27-93,dayofyear_sin,-0.893579006,27-165,27-166,27-166,875.315796,25.0,
27,94,27-94,manggarai_air_lag6,607.5,27-167,27-168,27-168,1491.78076,44.0,
27,95,27-95,depok_air_lag19,210.0,27-169,27-170,27-170,419.591614,21.0,
27,96,27-96,Leaf,,,,,-3.24884033,1.0,
27,97,27-97,depok_air_lag3,155.0,27-171,27-172,27-172,658.305664,91.0,
27,98,27-98,manggarai_air_lag1,800.0,27-173,27-174,27-174,657.242188,170.0,
27,99,27-99,Leaf,,,,,0.861335754,7.0,
27,100,27-100,Leaf,,,,,-0.230160519,1.0,
27,101,27-101,depok_air_lag19,135.0,27-175,27-176,27-176,468.21875,34.0,
27,102,27-102,hour_cos,0.965925813,27-177,27-178,27-178,6.41319275,4.0,
27,103,27-103,Leaf,,,,,-0.411768019,1739.0,
27,104,27-104,Leaf,,,,,-0.927598119,60.0,
27,105,27-105,Leaf,,,,,0.99015379,4.0,
27,106,27-106,Leaf,,,,,0.140785217,11.0,
27,107,27-107,Leaf,,,,,-0.787902176,46.0,
27,108,27-108,Leaf,,,,,-0.280750245,1418.0,
27,109,27-109,Leaf,,,,,0.401480734,4.0,
27,110,27-110,Leaf,,,,,1.0621382,6.0,
27,111,27-111,Leaf,,,,,0.507655323,3.0,
27,112,27-112,Leaf,,,,,0.0327860527,5.0,
27,113,27-113,Leaf,,,,,0.0714416504,1.0,
27,114,27-114,Leaf,,,,,-0.871208191,3.0,
27,115,27-115,Leaf,,,,,-0.196423456,6867.0,
27,116,27-116,Leaf,,,,,-0.00615965808,1620.0,
27,117,27-117,Leaf,,,,,-10.8303289,3.0,
27,118,27-118,Leaf,,,,,-0.321544975,136.0,
27,119,27-119,Leaf,,,,,-0.762261987,2.0,
27,120,27-120,Leaf,,,,,-0.0946069807,53.0,
27,121,27-121,Leaf,,,,,-0.242181405,3.0,
27,122,27-122,Leaf,,,,,-23.9688854,1.0,
27,123,27-123,Leaf,,,,,0.0800506622,1.0,
27,124,27-124,Leaf,,,,,-0.215775564,2.0,
27,125,27-125,Leaf,,,,,1.26982784,4.0,
27,126,27-126,Leaf,,,,,-7.16250372,2.0,
27,127,27-127,Leaf,,,,,0.603847325,93.0,
27,128,27-128,Leaf,,,,,0.104393236,622.0,
27,129,27-129,Leaf,,,,,0.18728289,13.0,
27,130,27-130,Leaf,,,,,-15.1242294,2.0,
27,131,27-131,Leaf,,,,,-0.0656536222,2042.0,
27,132,27-132,Leaf,,,,,1.83173311,6.0,
27,133,27-133,Leaf,,,,,0.122079469,1.0,
27,134,27-134,Leaf,,,,,0.523959339,1.0,
27,135,27-135,Leaf,,,,,0.537012339,187.0,
27,136,27-136,Leaf,,,,,-0.17713429,21.0,
27,137,27-137,Leaf,,,,,0.0970956683,5999.0,
27,138,27-138,Leaf,,,,,-1.32907951,18.0,
27,139,27-139,Leaf,,,,,-1.24674881,8.0,
27,140,27-140,Leaf,,,,,-0.220109567,252.0,
27,141,27-141,Leaf,,,,,0.846167862,6.0,
27,142,27-142,Leaf,,,,,-0.468845606,2.0,
27,143,27-143,Leaf,,,,,0.247617289,3026.0,
27,144,27-144,Leaf,,,,,0.0801173896,886.0,
27,145,27-145,Leaf,,,,,0.922160923,58.0,
27,146,27-146,Leaf,,,,,0.432004929,291.0,
27,147,27-147,Leaf,,,,,1.88902569,24.0,
27,148,27-148,Leaf,,,,,0.435518414,2.0,
27,149,27-149,Leaf,,,,,0.107916258,2.0,
27,150,27-150,Leaf,,,,,0.88469851,4.0,
27,151,27-151,Leaf,,,,,0.513021052,194.0,
27,152,27-152,Leaf,,,,,-1.50738955,9.0,
27,153,27-153,Leaf,,,,,0.856007278,86.0,
27,154,27-154,Leaf,,,,,2.55825281,8.0,
27,155,27-155,Leaf,,,,,-0.298460066,35.0,
27,156,27-156,Leaf,,,,,0.551191092,736.0,
27,157,27-157,Leaf,,,,,1.85476172,18.0,
27,158,27-158,Leaf,,,,,0.809274673,53.0,
27,159,27-159,Leaf,,,,,-3.83924103,3.0,
27,160,27-160,Leaf,,,,,0.734868705,27.0,
27,161,27-161,Leaf,,,,,1.52117109,5.0,
27,162,27-162,Leaf,,,,,-0.453582764,3.0,
27,163,27-163,Leaf,,,,,1.51471448,10.0,
27,164,27-164,Leaf,,,,,3.24847198,9.0,
27,165,27-165,Leaf,,,,,1.10810316,7.0,
27,166,27-166,Leaf,,,,,-0.142664865,18.0,
27,167,27-167,Leaf,,,,,3.35294008,2.0,
27,168,27-168,Leaf,,,,,0.951462567,42.0,
27,169,27-169,Leaf,,,,,0.40374288,20.0,
27,170,27-170,Leaf,,,,,1.97373354,1.0,
27,171,27-171,Leaf,,,,,1.00792551,64.0,
27,172,27-172,Leaf,,,,,1.64892673,27.0,
27,173,27-173,Leaf,,,,,0.838157356,166.0,
27,174,27-174,Leaf,,,,,-0.381408691,4.0,
27,175,27-175,Leaf,,,,,1.43730247,20.0,
27,176,27-176,Leaf,,,,,2.40321445,14.0,
27,177,27-177,Leaf,,,,,0.717683434,3.0,
27,178,27-178,Leaf,,,,,0.165872201,1.0,
28,0,28-0,manggarai_air_lag1,630.0,28-1,28-2,28-2,87260.5703,27021.0,
28,1,28-1,manggarai_air_lag1,598.0,28-3,28-4,28-4,10000.6797,13139.0,
28,2,28-2,manggarai_air_lag1,694.0,28-5,28-6,28-6,29773.3008,13882.0,
28,3,28-3,dayofyear_sin,-0.793189704,28-7,28-8,28-8,2997.97266,5928.0,
28,4,28-4,manggarai_cuaca_lag1_hujan,1.0,28-9,28-10,28-10,2362.41699,7211.0,
28,5,28-5,manggarai_air_lag1,670.0,28-11,28-12,28-12,6551.60352,12097.0,
28,6,28-6,manggarai_air_lag1,732.5,28-13,28-14,28-14,5918.73047,1785.0,
28,7,28-7,dayofyear_sin,-0.794497311,28-15,28-16,28-16,5606.76953,2117.0,
28,8,28-8,depok_air_lag10,102.5,28-17,28-18,28-18,2243.26562,3811.0,
28,9,28-9,depok_air_lag6,210.0,28-19,28-20,28-20,2341.10254,6982.0,
28,10,28-10,dayofyear_cos,-0.734304249,28-21,28-22,28-22,4290.33594,229.0,
28,11,28-11,manggarai_air_lag2,630.0,28-23,28-24,28-24,4294.79492,9693.0,
28,12,28-12,katulampa_air_lag14,45.0,28-25,28-26,28-26,3326.31445,2404.0,
28,13,28-13,depok_air_lag14,150.0,28-27,28-28,28-28,2849.67188,1184.0,
28,14,28-14,manggarai_air_lag1,825.0,28-29,28-30,28-30,1538.76172,601.0,
28,15,28-15,manggarai_cuaca_lag5_hujan,1.0,28-31,28-32,28-32,5649.64062,2081.0,
28,16,28-16,hour_sin,0.965925813,28-33,28-34,28-34,76317.1406,36.0,
28,17,28-17,manggarai_air_lag12,585.0,28-35,28-36,28-36,1098.47266,3792.0,
28,18,28-18,hour_cos,-0.707106769,28-37,28-38,28-38,651.909058,19.0,
28,19,28-19,depok_air_lag8,125.0,28-39,28-40,28-40,1674.85938,6979.0,
28,20,28-20,Leaf,,,,,2.30963588,3.0,
28,21,28-21,depok_air_lag16,85.0,28-41,28-42,28-42,3176.45166,40.0,
28,22,28-22,manggarai_air_lag6,665.0,28-43,28-44,28-44,2841.34595,189.0,
28,23,28-23,depok_air_lag16,106.0,28-45,28-46,28-46,1748.84277,281.0,
28,24,28-24,time_index,19527.0,28-47,28-48,28-48,3398.27295,9412.0,
28,25,28-25,manggarai_air_lag2,670.0,28-49,28-50,28-50,3388.10352,2137.0,
28,26,28-26,depok_air_lag20,205.0,28-51,28-52,28-52,6078.77344,267.0,
28,27,28-27,manggarai_air_lag2,780.0,28-53,28-54,28-54,1148.83008,897.0,
28,28,28-28,depok_air_lag12,190.0,28-55,28-56,28-56,2915.64844,287.0,
28,29,28-29,manggarai_cuaca_lag1_hujan,1.0,28-57,28-58,28-58,1271.46094,576.0,
28,30,28-30,manggarai_air_lag15,725.0,28-59,28-60,28-60,101.372559,25.0,
28,31,28-31,manggarai_air_lag20,20.0,28-61,28-62,28-62,2671.00977,2074.0,
28,32,28-32,time_index,157.0,28-63,28-64,28-64,14114.0156,7.0,
28,33,28-33,time_index,16341.0,28-65,28-66,28-66,67.0718842,34.0,
28,34,28-34,hour_sin,1.0,28-67,28-68,28-68,47532.5859,2.0,
28,35,28-35,manggarai_air_lag14,586.0,28-69,28-70,28-70,2549.22852,1252.0,
28,36,28-36,depok_air_lag6,195.0,28-71,28-72,28-72,1000.12109,2540.0,
28,37,28-37,dayofyear_cos,-0.33628872,28-73,28-74,28-74,157.36145,11.0,
28,38,28-38,dayofyear_cos,-0.964093506,28-75,28-76,28-76,346.553711,8.0,
28,39,28-39,time_index,3209.0,28-77,28-78,28-78,1769.79688,6907.0,
28,40,28-40,time_index,18197.0,28-79,28-80,28-80,2472.96411,72.0,
28,41,28-41,hour_cos,-0.965925813,28-81,28-82,28-82,592.389282,11.0,
28,42,28-42,katulampa_air_lag4,15.0,28-83,28-84,28-84,4119.91504,29.0,
28,43,28-43,hour_sin,-0.965925813,28-85,28-86,28-86,912.802795,188.0,
28,44,28-44,Leaf,,,,,3.7643311,1.0,
28,45,28-45,hour_sin,0.258819044,28-87,28-88,28-88,1199.71143,249.0,
28,46,28-46,manggarai_air_lag15,640.0,28-89,28-90,28-90,667.858276,32.0,
28,47,28-47,depok_air_lag6,111.0,28-91,28-92,28-92,3660.28223,2976.0,
28,48,28-48,katulampa_air_lag4,75.0,28-93,28-94,28-94,3538.00391,6436.0,
28,49,28-49,dayofyear_sin,0.99798876,28-95,28-96,28-96,2706.60059,238.0,
28,50,28-50,depok_air_lag8,180.0,28-97,28-98,28-98,1571.41016,1899.0,
28,51,28-51,depok_air_lag9,160.0,28-99,28-100,28-100,4362.24463,261.0,
28,52,28-52,dayofyear_cos,0.468015343,28-101,28-102,28-102,19433.6289,6.0,
28,53,28-53,depok_cuaca_lag7_hujan,1.0,28-103,28-104,28-104,1072.60547,896.0,
28,54,28-54,Leaf,,,,,2.94109201,1.0,
28,55,28-55,dayofyear_sin,-0.803547621,28-105,28-106,28-106,2575.54639,270.0,
28,56,28-56,katulampa_air_lag4,15.0,28-107,28-108,28-108,11078.6172,17.0,
28,57,28-57,time_index,23771.0,28-109,28-110,28-110,1049.73047,497.0,
28,58,28-58,depok_air_lag10,210.0,28-111,28-112,28-112,1655.83105,79.0,
28,59,28-59,depok_air_lag19,92.5,28-113,28-114,28-114,141.497559,20.0,
28,60,28-60,Leaf,,,,,0.859483838,5.0,
28,61,28-61,Leaf,,,,,3.32295227,1.0,
28,62,28-62,manggarai_air_lag1,20.0,28-115,28-116,28-116,970.529297,2073.0,
28,63,28-63,Leaf,,,,,-10.2855635,1.0,
28,64,28-64,time_index,17929.0,28-117,28-118,28-118,6.66331482,6.0,
28,65,28-65,Leaf,,,,,-0.363115519,18.0,
28,66,28-66,manggarai_air_lag1,70.0,28-119,28-120,28-120,30.9978771,16.0,
28,67,28-67,Leaf,,,,,-25.7860603,1.0,
28,68,28-68,Leaf,,,,,0.463940442,1.0,
28,69,28-69,time_index,15821.0,28-121,28-122,28-122,408.475586,1217.0,
28,70,28-70,dayofyear_cos,-0.983342946,28-123,28-124,28-124,14666.5078,35.0,
28,71,28-71,time_index,2945.0,28-125,28-126,28-126,879.647461,2537.0,
28,72,28-72,manggarai_air_lag9,602.5,28-127,28-128,28-128,655.687683,3.0,
28,73,28-73,Leaf,,,,,-0.383223474,2.0,
28,74,28-74,dayofyear_cos,0.635898471,28-129,28-130,28-130,69.1429291,9.0,
28,75,28-75,Leaf,,,,,-0.147186279,1.0,
28,76,28-76,Leaf,,,,,1.69245231,7.0,
28,77,28-77,manggarai_cuaca_lag2_hujan,1.0,28-131,28-132,28-132,4322.44922,836.0,
28,78,28-78,depok_air_lag23,190.0,28-133,28-134,28-134,1423.77686,6071.0,
28,79,28-79,depok_air_lag12,92.5,28-135,28-136,28-136,1138.3938,42.0,
28,80,28-80,manggarai_air_lag3,625.0,28-137,28-138,28-138,915.809692,30.0,
28,81,28-81,Leaf,,,,,1.32910156,1.0,
28,82,28-82,manggarai_air_lag2,607.5,28-139,28-140,28-140,195.606293,10.0,
28,83,28-83,manggarai_air_lag1,625.0,28-141,28-142,28-142,3233.59473,19.0,
28,84,28-84,manggarai_air_lag1,607.5,28-143,28-144,28-144,205.915497,10.0,
28,85,28-85,manggarai_air_lag20,598.0,28-145,28-146,28-146,2790.57373,11.0,
28,86,28-86,manggarai_air_lag15,670.0,28-147,28-148,28-148,1019.34308,177.0,
28,87,28-87,time_index,953.0,28-149,28-150,28-150,1783.23486,109.0,
28,88,28-88,time_index,18197.0,28-151,28-152,28-152,1273.87195,140.0,
28,89,28-89,manggarai_cuaca_lag2_hujan,1.0,28-153,28-154,28-154,244.682739,9.0,
28,90,28-90,manggarai_air_lag20,694.0,28-155,28-156,28-156,376.107452,23.0,
28,91,28-91,manggarai_air_lag15,770.0,28-157,28-158,28-158,3510.11133,2489.0,
28,92,28-92,depok_air_lag12,120.0,28-159,28-160,28-160,2270.27759,487.0,
28,93,28-93,depok_air_lag19,74.0,28-161,28-162,28-162,2672.17773,6420.0,
28,94,28-94,dayofyear_sin,0.880682886,28-163,28-164,28-164,71015.5391,16.0,
28,95,28-95,hour_cos,6.12323426e-17,28-165,28-166,28-166,1596.2334,237.0,
28,96,28-96,Leaf,,,,,4.36013508,1.0,
28,97,28-97,manggarai_air_lag1,685.0,28-167,28-168,28-168,1343.69922,1896.0,
28,98,28-98,Leaf,,,,,2.25379348,3.0,
28,99,28-99,manggarai_cuaca_lag2_hujan,1.0,28-169,28-170,28-170,2980.45312,244.0,
28,100,28-100,manggarai_cuaca_lag5_hujan,1.0,28-171,28-172,28-172,36106.2695,17.0,
28,101,28-101,time_index,8657.0,28-173,28-174,28-174,102.97364,5.0,
28,102,28-102,Leaf,,,,,-11.3014164,1.0,
28,103,28-103,time_index,4673.0,28-175,28-176,28-176,953.958984,733.0,
28,104,28-104,depok_air_lag8,160.0,28-177,28-178,28-178,1356.11035,163.0,
28,105,28-105,manggarai_air_lag20,685.0,28-179,28-180,28-180,6745.10449,44.0,
28,106,28-106,depok_air_lag23,340.0,28-181,28-182,28-182,1756.43896,226.0,
28,107,28-107,time_index,22179.0,28-183,28-184,28-184,743.44043,2.0,
28,108,28-108,manggarai_air_lag6,675.0,28-185,28-186,28-186,79.3302994,15.0,
28,109,28-109,depok_air_lag3,155.0,28-187,28-188,28-188,1137.85156,397.0,
28,110,28-110,depok_air_lag6,250.0,28-189,28-190,28-190,542.013672,100.0,
28,111,28-111,manggarai_air_lag12,730.0,28-191,28-192,28-192,1415.69336,71.0,
28,112,28-112,hour_cos,0.258819044,28-193,28-194,28-194,1408.96338,8.0,
28,113,28-113,Leaf,,,,,0.923204541,5.0,
28,114,28-114,depok_air_lag8,185.0,28-195,28-196,28-196,61.2089844,15.0,
28,115,28-115,Leaf,,,,,-2.14896655,2.0,
28,116,28-116,Leaf,,,,,-0.338276237,2071.0,
28,117,28-117,Leaf,,,,,-0.539666772,5.0,
28,118,28-118,Leaf,,,,,-0.10789185,1.0,
28,119,28-119,Leaf,,,,,0.300134271,1.0,
28,120,28-120,Leaf,,,,,-0.121377945,15.0,
28,121,28-121,Leaf,,,,,-0.240288645,851.0,
28,122,28-122,Leaf,,,,,-0.367675394,366.0,
28,123,28-123,Leaf,,,,,-6.16182137,4.0,
28,124,28-124,Leaf,,,,,-0.313251704,31.0,
28,125,28-125,Leaf,,,,,-0.303370744,550.0,
28,126,28-126,Leaf,,,,,-0.160282508,1987.0,
28,127,28-127,Leaf,,,,,2.15506387,2.0,
28,128,28-128,Leaf,,,,,-0.44481203,1.0,
28,129,28-129,Leaf,,,,,0.635113537,6.0,
28,130,28-130,Leaf,,,,,0.0451370254,3.0,
28,131,28-131,Leaf,,,,,-0.205981016,804.0,
28,132,28-132,Leaf,,,,,-1.37454152,32.0,
28,133,28-133,Leaf,,,,,-0.0949590206,6060.0,
28,134,28-134,Leaf,,,,,-1.18565476,11.0,
28,135,28-135,Leaf,,,,,1.26980639,25.0,
28,136,28-136,Leaf,,,,,0.203443408,17.0,
28,137,28-137,Leaf,,,,,-0.570188105,25.0,
28,138,28-138,Leaf,,,,,0.807915211,5.0,
28,139,28-139,Leaf,,,,,-0.142687127,6.0,
28,140,28-140,Leaf,,,,,-1.01848507,4.0,
28,141,28-141,Leaf,,,,,3.04181838,16.0,
28,142,28-142,Leaf,,,,,-0.398103327,3.0,
28,143,28-143,Leaf,,,,,-0.569220006,3.0,
28,144,28-144,Leaf,,,,,0.309584051,7.0,
28,145,28-145,Leaf,,,,,3.46102715,2.0,
28,146,28-146,Leaf,,,,,-0.0548181199,9.0,
28,147,28-147,Leaf,,,,,-0.142164692,167.0,
28,148,28-148,Leaf,,,,,0.85181278,10.0,
28,149,28-149,Leaf,,,,,2.51032805,5.0,
28,150,28-150,Leaf,,,,,0.705720663,104.0,
28,151,28-151,Leaf,,,,,0.527290285,108.0,
28,152,28-152,Leaf,,,,,-0.185514316,32.0,
28,153,28-153,Leaf,,,,,-0.228865966,4.0,
28,154,28-154,Leaf,,,,,-1.30921125,5.0,
28,155,28-155,Leaf,,,,,0.29115054,18.0,
28,156,28-156,Leaf,,,,,-0.617703259,5.0,
28,157,28-157,Leaf,,,,,-0.0462900139,2454.0,
28,158,28-158,Leaf,,,,,-1.04099226,35.0,
28,159,28-159,Leaf,,,,,0.411049336,297.0,
28,160,28-160,Leaf,,,,,-0.0311446432,190.0,
28,161,28-161,Leaf,,,,,-0.497747958,68.0,
28,162,28-162,Leaf,,,,,0.128106698,6352.0,
28,163,28-163,Leaf,,,,,0.973417699,15.0,
28,164,28-164,Leaf,,,,,-19.0364017,1.0,
28,165,28-165,Leaf,,,,,0.22641018,69.0,
28,166,28-166,Leaf,,,,,0.801400483,168.0,
28,167,28-167,Leaf,,,,,0.2211411,1494.0,
28,168,28-168,Leaf,,,,,0.42742157,402.0,
28,169,28-169,Leaf,,,,,0.225662261,227.0,
28,170,28-170,Leaf,,,,,-1.11131656,17.0,
28,171,28-171,Leaf,,,,,0.0930997953,16.0,
28,172,28-172,Leaf,,,,,-14.1525011,1.0,
28,173,28-173,Leaf,,,,,-0.198685706,2.0,
28,174,28-174,Leaf,,,,,0.605693042,3.0,
28,175,28-175,Leaf,,,,,0.0338874534,49.0,
28,176,28-176,Leaf,,,,,0.491347313,684.0,
28,177,28-177,Leaf,,,,,0.851280808,144.0,
28,178,28-178,Leaf,,,,,-0.0449066162,19.0,
28,179,28-179,Leaf,,,,,0.275955766,33.0,
28,180,28-180,Leaf,,,,,-2.4858458,11.0,
28,181,28-181,Leaf,,,,,0.346793056,225.0,
28,182,28-182,Leaf,,,,,3.33517146,1.0,
28,183,28-183,Leaf,,,,,-8.14371681,1.0,
28,184,28-184,Leaf,,,,,-1.79219365,1.0,
28,185,28-185,Leaf,,,,,-0.437803119,2.0,
28,186,28-186,Leaf,,,,,0.129174367,13.0,
28,187,28-187,Leaf,,,,,0.716872811,336.0,
28,188,28-188,Leaf,,,,,1.19569993,61.0,
28,189,28-189,Leaf,,,,,0.333803654,89.0,
28,190,28-190,Leaf,,,,,1.06090343,11.0,
28,191,28-191,Leaf,,,,,1.48969781,61.0,
28,192,28-192,Leaf,,,,,0.187052771,10.0,
28,193,28-193,Leaf,,,,,0.428646863,7.0,
28,194,28-194,Leaf,,,,,-2.54205012,1.0,
28,195,28-195,Leaf,,,,,1.13569236,5.0,
28,196,28-196,Leaf,,,,,2.15549612,10.0,
29,0,29-0,manggarai_air_lag2,645.0,29-1,29-2,29-2,60214.2578,27106.0,
29,1,29-1,manggarai_air_lag20,610.0,29-3,29-4,29-4,14988.1719,16954.0,
29,2,29-2,depok_air_lag6,145.0,29-5,29-6,29-6,17200.6953,10152.0,
29,3,29-3,depok_air_lag7,20.0,29-7,29-8,29-8,7327.23047,8721.0,
29,4,29-4,depok_air_lag7,180.0,29-9,29-10,29-10,6537.97998,8233.0,
29,5,29-5,depok_air_lag7,120.0,29-11,29-12,29-12,5760.70117,9225.0,
29,6,29-6,manggarai_air_lag2,750.0,29-13,29-14,29-14,3418.78125,927.0,
29,7,29-7,hour_sin,0.965925813,29-15,29-16,29-16,13074.8779,4.0,
29,8,29-8,depok_air_lag6,111.0,29-17,29-18,29-18,4614.18359,8717.0,
29,9,29-9,manggarai_cuaca_lag1_hujan,1.0,29-19,29-20,29-20,2712.73413,8196.0,
29,10,29-10,depok_air_lag10,86.0,29-21,29-22,29-22,1213.83252,37.0,
29,11,29-11,time_index,7861.0,29-23,29-24,29-24,4308.36475,7218.0,
29,12,29-12,time_index,26293.0,29-25,29-26,29-26,2879.125,2007.0,
29,13,29-13,depok_air_lag23,345.0,29-27,29-28,29-28,1419.26367,695.0,
29,14,29-14,depok_air_lag6,185.0,29-29,29-30,29-30,743.789062,232.0,
29,15,29-15,time_index,157.0,29-31,29-32,29-32,35.0776443,3.0,
29,16,29-16,Leaf,,,,,-10.3019581,1.0,
29,17,29-17,manggarai_cuaca_lag1_hujan,1.0,29-33,29-34,29-34,4277.57422,8507.0,
29,18,29-18,depok_cuaca_lag6_hujan,1.0,29-35,29-36,29-36,1824.51465,210.0,
29,19,29-19,depok_air_lag8,106.0,29-37,29-38,29-38,2113.67188,7823.0,
29,20,29-20,dayofyear_cos,-0.998315096,29-39,29-40,29-40,2338.15674,373.0,
29,21,29-21,time_index,7593.0,29-41,29-42,29-42,822.690491,4.0,
29,22,29-22,manggarai_cuaca_lag4_hujan,1.0,29-43,29-44,29-44,397.279785,33.0,
29,23,29-23,depok_air_lag6,86.0,29-45,29-46,29-46,1256.43579,662.0,
29,24,29-24,manggarai_cuaca_lag1_hujan,1.0,29-47,29-48,29-48,4064.07617,6556.0,
29,25,29-25,dayofyear_sin,-0.803547621,29-49,29-50,29-50,1765.21484,1493.0,
29,26,29-26,depok_air_lag7,160.0,29-51,29-52,29-52,7968.72998,514.0,
29,27,29-27,time_index,22311.0,29-53,29-54,29-54,1565.49316,694.0,
29,28,29-28,Leaf,,,,,3.16841435,1.0,
29,29,29-29,time_index,27354.0,29-55,29-56,29-56,606.362305,162.0,
29,30,29-30,manggarai_cuaca_lag1_hujan,1.0,29-57,29-58,29-58,815.338867,70.0,
29,31,29-31,Leaf,,,,,-0.24615173,1.0,
29,32,29-32,time_index,6533.0,29-59,29-60,29-60,5.70398903,2.0,
29,33,29-33,dayofyear_sin,-0.689796031,29-61,29-62,29-62,2555.39453,8277.0,
29,34,29-34,depok_air_lag12,92.5,29-63,29-64,29-64,2598.64844,230.0,
29,35,29-35,depok_air_lag8,102.5,29-65,29-66,29-66,1055.23718,170.0,
29,36,29-36,hour_cos,1.0,29-67,29-68,29-68,1023.07153,40.0,
29,37,29-37,hour_sin,0.866025388,29-69,29-70,29-70,1967.95825,6947.0,
29,38,29-38,depok_air_lag12,102.5,29-71,29-72,29-72,2039.29199,876.0,
29,39,29-39,hour_sin,0.707106769,29-73,29-74,29-74,869.404053,3.0,
29,40,29-40,manggarai_air_lag9,586.0,29-75,29-76,29-76,2361.27197,370.0,
29,41,29-41,Leaf,,,,,1.41736448,1.0,
29,42,29-42,Leaf,,,,,-1.07755125,3.0,
29,43,29-43,katulampa_air_lag3,35.0,29-77,29-78,29-78,427.086426,31.0,
29,44,29-44,time_index,1617.0,29-79,29-80,29-80,7.43917513,2.0,
29,45,29-45,manggarai_air_lag17,612.5,29-81,29-82,29-82,1251.5592,65.0,
29,46,29-46,depok_air_lag10,137.5,29-83,29-84,29-84,884.082275,597.0,
29,47,29-47,manggarai_air_lag21,630.0,29-85,29-86,29-86,2073.1499,6196.0,
29,48,29-48,time_index,8657.0,29-87,29-88,29-88,5187.74268,360.0,
29,49,29-49,depok_air_lag16,210.0,29-89,29-90,29-90,4014.76123,280.0,
29,50,29-50,time_index,18463.0,29-91,29-92,29-92,1533.32031,1213.0,
29,51,29-51,depok_air_lag19,170.0,29-93,29-94,29-94,2193.86475,507.0,
29,52,29-52,hour_cos,0.965925813,29-95,29-96,29-96,23811.1504,7.0,
29,53,29-53,dayofyear_cos,-0.993512869,29-97,29-98,29-98,1622.17676,420.0,
29,54,29-54,depok_cuaca_lag4_hujan,1.0,29-99,29-100,29-100,858.581299,274.0,
29,55,29-55,depok_air_lag19,180.0,29-101,29-102,29-102,785.186523,133.0,
29,56,29-56,depok_air_lag6,160.0,29-103,29-104,29-104,396.404724,29.0,
29,57,29-57,time_index,30013.0,29-105,29-106,29-106,446.34375,57.0,
29,58,29-58,depok_air_lag10,210.0,29-107,29-108,29-108,547.995117,13.0,
29,59,29-59,Leaf,,,,,0.0489654541,1.0,
29,60,29-60,Leaf,,,,,0.402484149,1.0,
29,61,29-61,manggarai_air_lag20,20.0,29-109,29-110,29-110,2386.33203,3119.0,
29,62,29-62,manggarai_cuaca_lag12_hujan,1.0,29-111,29-112,29-112,1973.1875,5158.0,
29,63,29-63,hour_sin,-0.965925813,29-113,29-114,29-114,1252.48267,199.0,
29,64,29-64,manggarai_air_lag7,612.5,29-115,29-116,29-116,2279.72485,31.0,
29,65,29-65,depok_air_lag10,106.0,29-117,29-118,29-118,720.885132,99.0,
29,66,29-66,depok_air_lag10,80.0,29-119,29-120,29-120,1234.93127,71.0,
29,67,29-67,manggarai_air_lag5,630.0,29-121,29-122,29-122,728.118652,34.0,
29,68,29-68,depok_cuaca_lag4_hujan,1.0,29-123,29-124,29-124,848.066895,6.0,
29,69,29-69,depok_air_lag19,74.0,29-125,29-126,29-126,2562.10034,5630.0,
29,70,29-70,depok_air_lag6,130.0,29-127,29-128,29-128,7285.72266,1317.0,
29,71,29-71,time_index,24567.0,29-129,29-130,29-130,1434.88232,302.0,
29,72,29-72,depok_air_lag13,155.0,29-131,29-132,29-132,797.39093,574.0,
29,73,29-73,Leaf,,,,,3.49301577,2.0,
29,74,29-74,Leaf,,,,,0.0437774658,1.0,
29,75,29-75,Leaf,,,,,3.63743591,1.0,
29,76,29-76,dayofyear_sin,-0.994566739,29-133,29-134,29-134,1618.52124,369.0,
29,77,29-77,depok_air_lag10,96.0,29-135,29-136,29-136,315.157959,22.0,
29,78,29-78,depok_air_lag10,102.5,29-137,29-138,29-138,31.8671875,9.0,
29,79,29-79,Leaf,,,,,0.196289062,1.0,
29,80,29-80,Leaf,,,,,-0.0840515122,1.0,
29,81,29-81,dayofyear_cos,0.272811264,29-139,29-140,29-140,663.476318,45.0,
29,82,29-82,hour_sin,-0.258819044,29-141,29-142,29-142,693.85791,20.0,
29,83,29-83,manggarai_air_lag4,645.0,29-143,29-144,29-144,819.04126,574.0,
29,84,29-84,dayofyear_cos,0.952442229,29-145,29-146,29-146,330.963562,23.0,
29,85,29-85,depok_air_lag6,92.5,29-147,29-148,29-148,2125.79272,426.0,
29,86,29-86,manggarai_air_lag15,658.0,29-149,29-150,29-150,1470.0,5770.0,
29,87,29-87,manggarai_air_lag2,650.0,29-151,29-152,29-152,1859.11426,9.0,
29,88,29-88,time_index,20455.0,29-153,29-154,29-154,3142.12891,351.0,
29,89,29-89,dayofyear_cos,0.104100749,29-155,29-156,29-156,1397.84241,258.0,
29,90,29-90,manggarai_air_lag17,670.0,29-157,29-158,29-158,19384.5215,22.0,
29,91,29-91,manggarai_cuaca_lag1_hujan,1.0,29-159,29-160,29-160,2077.50195,632.0,
29,92,29-92,manggarai_cuaca_lag1_hujan,1.0,29-161,29-162,29-162,2223.14893,581.0,
29,93,29-93,dayofyear_cos,-0.182816923,29-163,29-164,29-164,1443.00769,472.0,
29,94,29-94,depok_air_lag13,185.0,29-165,29-166,29-166,21710.293,35.0,
29,95,29-95,time_index,29616.0,29-167,29-168,29-168,150.785156,6.0,
29,96,29-96,Leaf,,,,,-12.4885883,1.0,
29,97,29-97,time_index,6265.0,29-169,29-170,29-170,1033.69556,2.0,
29,98,29-98,depok_air_lag16,85.0,29-171,29-172,29-172,1103.29199,418.0,
29,99,29-99,depok_air_lag6,155.0,29-173,29-174,29-174,632.450195,235.0,
29,100,29-100,manggarai_air_lag4,650.0,29-175,29-176,29-176,660.895996,39.0,
29,101,29-101,manggarai_cuaca_lag1_hujan,1.0,29-177,29-178,29-178,951.05957,124.0,
29,102,29-102,manggarai_cuaca_lag19_hujan,1.0,29-179,29-180,29-180,319.769531,9.0,
29,103,29-103,depok_air_lag10,195.0,29-181,29-182,29-182,185.791077,13.0,
29,104,29-104,manggarai_air_lag21,651.0,29-183,29-184,29-184,126.09111,16.0,
29,105,29-105,depok_air_lag8,250.0,29-185,29-186,29-186,235.101562,50.0,
29,106,29-106,hour_sin,-0.5,29-187,29-188,29-188,22.4559021,7.0,
29,107,29-107,depok_air_lag23,125.0,29-189,29-190,29-190,570.170898,8.0,
29,108,29-108,Leaf,,,,,0.862220287,5.0,
29,109,29-109,Leaf,,,,,3.15680552,1.0,
29,110,29-110,Leaf,,,,,-0.305165231,3118.0,
29,111,29-111,Leaf,,,,,-0.177754477,5015.0,
29,112,29-112,Leaf,,,,,-0.553538859,143.0,
29,113,29-113,Leaf,,,,,0.918743908,15.0,
29,114,29-114,Leaf,,,,,-0.0036635939,184.0,
29,115,29-115,Leaf,,,,,1.73963988,18.0,
29,116,29-116,Leaf,,,,,0.0195486899,13.0,
29,117,29-117,Leaf,,,,,-0.155411944,96.0,
29,118,29-118,Leaf,,,,,1.21543431,3.0,
29,119,29-119,Leaf,,,,,-0.709051549,8.0,
29,120,29-120,Leaf,,,,,0.549966633,63.0,
29,121,29-121,Leaf,,,,,0.26184997,23.0,
29,122,29-122,Leaf,,,,,1.2388494,11.0,
29,123,29-123,Leaf,,,,,2.67139649,4.0,
29,124,29-124,Leaf,,,,,0.153236911,2.0,
29,125,29-125,Leaf,,,,,-0.683714151,59.0,
29,126,29-126,Leaf,,,,,-0.0267255213,5571.0,
29,127,29-127,Leaf,,,,,-0.122696795,1268.0,
29,128,29-128,Leaf,,,,,-1.3536129,49.0,
29,129,29-129,Leaf,,,,,0.439980894,227.0,
29,130,29-130,Leaf,,,,,-0.0634776056,75.0,
29,131,29-131,Leaf,,,,,-0.0140145142,572.0,
29,132,29-132,Leaf,,,,,1.620579,2.0,
29,133,29-133,Leaf,,,,,1.4447937,9.0,
29,134,29-134,Leaf,,,,,0.153664097,360.0,
29,135,29-135,Leaf,,,,,0.49094674,6.0,
29,136,29-136,Leaf,,,,,1.45257711,16.0,
29,137,29-137,Leaf,,,,,2.49498916,6.0,
29,138,29-138,Leaf,,,,,1.1335175,3.0,
29,139,29-139,Leaf,,,,,0.177570164,20.0,
29,140,29-140,Leaf,,,,,-0.58156836,25.0,
29,141,29-141,Leaf,,,,,-1.69672906,11.0,
29,142,29-142,Leaf,,,,,-0.463818997,9.0,
29,143,29-143,Leaf,,,,,0.141519532,101.0,
29,144,29-144,Leaf,,,,,-0.171110302,473.0,
29,145,29-145,Leaf,,,,,0.372486144,22.0,
29,146,29-146,Leaf,,,,,1.76214302,1.0,
29,147,29-147,Leaf,,,,,-0.664196372,57.0,
29,148,29-148,Leaf,,,,,-0.0129095465,369.0,
29,149,29-149,Leaf,,,,,0.0835980773,3319.0,
29,150,29-150,Leaf,,,,,0.185746238,2451.0,
29,151,29-151,Leaf,,,,,3.84274411,5.0,
29,152,29-152,Leaf,,,,,0.800195336,4.0,
29,153,29-153,Leaf,,,,,0.789185286,126.0,
29,154,29-154,Leaf,,,,,0.166030318,225.0,
29,155,29-155,Leaf,,,,,0.752822518,45.0,
29,156,29-156,Leaf,,,,,0.143826127,213.0,
29,157,29-157,Leaf,,,,,0.195485532,19.0,
29,158,29-158,Leaf,,,,,-7.45424271,3.0,
29,159,29-159,Leaf,,,,,0.471890181,580.0,
29,160,29-160,Leaf,,,,,1.13027012,52.0,
29,161,29-161,Leaf,,,,,0.345031708,554.0,
29,162,29-162,Leaf,,,,,-0.570088625,27.0,
29,163,29-163,Leaf,,,,,0.449326754,154.0,
29,164,29-164,Leaf,,,,,0.0768863857,318.0,
29,165,29-165,Leaf,,,,,-0.0150376679,34.0,
29,166,29-166,Leaf,,,,,-10.7363462,1.0,
29,167,29-167,Leaf,,,,,0.420371115,4.0,
29,168,29-168,Leaf,,,,,-0.478743523,2.0,
29,169,29-169,Leaf,,,,,0.468066424,1.0,
29,170,29-170,Leaf,,,,,-3.08415222,1.0,
29,171,29-171,Leaf,,,,,1.50144792,13.0,
29,172,29-172,Leaf,,,,,0.583217144,405.0,
29,173,29-173,Leaf,,,,,0.0568042211,121.0,
29,174,29-174,Leaf,,,,,0.384870172,114.0,
29,175,29-175,Leaf,,,,,1.82063103,4.0,
29,176,29-176,Leaf,,,,,0.547564507,35.0,
29,177,29-177,Leaf,,,,,0.893030584,115.0,
29,178,29-178,Leaf,,,,,-0.158070683,9.0,
29,179,29-179,Leaf,,,,,0.941348255,5.0,
29,180,29-180,Leaf,,,,,2.43515372,4.0,
29,181,29-181,Leaf,,,,,0.909124315,11.0,
29,182,29-182,Leaf,,,,,-0.0902262405,2.0,
29,183,29-183,Leaf,,,,,0.454642355,4.0,
29,184,29-184,Leaf,,,,,-0.136459112,12.0,
29,185,29-185,Leaf,,,,,0.907891095,33.0,
29,186,29-186,Leaf,,,,,1.45958757,17.0,
29,187,29-187,Leaf,,,,,-0.120407104,1.0,
29,188,29-188,Leaf,,,,,0.297494948,6.0,
29,189,29-189,Leaf,,,,,2.88722014,6.0,
29,190,29-190,Leaf,,,,,0.591097057,2.0,
30,0,30-0,manggarai_air_lag2,645.0,30-1,30-2,30-2,52282.9844,27188.0,
30,1,30-1,depok_air_lag7,86.0,30-3,30-4,30-4,12135.7715,16997.0,
30,2,30-2,depok_air_lag6,150.0,30-5,30-6,30-6,14802.8828,10191.0,
30,3,30-3,depok_air_lag10,102.5,30-7,30-8,30-8,4738.17383,8760.0,
30,4,30-4,depok_air_lag6,145.0,30-9,30-10,30-10,6687.33301,8237.0,
30,5,30-5,depok_air_lag7,120.0,30-11,30-12,30-12,5033.43164,9415.0,
30,6,30-6,depok_air_lag7,230.0,30-13,30-14,30-14,2123.89844,776.0,
30,7,30-7,time_index,26027.0,30-15,30-16,30-16,4579.97852,8739.0,
30,8,30-8,hour_cos,0.5,30-17,30-18,30-18,80939.2344,21.0,
30,9,30-9,depok_cuaca_lag6_hujan,1.0,30-19,30-20,30-20,2507.63989,8017.0,
30,10,30-10,hour_sin,0.0,30-21,30-22,30-22,2219.94092,220.0,
30,11,30-11,time_index,4269.0,30-23,30-24,30-24,4534.48389,7206.0,
30,12,30-12,time_index,24567.0,30-25,30-26,30-26,3086.4375,2209.0,
30,13,30-13,depok_cuaca_lag22_hujan,1.0,30-27,30-28,30-28,1513.53906,711.0,
30,14,30-14,manggarai_air_lag21,665.0,30-29,30-30,30-30,451.742188,65.0,
30,15,30-15,dayofyear_sin,-0.599551499,30-31,30-32,30-32,3592.0625,8011.0,
30,16,30-16,manggarai_air_lag21,65.0,30-33,30-34,30-34,607.460815,728.0,
30,17,30-17,time_index,16485.0,30-35,30-36,30-36,546.550049,20.0,
30,18,30-18,Leaf,,,,,-20.8361797,1.0,
30,19,30-19,katulampa_air_lag14,35.0,30-37,30-38,30-38,1963.1615,7541.0,
30,20,30-20,depok_air_lag7,145.0,30-39,30-40,30-40,836.609863,476.0,
30,21,30-21,depok_cuaca_lag6_hujan,1.0,30-41,30-42,30-42,1268.9126,14.0,
30,22,30-22,depok_air_lag6,210.0,30-43,30-44,30-44,2332.69702,206.0,
30,23,30-23,depok_air_lag9,135.0,30-45,30-46,30-46,2142.86304,282.0,
30,24,30-24,manggarai_cuaca_lag1_hujan,1.0,30-47,30-48,30-48,3887.48438,6924.0,
30,25,30-25,depok_cuaca_lag6_hujan,1.0,30-49,30-50,30-50,2031.16602,1600.0,
30,26,30-26,depok_air_lag7,160.0,30-51,30-52,30-52,4532.34521,609.0,
30,27,30-27,time_index,18731.0,30-53,30-54,30-54,1788.61328,658.0,
30,28,30-28,dayofyear_cos,-0.996836662,30-55,30-56,30-56,817.191895,53.0,
30,29,30-29,dayofyear_sin,0.508356452,30-57,30-58,30-58,300.174072,31.0,
30,30,30-30,depok_air_lag12,92.5,30-59,30-60,30-60,659.27002,34.0,
30,31,30-31,dayofyear_cos,-0.787259996,30-61,30-62,30-62,4005.17969,3091.0,
30,32,30-32,manggarai_cuaca_lag1_hujan,1.0,30-63,30-64,30-64,1861.9375,4920.0,
30,33,30-33,Leaf,,,,,1.79626167,1.0,
30,34,30-34,manggarai_air_lag2,612.5,30-65,30-66,30-66,457.35849,727.0,
30,35,30-35,manggarai_air_lag5,592.5,30-67,30-68,30-68,169.156815,7.0,
30,36,30-36,manggarai_air_lag5,592.5,30-69,30-70,30-70,128.386047,13.0,
30,37,30-37,manggarai_cuaca_lag1_hujan,1.0,30-71,30-72,30-72,1785.73169,7352.0,
30,38,30-38,depok_air_lag9,145.0,30-73,30-74,30-74,685.883545,189.0,
30,39,30-39,manggarai_air_lag9,592.5,30-75,30-76,30-76,905.885864,470.0,
30,40,30-40,manggarai_cuaca_lag7_hujan,1.0,30-77,30-78,30-78,723.77832,6.0,
30,41,30-41,depok_air_lag7,137.5,30-79,30-80,30-80,149.415451,6.0,
30,42,30-42,depok_air_lag9,106.0,30-81,30-82,30-82,453.008301,8.0,
30,43,30-43,time_index,19259.0,30-83,30-84,30-84,1732.34851,185.0,
30,44,30-44,manggarai_cuaca_lag2_hujan,1.0,30-85,30-86,30-86,556.731934,21.0,
30,45,30-45,depok_air_lag9,130.0,30-87,30-88,30-88,845.377075,278.0,
30,46,30-46,time_index,1749.0,30-89,30-90,30-90,1521.73169,4.0,
30,47,30-47,time_index,21119.0,30-91,30-92,30-92,3143.15869,6538.0,
30,48,30-48,manggarai_air_lag14,732.5,30-93,30-94,30-94,6614.62988,386.0,
30,49,30-49,dayofyear_cos,0.0354725569,30-95,30-96,30-96,1686.09375,1460.0,
30,50,30-50,manggarai_air_lag7,830.0,30-97,30-98,30-98,552.251465,140.0,
30,51,30-51,katulampa_air_lag3,75.0,30-99,30-100,30-100,1382.33813,598.0,
30,52,30-52,hour_cos,0.965925813,30-101,30-102,30-102,24119.1719,11.0,
30,53,30-53,depok_air_lag6,170.0,30-103,30-104,30-104,782.212891,308.0,
30,54,30-54,depok_air_lag23,350.0,30-105,30-106,30-106,1413.27148,350.0,
30,55,30-55,Leaf,,,,,2.50862122,3.0,
30,56,30-56,manggarai_air_lag5,770.0,30-107,30-108,30-108,295.492676,50.0,
30,57,30-57,manggarai_air_lag3,550.0,30-109,30-110,30-110,289.104004,23.0,
30,58,30-58,manggarai_air_lag14,625.0,30-111,30-112,30-112,71.7583847,8.0,
30,59,30-59,hour_sin,1.0,30-113,30-114,30-114,122.168602,2.0,
30,60,30-60,depok_air_lag6,195.0,30-115,30-116,30-116,207.712891,32.0,
30,61,30-61,hour_cos,-0.965925813,30-117,30-118,30-118,89186.8828,49.0,
30,62,30-62,depok_cuaca_lag5_hujan,1.0,30-119,30-120,30-120,2296.53125,3042.0,
30,63,30-63,time_index,3209.0,30-121,30-122,30-122,1604.9209,4730.0,
30,64,30-64,dayofyear_cos,-0.0505106188,30-123,30-124,30-124,2844.27661,190.0,
30,65,30-65,manggarai_cuaca_lag4_hujan,1.0,30-125,30-126,30-126,247.949127,203.0,
30,66,30-66,manggarai_air_lag20,65.0,30-127,30-128,30-128,217.053162,524.0,
30,67,30-67,time_index,15421.0,30-129,30-130,30-130,34.3828697,3.0,
30,68,30-68,time_index,2149.0,30-131,30-132,30-132,116.58786,4.0,
30,69,30-69,Leaf,,,,,0.930863798,6.0,
30,70,30-70,hour_cos,-0.866025388,30-133,30-134,30-134,45.7623596,7.0,
30,71,30-71,time_index,2281.0,30-135,30-136,30-136,2428.07715,7039.0,
30,72,30-72,manggarai_air_lag21,680.0,30-137,30-138,30-138,3253.80664,313.0,
30,73,30-73,depok_air_lag6,120.0,30-139,30-140,30-140,543.67218,173.0,
30,74,30-74,katulampa_air_lag21,15.0,30-141,30-142,30-142,308.37854,16.0,
30,75,30-75,time_index,2149.0,30-143,30-144,30-144,522.824707,24.0,
30,76,30-76,dayofyear_cos,-0.939201355,30-145,30-146,30-146,541.687622,446.0,
30,77,30-77,Leaf,,,,,1.9218334,4.0,
30,78,30-78,time_index,17801.0,30-147,30-148,30-148,46.1073685,2.0,
30,79,30-79,time_index,1485.0,30-149,30-150,30-150,3.89339924,4.0,
30,80,30-80,Leaf,,,,,1.01830244,2.0,
30,81,30-81,time_index,1617.0,30-151,30-152,30-152,116.756348,7.0,
30,82,30-82,Leaf,,,,,0.217266843,1.0,
30,83,30-83,depok_air_lag7,185.0,30-153,30-154,30-154,1613.55078,128.0,
30,84,30-84,depok_air_lag12,135.0,30-155,30-156,30-156,857.975769,57.0,
30,85,30-85,manggarai_cuaca_lag1_hujan,1.0,30-157,30-158,30-158,199.282227,18.0,
30,86,30-86,depok_air_lag9,92.5,30-159,30-160,30-160,147.067398,3.0,
30,87,30-87,manggarai_air_lag5,592.5,30-161,30-162,30-162,736.780762,269.0,
30,88,30-88,hour_sin,0.0,30-163,30-164,30-164,335.46463,9.0,
30,89,30-89,hour_sin,0.965925813,30-165,30-166,30-166,33.2148895,3.0,
30,90,30-90,Leaf,,,,,-4.52025747,1.0,
30,91,30-91,depok_air_lag23,190.0,30-167,30-168,30-168,1896.62085,2289.0,
30,92,30-92,manggarai_air_lag9,635.0,30-169,30-170,30-170,2575.97461,4249.0,
30,93,30-93,manggarai_air_lag2,650.0,30-171,30-172,30-172,3222.93018,378.0,
30,94,30-94,dayofyear_sin,0.954066575,30-173,30-174,30-174,2294.56934,8.0,
30,95,30-95,manggarai_cuaca_lag1_hujan,1.0,30-175,30-176,30-176,2377.70996,438.0,
30,96,30-96,katulampa_air_lag19,90.0,30-177,30-178,30-178,2461.604,1022.0,
30,97,30-97,manggarai_air_lag3,635.0,30-179,30-180,30-180,393.753418,139.0,
30,98,30-98,Leaf,,,,,-1.01517332,1.0,
30,99,30-99,katulampa_air_lag4,15.0,30-181,30-182,30-182,633.423645,590.0,
30,100,30-100,hour_cos,0.707106769,30-183,30-184,30-184,327.151123,8.0,
30,101,30-101,time_index,29749.0,30-185,30-186,30-186,134.958755,10.0,
30,102,30-102,Leaf,,,,,-11.8641586,1.0,
30,103,30-103,dayofyear_sin,-0.292405963,30-187,30-188,30-188,733.70459,201.0,
30,104,30-104,manggarai_air_lag20,805.0,30-189,30-190,30-190,383.063477,107.0,
30,105,30-105,manggarai_air_lag3,770.0,30-191,30-192,30-192,664.33667,349.0,
30,106,30-106,Leaf,,,,,3.00999451,1.0,
30,107,30-107,manggarai_air_lag9,740.0,30-193,30-194,30-194,1410.15137,35.0,
30,108,30-108,depok_cuaca_lag6_hujan,1.0,30-195,30-196,30-196,172.484131,15.0,
30,109,30-109,Leaf,,,,,-0.371014416,1.0,
30,110,30-110,hour_sin,0.866025388,30-197,30-198,30-198,313.875244,22.0,
30,111,30-111,Leaf,,,,,-0.329418957,1.0,
30,112,30-112,manggarai_air_lag7,665.0,30-199,30-200,30-200,19.557251,7.0,
30,113,30-113,Leaf,,,,,-0.744613647,1.0,
30,114,30-114,Leaf,,,,,0.380499274,1.0,
30,115,30-115,Leaf,,,,,0.328454584,2.0,
30,116,30-116,time_index,557.0,30-201,30-202,30-202,232.611328,30.0,
30,117,30-117,Leaf,,,,,-17.8964195,2.0,
30,118,30-118,Leaf,,,,,-0.110096872,47.0,
30,119,30-119,Leaf,,,,,-0.286642522,2999.0,
30,120,30-120,Leaf,,,,,0.44229722,43.0,
30,121,30-121,Leaf,,,,,-0.308718175,672.0,
30,122,30-122,Leaf,,,,,-0.141838759,4058.0,
30,123,30-123,Leaf,,,,,0.828573406,46.0,
30,124,30-124,Leaf,,,,,-0.0669592693,144.0,
30,125,30-125,Leaf,,,,,-0.0895747766,201.0,
30,126,30-126,Leaf,,,,,0.827345788,2.0,
30,127,30-127,Leaf,,,,,1.14193428,1.0,
30,128,30-128,Leaf,,,,,0.0957920179,523.0,
30,129,30-129,Leaf,,,,,-0.113739014,2.0,
30,130,30-130,Leaf,,,,,0.43208009,1.0,
30,131,30-131,Leaf,,,,,0.0957183838,1.0,
30,132,30-132,Leaf,,,,,-1.0252198,3.0,
30,133,30-133,Leaf,,,,,0.578523815,2.0,
30,134,30-134,Leaf,,,,,0.0679280609,5.0,
30,135,30-135,Leaf,,,,,-0.227364704,830.0,
30,136,30-136,Leaf,,,,,-0.0453351066,6209.0,
30,137,30-137,Leaf,,,,,0.0995665938,297.0,
30,138,30-138,Leaf,,,,,1.52263796,16.0,
30,139,30-139,Leaf,,,,,0.279258937,149.0,
30,140,30-140,Leaf,,,,,-0.226433858,24.0,
30,141,30-141,Leaf,,,,,0.251684576,6.0,
30,142,30-142,Leaf,,,,,1.19548786,10.0,
30,143,30-143,Leaf,,,,,0.178247631,10.0,
30,144,30-144,Leaf,,,,,1.13266158,14.0,
30,145,30-145,Leaf,,,,,-0.273025721,29.0,
30,146,30-146,Leaf,,,,,0.167661175,417.0,
30,147,30-147,Leaf,,,,,-0.524035633,1.0,
30,148,30-148,Leaf,,,,,0.182965085,1.0,
30,149,30-149,Leaf,,,,,0.174502566,1.0,
30,150,30-150,Leaf,,,,,-0.00425872812,3.0,
30,151,30-151,Leaf,,,,,0.68082279,1.0,
30,152,30-152,Leaf,,,,,2.90884495,6.0,
30,153,30-153,Leaf,,,,,0.360759169,108.0,
30,154,30-154,Leaf,,,,,1.32598913,20.0,
30,155,30-155,Leaf,,,,,-0.225224525,55.0,
30,156,30-156,Leaf,,,,,1.51253867,2.0,
30,157,30-157,Leaf,,,,,1.72897661,16.0,
30,158,30-158,Leaf,,,,,0.40662843,2.0,
30,159,30-159,Leaf,,,,,0.752282739,1.0,
30,160,30-160,Leaf,,,,,-0.35823974,2.0,
30,161,30-161,Leaf,,,,,-0.966077924,14.0,
30,162,30-162,Leaf,,,,,-0.24111557,255.0,
30,163,30-163,Leaf,,,,,1.55085254,2.0,
30,164,30-164,Leaf,,,,,0.240259558,7.0,
30,165,30-165,Leaf,,,,,-0.837247789,2.0,
30,166,30-166,Leaf,,,,,-0.0795959458,1.0,
30,167,30-167,Leaf,,,,,0.0211181939,2245.0,
30,168,30-168,Leaf,,,,,-0.634562612,44.0,
30,169,30-169,Leaf,,,,,-0.439764082,71.0,
30,170,30-170,Leaf,,,,,0.163785055,4178.0,
30,171,30-171,Leaf,,,,,1.2941252,33.0,
30,172,30-172,Leaf,,,,,0.271706104,345.0,
30,173,30-173,Leaf,,,,,3.96463084,6.0,
30,174,30-174,Leaf,,,,,0.0820719451,2.0,
30,175,30-175,Leaf,,,,,0.444438696,430.0,
30,176,30-176,Leaf,,,,,2.09460998,8.0,
30,177,30-177,Leaf,,,,,0.268118352,999.0,
30,178,30-178,Leaf,,,,,-0.757955968,23.0,
30,179,30-179,Leaf,,,,,1.65686893,4.0,
30,180,30-180,Leaf,,,,,0.693970859,135.0,
30,181,30-181,Leaf,,,,,-0.448663622,19.0,
30,182,30-182,Leaf,,,,,0.124360956,571.0,
30,183,30-183,Leaf,,,,,0.517503679,4.0,
30,184,30-184,Leaf,,,,,1.92078006,4.0,
30,185,30-185,Leaf,,,,,0.333635122,8.0,
30,186,30-186,Leaf,,,,,-0.44682619,2.0,
30,187,30-187,Leaf,,,,,0.361627281,100.0,
30,188,30-188,Leaf,,,,,0.749844551,101.0,
30,189,30-189,Leaf,,,,,0.854014874,104.0,
30,190,30-190,Leaf,,,,,1.95110631,3.0,
30,191,30-191,Leaf,,,,,0.284881026,314.0,
30,192,30-192,Leaf,,,,,0.742095113,35.0,
30,193,30-193,Leaf,,,,,0.72267288,28.0,
30,194,30-194,Leaf,,,,,2.28251195,7.0,
30,195,30-195,Leaf,,,,,0.693588793,11.0,
30,196,30-196,Leaf,,,,,-0.0523327664,4.0,
30,197,30-197,Leaf,,,,,0.302183032,5.0,
30,198,30-198,Leaf,,,,,1.2737335,17.0,
30,199,30-199,Leaf,,,,,-0.0241729748,1.0,
30,200,30-200,Leaf,,,,,0.425834417,6.0,
30,201,30-201,Leaf,,,,,0.335970044,2.0,
30,202,30-202,Leaf,,,,,1.65884137,28.0,
31,0,31-0,manggarai_air_lag2,620.0,31-1,31-2,31-2,41869.9648,27275.0,
31,1,31-1,depok_air_lag7,20.0,31-3,31-4,31-4,8695.65234,11072.0,
31,2,31-2,depok_air_lag7,120.0,31-5,31-6,31-6,17454.9102,16203.0,
31,3,31-3,hour_sin,-0.258819044,31-7,31-8,31-8,9883.34277,3.0,
31,4,31-4,depok_air_lag7,92.5,31-9,31-10,31-10,5679.45117,11069.0,
31,5,31-5,manggarai_cuaca_lag1_hujan,1.0,31-11,31-12,31-12,5142.7207,12911.0,
31,6,31-6,depok_air_lag6,150.0,31-13,31-14,31-14,5616.53516,3292.0,
31,7,31-7,time_index,157.0,31-15,31-16,31-16,36.1213074,2.0,
31,8,31-8,Leaf,,,,,-9.77252865,1.0,
31,9,31-9,manggarai_air_lag12,585.0,31-17,31-18,31-18,3424.39258,9234.0,
31,10,31-10,depok_air_lag16,92.5,31-19,31-20,31-20,3088.07666,1835.0,
31,11,31-11,manggarai_air_lag14,635.0,31-21,31-22,31-22,4678.60254,12185.0,
31,12,31-12,manggarai_air_lag9,675.0,31-23,31-24,31-24,4327.45947,726.0,
31,13,31-13,time_index,24035.0,31-25,31-26,31-26,3885.02246,2507.0,
31,14,31-14,depok_air_lag6,210.0,31-27,31-28,31-28,1978.39062,785.0,
31,15,31-15,Leaf,,,,,-0.219512939,1.0,
31,16,31-16,Leaf,,,,,0.389453143,1.0,
31,17,31-17,time_index,157.0,31-29,31-30,31-30,990.339844,2689.0,
31,18,31-18,manggarai_cuaca_lag12_hujan,1.0,31-31,31-32,31-32,2739.00391,6545.0,
31,19,31-19,depok_air_lag10,80.0,31-33,31-34,31-34,2052.50171,660.0,
31,20,31-20,depok_air_lag7,180.0,31-35,31-36,31-36,1188.36975,1175.0,
31,21,31-21,katulampa_air_lag4,29.0,31-37,31-38,31-38,2716.4165,3247.0,
31,22,31-22,depok_cuaca_lag5_hujan,1.0,31-39,31-40,31-40,2928.55176,8938.0,
31,23,31-23,manggarai_air_lag5,598.0,31-41,31-42,31-42,1554.97192,612.0,
31,24,31-24,dayofyear_cos,-0.75440383,31-43,31-44,31-44,4168.01855,114.0,
31,25,31-25,dayofyear_cos,0.0354725569,31-45,31-46,31-46,1689.90039,1797.0,
31,26,31-26,depok_air_lag20,205.0,31-47,31-48,31-48,2465.69727,710.0,
31,27,31-27,time_index,18731.0,31-49,31-50,31-50,1775.07422,687.0,
31,28,31-28,katulampa_air_lag4,56.0,31-51,31-52,31-52,506.510742,98.0,
31,29,31-29,depok_air_lag3,96.0,31-53,31-54,31-54,10928.2461,25.0,
31,30,31-30,dayofyear_cos,-0.983342946,31-55,31-56,31-56,953.746094,2664.0,
31,31,31-31,depok_cuaca_lag2_hujan,1.0,31-57,31-58,31-58,2870.9502,6413.0,
31,32,31-32,depok_air_lag14,102.5,31-59,31-60,31-60,68047.8438,132.0,
31,33,31-33,manggarai_air_lag21,625.0,31-61,31-62,31-62,484.127686,82.0,
31,34,31-34,depok_air_lag6,125.0,31-63,31-64,31-64,1241.93994,578.0,
31,35,31-35,manggarai_cuaca_lag1_hujan,1.0,31-65,31-66,31-66,794.678345,1166.0,
31,36,31-36,hour_sin,1.0,31-67,31-68,31-68,169.643921,9.0,
31,37,31-37,depok_air_lag14,130.0,31-69,31-70,31-70,1389.25073,2957.0,
31,38,31-38,manggarai_air_lag21,700.0,31-71,31-72,31-72,1994.21765,290.0,
31,39,31-39,time_index,20983.0,31-73,31-74,31-74,2744.75635,8326.0,
31,40,31-40,depok_air_lag6,155.0,31-75,31-76,31-76,1146.80908,612.0,
31,41,31-41,depok_air_lag7,86.0,31-77,31-78,31-78,1218.87256,23.0,
31,42,31-42,depok_air_lag6,111.0,31-79,31-80,31-80,1208.50366,589.0,
31,43,31-43,depok_air_lag23,145.0,31-81,31-82,31-82,1683.40649,14.0,
31,44,31-44,manggarai_air_lag12,620.0,31-83,31-84,31-84,3072.44629,100.0,
31,45,31-45,manggarai_cuaca_lag1_hujan,1.0,31-85,31-86,31-86,1806.69141,513.0,
31,46,31-46,katulampa_air_lag19,110.0,31-87,31-88,31-88,1887.78223,1284.0,
31,47,31-47,depok_air_lag7,160.0,31-89,31-90,31-90,2464.11865,695.0,
31,48,31-48,manggarai_air_lag7,715.0,31-91,31-92,31-92,18618.4961,15.0,
31,49,31-49,manggarai_air_lag3,612.5,31-93,31-94,31-94,916.314453,319.0,
31,50,31-50,manggarai_air_lag5,750.0,31-95,31-96,31-96,1152.57666,368.0,
31,51,31-51,hour_sin,0.707106769,31-97,31-98,31-98,647.666504,54.0,
31,52,31-52,depok_air_lag20,137.5,31-99,31-100,31-100,414.782959,44.0,
31,53,31-53,depok_air_lag3,92.5,31-101,31-102,31-102,682.655457,23.0,
31,54,31-54,hour_sin,0.707106769,31-103,31-104,31-104,6080.79297,2.0,
31,55,31-55,manggarai_air_lag15,586.0,31-105,31-106,31-106,13919.377,34.0,
31,56,31-56,manggarai_air_lag3,555.0,31-107,31-108,31-108,749.904297,2630.0,
31,57,31-57,manggarai_air_lag20,20.0,31-109,31-110,31-110,1980.25488,6168.0,
31,58,31-58,manggarai_air_lag17,645.0,31-111,31-112,31-112,1847.37256,245.0,
31,59,31-59,depok_cuaca_lag2_hujan,1.0,31-113,31-114,31-114,19630.7988,131.0,
31,60,31-60,Leaf,,,,,-18.887125,1.0,
31,61,31-61,dayofyear_sin,-0.760720074,31-115,31-116,31-116,258.605774,79.0,
31,62,31-62,time_index,2813.0,31-117,31-118,31-118,9.80291748,3.0,
31,63,31-63,depok_air_lag10,102.5,31-119,31-120,31-120,1023.93152,495.0,
31,64,31-64,depok_air_lag20,92.5,31-121,31-122,31-122,1588.76245,83.0,
31,65,31-65,katulampa_air_lag4,90.0,31-123,31-124,31-124,1010.33765,1104.0,
31,66,31-66,manggarai_air_lag9,651.0,31-125,31-126,31-126,1863.11816,62.0,
31,67,31-67,Leaf,,,,,1.15023673,8.0,
31,68,31-68,Leaf,,,,,-0.116848759,1.0,
31,69,31-69,depok_air_lag6,92.5,31-127,31-128,31-128,1588.25085,2697.0,
31,70,31-70,manggarai_air_lag3,550.0,31-129,31-130,31-130,3013.1687,260.0,
31,71,31-71,manggarai_air_lag7,607.5,31-131,31-132,31-132,1340.80225,285.0,
31,72,31-72,time_index,3077.0,31-133,31-134,31-134,2217.21655,5.0,
31,73,31-73,depok_air_lag23,190.0,31-135,31-136,31-136,1623.44177,3175.0,
31,74,31-74,depok_air_lag6,130.0,31-137,31-138,31-138,2629.14893,5151.0,
31,75,31-75,depok_air_lag24,150.0,31-139,31-140,31-140,888.459473,606.0,
31,76,31-76,hour_sin,1.22464685e-16,31-141,31-142,31-142,611.014771,6.0,
31,77,31-77,manggarai_air_lag12,602.5,31-143,31-144,31-144,735.631958,20.0,
31,78,31-78,hour_sin,-0.866025388,31-145,31-146,31-146,71.2167664,3.0,
31,79,31-79,manggarai_air_lag21,612.5,31-147,31-148,31-148,937.641846,551.0,
31,80,31-80,hour_sin,-0.707106769,31-149,31-150,31-150,1967.50098,38.0,
31,81,31-81,katulampa_air_lag21,15.0,31-151,31-152,31-152,182.792114,13.0,
31,82,31-82,Leaf,,,,,-3.40176392,1.0,
31,83,31-83,manggarai_air_lag2,625.0,31-153,31-154,31-154,256.808105,3.0,
31,84,31-84,dayofyear_cos,0.354450226,31-155,31-156,31-156,2824.98242,97.0,
31,85,31-85,depok_cuaca_lag7_hujan,1.0,31-157,31-158,31-158,516.59082,503.0,
31,86,31-86,manggarai_air_lag6,625.0,31-159,31-160,31-160,1668.10229,10.0,
31,87,31-87,depok_cuaca_lag2_hujan,1.0,31-161,31-162,31-162,1619.1416,1277.0,
31,88,31-88,manggarai_air_lag5,755.0,31-163,31-164,31-164,9966.23926,7.0,
31,89,31-89,time_index,30412.0,31-165,31-166,31-166,1071.03833,681.0,
31,90,31-90,dayofyear_sin,0.911168635,31-167,31-168,31-168,23427.916,14.0,
31,91,31-91,Leaf,,,,,-10.2057495,1.0,
31,92,31-92,depok_air_lag9,135.0,31-169,31-170,31-170,325.984161,14.0,
31,93,31-93,time_index,7593.0,31-171,31-172,31-172,2248.20557,10.0,
31,94,31-94,dayofyear_cos,-0.950456679,31-173,31-174,31-174,779.298828,309.0,
31,95,31-95,katulampa_air_lag14,65.0,31-175,31-176,31-176,645.188232,308.0,
31,96,31-96,depok_cuaca_lag2_hujan,1.0,31-177,31-178,31-178,1755.93872,60.0,
31,97,31-97,manggarai_air_lag12,705.0,31-179,31-180,31-180,75.0680237,13.0,
31,98,31-98,manggarai_air_lag3,550.0,31-181,31-182,31-182,420.223633,41.0,
31,99,31-99,depok_air_lag9,125.0,31-183,31-184,31-184,381.555481,29.0,
31,100,31-100,depok_air_lag23,185.0,31-185,31-186,31-186,215.600952,15.0,
31,101,31-101,Leaf,,,,,-0.322097778,21.0,
31,102,31-102,Leaf,,,,,1.28798628,2.0,
31,103,31-103,Leaf,,,,,-0.0948944092,1.0,
31,104,31-104,Leaf,,,,,-9.74169445,1.0,
31,105,31-105,Leaf,,,,,0.0344738364,30.0,
31,106,31-106,Leaf,,,,,-5.66339731,4.0,
31,107,31-107,Leaf,,,,,-0.798487306,24.0,
31,108,31-108,Leaf,,,,,-0.24586986,2606.0,
31,109,31-109,Leaf,,,,,3.0132966,1.0,
31,110,31-110,Leaf,,,,,-0.135274738,6167.0,
31,111,31-111,Leaf,,,,,0.125570521,223.0,
31,112,31-112,Leaf,,,,,1.06783795,22.0,
31,113,31-113,Leaf,,,,,-0.00912388414,125.0,
31,114,31-114,Leaf,,,,,-5.45111513,6.0,
31,115,31-115,Leaf,,,,,-0.500928044,39.0,
31,116,31-116,Leaf,,,,,-0.136598766,40.0,
31,117,31-117,Leaf,,,,,0.941882312,2.0,
31,118,31-118,Leaf,,,,,0.217523202,1.0,
31,119,31-119,Leaf,,,,,0.127398267,392.0,
31,120,31-120,Leaf,,,,,0.480956376,103.0,
31,121,31-121,Leaf,,,,,0.417207539,70.0,
31,122,31-122,Leaf,,,,,1.59659374,13.0,
31,123,31-123,Leaf,,,,,-0.109795012,1099.0,
31,124,31-124,Leaf,,,,,1.19206953,5.0,
31,125,31-125,Leaf,,,,,0.161295548,61.0,
31,126,31-126,Leaf,,,,,3.26791692,1.0,
31,127,31-127,Leaf,,,,,-0.160812065,1050.0,
31,128,31-128,Leaf,,,,,-0.0034723375,1647.0,
31,129,31-129,Leaf,,,,,-4.17790222,1.0,
31,130,31-130,Leaf,,,,,-0.275484055,259.0,
31,131,31-131,Leaf,,,,,0.893092155,30.0,
31,132,31-132,Leaf,,,,,0.194849566,255.0,
31,133,31-133,Leaf,,,,,-4.29424429,1.0,
31,134,31-134,Leaf,,,,,-0.170419917,4.0,
31,135,31-135,Leaf,,,,,0.00368354213,3119.0,
31,136,31-136,Leaf,,,,,-0.534849942,56.0,
31,137,31-137,Leaf,,,,,0.120825134,5078.0,
31,138,31-138,Leaf,,,,,-0.479707628,73.0,
31,139,31-139,Leaf,,,,,0.236343727,543.0,
31,140,31-140,Leaf,,,,,0.631951511,63.0,
31,141,31-141,Leaf,,,,,1.96122444,5.0,
31,142,31-142,Leaf,,,,,-0.386618048,1.0,
31,143,31-143,Leaf,,,,,-0.495520741,16.0,
31,144,31-144,Leaf,,,,,-1.94053352,4.0,
31,145,31-145,Leaf,,,,,1.55057371,1.0,
31,146,31-146,Leaf,,,,,0.388037115,2.0,
31,147,31-147,Leaf,,,,,0.576527297,60.0,
31,148,31-148,Leaf,,,,,0.15993163,491.0,
31,149,31-149,Leaf,,,,,2.64767218,4.0,
31,150,31-150,Leaf,,,,,0.494996876,34.0,
31,151,31-151,Leaf,,,,,-0.951544225,2.0,
31,152,31-152,Leaf,,,,,-0.0640319809,11.0,
31,153,31-153,Leaf,,,,,1.00560915,1.0,
31,154,31-154,Leaf,,,,,4.48523569,2.0,
31,155,31-155,Leaf,,,,,1.5569756,45.0,
31,156,31-156,Leaf,,,,,0.46791473,52.0,
31,157,31-157,Leaf,,,,,0.411122948,448.0,
31,158,31-158,Leaf,,,,,0.739427984,55.0,
31,159,31-159,Leaf,,,,,3.81367373,2.0,
31,160,31-160,Leaf,,,,,0.870144308,8.0,
31,161,31-161,Leaf,,,,,0.23709552,1171.0,
31,162,31-162,Leaf,,,,,0.644388258,106.0,
31,163,31-163,Leaf,,,,,-7.40132761,1.0,
31,164,31-164,Leaf,,,,,0.660543382,6.0,
31,165,31-165,Leaf,,,,,0.025019167,491.0,
31,166,31-166,Leaf,,,,,0.304163784,190.0,
31,167,31-167,Leaf,,,,,0.332316369,13.0,
31,168,31-168,Leaf,,,,,-11.2709503,1.0,
31,169,31-169,Leaf,,,,,-0.356517047,7.0,
31,170,31-170,Leaf,,,,,0.547581494,7.0,
31,171,31-171,Leaf,,,,,0.55605197,8.0,
31,172,31-172,Leaf,,,,,-2.6092062,2.0,
31,173,31-173,Leaf,,,,,1.50599515,11.0,
31,174,31-174,Leaf,,,,,0.659176052,298.0,
31,175,31-175,Leaf,,,,,0.298091233,288.0,
31,176,31-176,Leaf,,,,,-0.278965831,20.0,
31,177,31-177,Leaf,,,,,0.489049494,51.0,
31,178,31-178,Leaf,,,,,1.95788765,9.0,
31,179,31-179,Leaf,,,,,0.581441581,12.0,
31,180,31-180,Leaf,,,,,-0.177285776,1.0,
31,181,31-181,Leaf,,,,,-0.352462769,1.0,
31,182,31-182,Leaf,,,,,1.43031585,40.0,
31,183,31-183,Leaf,,,,,1.04086912,7.0,
31,184,31-184,Leaf,,,,,0.219157606,22.0,
31,185,31-185,Leaf,,,,,1.33050954,11.0,
31,186,31-186,Leaf,,,,,0.361051053,4.0,
32,0,32-0,manggarai_air_lag1,645.0,32-1,32-2,32-2,46222.3633,27151.0,
32,1,32-1,manggarai_air_lag1,607.5,32-3,32-4,32-4,7177.11133,16959.0,
32,2,32-2,manggarai_air_lag1,675.0,32-5,32-6,32-6,14601.4395,10192.0,
32,3,32-3,manggarai_air_lag20,20.0,32-7,32-8,32-8,5076.11523,9195.0,
32,4,32-4,time_index,4009.0,32-9,32-10,32-10,3332.47314,7764.0,
32,5,32-5,manggarai_air_lag2,645.0,32-11,32-12,32-12,4225.42188,6748.0,
32,6,32-6,manggarai_air_lag1,760.0,32-13,32-14,32-14,4766.41016,3444.0,
32,7,32-7,time_index,289.0,32-15,32-16,32-16,13379.4043,2.0,
32,8,32-8,manggarai_air_lag1,508.0,32-17,32-18,32-18,1889.02734,9193.0,
32,9,32-9,manggarai_air_lag4,598.0,32-19,32-20,32-20,14854.9141,935.0,
32,10,32-10,manggarai_air_lag2,694.0,32-21,32-22,32-22,2753.80859,6829.0,
32,11,32-11,hour_sin,1.22464685e-16,32-23,32-24,32-24,1983.38281,294.0,
32,12,32-12,katulampa_air_lag4,80.0,32-25,32-26,32-26,1815.39819,6454.0,
32,13,32-13,depok_cuaca_lag6_hujan,1.0,32-27,32-28,32-28,3343.07422,3148.0,
32,14,32-14,depok_air_lag8,255.0,32-29,32-30,32-30,724.446289,296.0,
32,15,32-15,Leaf,,,,,-9.28390217,1.0,
32,16,32-16,Leaf,,,,,2.86263132,1.0,
32,17,32-17,depok_cuaca_lag7_hujan,1.0,32-31,32-32,32-32,755.776855,25.0,
32,18,32-18,manggarai_air_lag1,585.0,32-33,32-34,32-34,2082.19922,9168.0,
32,19,32-19,katulampa_air_lag21,15.0,32-35,32-36,32-36,51613.8008,51.0,
32,20,32-20,depok_air_lag6,86.0,32-37,32-38,32-38,1423.66211,884.0,
32,21,32-21,depok_air_lag6,210.0,32-39,32-40,32-40,2512.31323,6827.0,
32,22,32-22,Leaf,,,,,3.01695561,2.0,
32,23,32-23,manggarai_air_lag4,602.5,32-41,32-42,32-42,1504.57031,109.0,
32,24,32-24,depok_air_lag7,160.0,32-43,32-44,32-44,684.50708,185.0,
32,25,32-25,manggarai_air_lag2,680.0,32-45,32-46,32-46,1781.78467,6427.0,
32,26,32-26,katulampa_air_lag3,35.0,32-47,32-48,32-48,64870.9961,27.0,
32,27,32-27,manggarai_cuaca_lag1_hujan,1.0,32-49,32-50,32-50,1880.52734,2757.0,
32,28,32-28,manggarai_air_lag4,675.0,32-51,32-52,32-52,1109.26367,391.0,
32,29,32-29,manggarai_cuaca_lag1_hujan,1.0,32-53,32-54,32-54,463.176758,275.0,
32,30,32-30,depok_air_lag9,300.0,32-55,32-56,32-56,381.753662,21.0,
32,31,32-31,manggarai_air_lag12,592.5,32-57,32-58,32-58,142.48175,23.0,
32,32,32-32,Leaf,,,,,2.20146489,2.0,
32,33,32-33,depok_air_lag9,102.5,32-59,32-60,32-60,1372.34375,2951.0,
32,34,32-34,hour_sin,0.0,32-61,32-62,32-62,1234.93066,6217.0,
32,35,32-35,hour_sin,-0.866025388,32-63,32-64,32-64,22235.8516,49.0,
32,36,32-36,hour_sin,-0.965925813,32-65,32-66,32-66,30848.9336,2.0,
32,37,32-37,katulampa_air_lag21,29.0,32-67,32-68,32-68,5487.58301,172.0,
32,38,32-38,depok_air_lag24,102.5,32-69,32-70,32-70,1379.5332,712.0,
32,39,32-39,manggarai_air_lag4,607.5,32-71,32-72,32-72,2239.83423,6820.0,
32,40,32-40,katulampa_air_lag19,15.0,32-73,32-74,32-74,379.792969,7.0,
32,41,32-41,depok_air_lag6,92.5,32-75,32-76,32-76,1238.6958,12.0,
32,42,32-42,hour_sin,-0.866025388,32-77,32-78,32-78,909.612793,97.0,
32,43,32-43,manggarai_air_lag20,650.0,32-79,32-80,32-80,901.836487,162.0,
32,44,32-44,manggarai_air_lag1,658.0,32-81,32-82,32-82,293.860962,23.0,
32,45,32-45,depok_cuaca_lag22_hujan,1.0,32-83,32-84,32-84,1518.60498,6244.0,
32,46,32-46,manggarai_air_lag4,630.0,32-85,32-86,32-86,1559.61902,183.0,
32,47,32-47,Leaf,,,,,-18.1029911,1.0,
32,48,32-48,manggarai_air_lag1,665.0,32-87,32-88,32-88,1208.12073,26.0,
32,49,32-49,hour_cos,-0.258819044,32-89,32-90,32-90,1581.89746,2572.0,
32,50,32-50,hour_sin,0.0,32-91,32-92,32-92,3108.79834,185.0,
32,51,32-51,depok_air_lag7,190.0,32-93,32-94,32-94,2227.03418,136.0,
32,52,32-52,manggarai_air_lag7,650.0,32-95,32-96,32-96,753.710938,255.0,
32,53,32-53,depok_air_lag9,106.0,32-97,32-98,32-98,713.966797,231.0,
32,54,32-54,manggarai_air_lag20,640.0,32-99,32-100,32-100,809.945312,44.0,
32,55,32-55,hour_cos,0.5,32-101,32-102,32-102,42.6369629,12.0,
32,56,32-56,manggarai_air_lag1,790.0,32-103,32-104,32-104,98.0509949,9.0,
32,57,32-57,Leaf,,,,,0.859593868,6.0,
32,58,32-58,dayofyear_cos,0.293433964,32-105,32-106,32-106,102.23645,17.0,
32,59,32-59,manggarai_air_lag2,625.0,32-107,32-108,32-108,1333.4707,2925.0,
32,60,32-60,manggarai_air_lag15,565.0,32-109,32-110,32-110,346.796692,26.0,
32,61,32-61,depok_air_lag6,137.5,32-111,32-112,32-112,836.751465,2898.0,
32,62,32-62,time_index,24567.0,32-113,32-114,32-114,2990.68555,3319.0,
32,63,32-63,time_index,2945.0,32-115,32-116,32-116,38819.418,4.0,
32,64,32-64,manggarai_air_lag6,570.0,32-117,32-118,32-118,21755.5,45.0,
32,65,32-65,Leaf,,,,,-0.130487069,1.0,
32,66,32-66,Leaf,,,,,-21.7734127,1.0,
32,67,32-67,katulampa_cuaca_lag18_hujan,1.0,32-119,32-120,32-120,177.055969,157.0,
32,68,32-68,hour_cos,-0.707106769,32-121,32-122,32-122,57088.2383,15.0,
32,69,32-69,manggarai_cuaca_lag1_hujan,1.0,32-123,32-124,32-124,1208.78345,389.0,
32,70,32-70,manggarai_air_lag2,645.0,32-125,32-126,32-126,572.963379,323.0,
32,71,32-71,depok_air_lag3,210.0,32-127,32-128,32-128,1079.11353,344.0,
32,72,32-72,hour_sin,0.5,32-129,32-130,32-130,1698.42188,6476.0,
32,73,32-73,Leaf,,,,,2.7682333,2.0,
32,74,32-74,Leaf,,,,,0.959378064,5.0,
32,75,32-75,manggarai_air_lag14,586.0,32-131,32-132,32-132,1968.94238,7.0,
32,76,32-76,dayofyear_cos,0.957542956,32-133,32-134,32-134,533.840332,5.0,
32,77,32-77,manggarai_air_lag20,675.0,32-135,32-136,32-136,287.184875,25.0,
32,78,32-78,depok_air_lag14,111.0,32-137,32-138,32-138,751.648438,72.0,
32,79,32-79,katulampa_air_lag4,35.0,32-139,32-140,32-140,579.595215,108.0,
32,80,32-80,manggarai_air_lag4,607.5,32-141,32-142,32-142,1631.48181,54.0,
32,81,32-81,depok_cuaca_lag9_hujan,1.0,32-143,32-144,32-144,80.5211182,10.0,
32,82,32-82,depok_air_lag7,180.0,32-145,32-146,32-146,65.5955811,13.0,
32,83,32-83,depok_air_lag8,170.0,32-147,32-148,32-148,1467.93311,5696.0,
32,84,32-84,depok_air_lag23,185.0,32-149,32-150,32-150,18693.6562,548.0,
32,85,32-85,manggarai_air_lag2,685.0,32-151,32-152,32-152,486.559326,7.0,
32,86,32-86,hour_cos,1.0,32-153,32-154,32-154,1223.77368,176.0,
32,87,32-87,time_index,22843.0,32-155,32-156,32-156,219.283936,12.0,
32,88,32-88,time_index,3077.0,32-157,32-158,32-158,362.375427,14.0,
32,89,32-89,manggarai_cuaca_lag4_hujan,1.0,32-159,32-160,32-160,1747.33374,1155.0,
32,90,32-90,depok_air_lag7,106.0,32-161,32-162,32-162,1233.97363,1417.0,
32,91,32-91,manggarai_air_lag1,685.0,32-163,32-164,32-164,3077.4873,98.0,
32,92,32-92,hour_cos,-0.866025388,32-165,32-166,32-166,3165.56714,87.0,
32,93,32-93,depok_air_lag9,120.0,32-167,32-168,32-168,1008.79004,130.0,
32,94,32-94,dayofyear_sin,-0.526754737,32-169,32-170,32-170,1254.10986,6.0,
32,95,32-95,manggarai_air_lag4,750.0,32-171,32-172,32-172,1283.29065,31.0,
32,96,32-96,depok_air_lag14,80.0,32-173,32-174,32-174,531.221191,224.0,
32,97,32-97,time_index,12769.0,32-175,32-176,32-176,893.329346,6.0,
32,98,32-98,depok_air_lag9,111.0,32-177,32-178,32-178,870.619141,225.0,
32,99,32-99,time_index,557.0,32-179,32-180,32-180,405.020691,16.0,
32,100,32-100,katulampa_air_lag5,75.0,32-181,32-182,32-182,825.738281,28.0,
32,101,32-101,Leaf,,,,,1.72043061,11.0,
32,102,32-102,Leaf,,,,,0.407150269,1.0,
32,103,32-103,Leaf,,,,,0.223020032,4.0,
32,104,32-104,Leaf,,,,,0.937903881,5.0,
32,105,32-105,Leaf,,,,,0.480105311,10.0,
32,106,32-106,Leaf,,,,,-0.00768356351,7.0,
32,107,32-107,Leaf,,,,,-0.2410862,2922.0,
32,108,32-108,Leaf,,,,,-2.07223201,3.0,
32,109,32-109,Leaf,,,,,-0.320949703,4.0,
32,110,32-110,Leaf,,,,,0.626218021,22.0,
32,111,32-111,Leaf,,,,,-0.089084737,2896.0,
32,112,32-112,Leaf,,,,,1.58262336,2.0,
32,113,32-113,Leaf,,,,,-0.131236941,2700.0,
32,114,32-114,Leaf,,,,,-0.374899268,619.0,
32,115,32-115,Leaf,,,,,-0.140727237,3.0,
32,116,32-116,Leaf,,,,,-18.1742191,1.0,
32,117,32-117,Leaf,,,,,-10.5440245,1.0,
32,118,32-118,Leaf,,,,,0.117696129,44.0,
32,119,32-119,Leaf,,,,,-0.223433852,145.0,
32,120,32-120,Leaf,,,,,0.165692613,12.0,
32,121,32-121,Leaf,,,,,-17.94277,1.0,
32,122,32-122,Leaf,,,,,0.111029461,14.0,
32,123,32-123,Leaf,,,,,0.0247172266,363.0,
32,124,32-124,Leaf,,,,,0.718342662,26.0,
32,125,32-125,Leaf,,,,,-0.164076492,295.0,
32,126,32-126,Leaf,,,,,-0.631557882,28.0,
32,127,32-127,Leaf,,,,,0.248622045,342.0,
32,128,32-128,Leaf,,,,,-1.66100252,2.0,
32,129,32-129,Leaf,,,,,0.00793775357,4279.0,
32,130,32-130,Leaf,,,,,-0.100210153,2197.0,
32,131,32-131,Leaf,,,,,2.80362964,2.0,
32,132,32-132,Leaf,,,,,-0.375671387,5.0,
32,133,32-133,Leaf,,,,,3.32263422,4.0,
32,134,32-134,Leaf,,,,,0.36466369,1.0,
32,135,32-135,Leaf,,,,,0.225546524,23.0,
32,136,32-136,Leaf,,,,,-0.81447953,2.0,
32,137,32-137,Leaf,,,,,0.668242574,62.0,
32,138,32-138,Leaf,,,,,1.60266495,10.0,
32,139,32-139,Leaf,,,,,0.268065214,101.0,
32,140,32-140,Leaf,,,,,1.16047752,7.0,
32,141,32-141,Leaf,,,,,-1.71794534,5.0,
32,142,32-142,Leaf,,,,,0.0285404064,49.0,
32,143,32-143,Leaf,,,,,1.32841718,7.0,
32,144,32-144,Leaf,,,,,0.465269476,3.0,
32,145,32-145,Leaf,,,,,0.143791959,7.0,
32,146,32-146,Leaf,,,,,0.604977846,6.0,
32,147,32-147,Leaf,,,,,0.0901161954,5683.0,
32,148,32-148,Leaf,,,,,-0.935386479,13.0,
32,149,32-149,Leaf,,,,,-0.0251788404,543.0,
32,150,32-150,Leaf,,,,,-5.63775301,5.0,
32,151,32-151,Leaf,,,,,-0.433529675,3.0,
32,152,32-152,Leaf,,,,,-2.2298975,4.0,
32,153,32-153,Leaf,,,,,-0.219091967,173.0,
32,154,32-154,Leaf,,,,,1.55235755,3.0,
32,155,32-155,Leaf,,,,,0.661257505,6.0,
32,156,32-156,Leaf,,,,,1.68614507,6.0,
32,157,32-157,Leaf,,,,,-1.05698049,2.0,
32,158,32-158,Leaf,,,,,0.163083598,12.0,
32,159,32-159,Leaf,,,,,0.166408166,1122.0,
32,160,32-160,Leaf,,,,,-0.561684549,33.0,
32,161,32-161,Leaf,,,,,0.130038604,321.0,
32,162,32-162,Leaf,,,,,0.353509814,1096.0,
32,163,32-163,Leaf,,,,,0.0964656696,30.0,
32,164,32-164,Leaf,,,,,1.31306565,68.0,
32,165,32-165,Leaf,,,,,-1.55369747,9.0,
32,166,32-166,Leaf,,,,,0.335216135,78.0,
32,167,32-167,Leaf,,,,,1.07965577,88.0,
32,168,32-168,Leaf,,,,,0.467384398,42.0,
32,169,32-169,Leaf,,,,,0.152723387,4.0,
32,170,32-170,Leaf,,,,,-2.51698208,2.0,
32,171,32-171,Leaf,,,,,0.273902953,26.0,
32,172,32-172,Leaf,,,,,-1.34294438,5.0,
32,173,32-173,Leaf,,,,,-1.15841675,1.0,
32,174,32-174,Leaf,,,,,0.517204165,223.0,
32,175,32-175,Leaf,,,,,0.248685718,5.0,
32,176,32-176,Leaf,,,,,-2.21260381,1.0,
32,177,32-177,Leaf,,,,,1.84475315,5.0,
32,178,32-178,Leaf,,,,,0.596341848,220.0,
32,179,32-179,Leaf,,,,,-1.01301885,1.0,
32,180,32-180,Leaf,,,,,0.520339191,15.0,
32,181,32-181,Leaf,,,,,1.4361223,26.0,
32,182,32-182,Leaf,,,,,-0.474947125,2.0,
33,0,33-0,manggarai_air_lag1,650.0,33-1,33-2,33-2,33043.2461,27120.0,
33,1,33-1,manggarai_air_lag1,607.5,33-3,33-4,33-4,6914.375,17545.0,
33,2,33-2,manggarai_air_lag1,705.0,33-5,33-6,33-6,10864.3086,9575.0,
33,3,33-3,manggarai_air_lag20,20.0,33-7,33-8,33-8,4626.97266,9171.0,
33,4,33-4,depok_air_lag6,210.0,33-9,33-10,33-10,3004.98682,8374.0,
33,5,33-5,manggarai_air_lag2,650.0,33-11,33-12,33-12,3289.5,8264.0,
33,6,33-6,manggarai_cuaca_lag1_hujan,1.0,33-13,33-14,33-14,2916.21289,1311.0,
33,7,33-7,time_index,289.0,33-15,33-16,33-16,12074.9141,2.0,
33,8,33-8,manggarai_air_lag1,508.0,33-17,33-18,33-18,2017.98047,9169.0,
33,9,33-9,depok_cuaca_lag4_hujan,1.0,33-19,33-20,33-20,2215.2644,8365.0,
33,10,33-10,katulampa_air_lag3,35.0,33-21,33-22,33-22,209.089111,9.0,
33,11,33-11,dayofyear_sin,0.994109869,33-23,33-24,33-24,3320.30957,360.0,
33,12,33-12,manggarai_air_lag1,670.0,33-25,33-26,33-26,2088.41748,7904.0,
33,13,33-13,depok_air_lag9,210.0,33-27,33-28,33-28,1961.86621,1176.0,
33,14,33-14,hour_sin,0.0,33-29,33-30,33-30,2393.92285,135.0,
33,15,33-15,Leaf,,,,,-8.81970692,1.0,
33,16,33-16,Leaf,,,,,2.71950078,1.0,
33,17,33-17,manggarai_air_lag15,607.5,33-31,33-32,33-32,327.783081,26.0,
33,18,33-18,manggarai_air_lag1,575.0,33-33,33-34,33-34,2188.91406,9143.0,
33,19,33-19,depok_air_lag8,150.0,33-35,33-36,33-36,1905.21387,7770.0,
33,20,33-20,depok_air_lag24,190.0,33-37,33-38,33-38,6000.63525,595.0,
33,21,33-21,Leaf,,,,,0.840651929,4.0,
33,22,33-22,depok_air_lag3,165.0,33-39,33-40,33-40,273.04541,5.0,
33,23,33-23,depok_cuaca_lag6_hujan,1.0,33-41,33-42,33-42,2377.14648,355.0,
33,24,33-24,hour_sin,-0.866025388,33-43,33-44,33-44,1334.45898,5.0,
33,25,33-25,depok_air_lag23,190.0,33-45,33-46,33-46,1641.28809,5148.0,
33,26,33-26,katulampa_air_lag14,45.0,33-47,33-48,33-48,1828.7876,2756.0,
33,27,33-27,depok_air_lag14,145.0,33-49,33-50,33-50,1645.81055,1069.0,
33,28,33-28,manggarai_air_lag1,710.0,33-51,33-52,33-52,511.861328,107.0,
33,29,33-29,depok_cuaca_lag2_hujan,1.0,33-53,33-54,33-54,3707.9043,61.0,
33,30,33-30,dayofyear_sin,0.487847149,33-55,33-56,33-56,625.625366,74.0,
33,31,33-31,depok_cuaca_lag4_hujan,1.0,33-57,33-58,33-58,313.828491,13.0,
33,32,33-32,manggarai_air_lag20,690.0,33-59,33-60,33-60,239.479752,13.0,
33,33,33-33,depok_air_lag9,125.0,33-61,33-62,33-62,854.09668,1798.0,
33,34,33-34,manggarai_air_lag2,645.0,33-63,33-64,33-64,1166.06445,7345.0,
33,35,33-35,manggarai_air_lag2,650.0,33-65,33-66,33-66,1824.35046,7729.0,
33,36,33-36,depok_air_lag9,137.5,33-67,33-68,33-68,1645.2843,41.0,
33,37,33-37,manggarai_air_lag7,602.5,33-69,33-70,33-70,1382.58521,587.0,
33,38,33-38,manggarai_air_lag5,625.0,33-71,33-72,33-72,12160.6953,8.0,
33,39,33-39,Leaf,,,,,2.70496821,3.0,
33,40,33-40,Leaf,,,,,0.721459985,2.0,
33,41,33-41,hour_cos,0.965925813,33-73,33-74,33-74,2458.56494,285.0,
33,42,33-42,hour_sin,1.22464685e-16,33-75,33-76,33-76,1208.18701,70.0,
33,43,33-43,Leaf,,,,,4.29151011,2.0,
33,44,33-44,dayofyear_cos,0.0741174221,33-77,33-78,33-78,88.1602173,3.0,
33,45,33-45,depok_air_lag8,170.0,33-79,33-80,33-80,1473.10364,5112.0,
33,46,33-46,manggarai_cuaca_lag12_hujan,1.0,33-81,33-82,33-82,54356.7461,36.0,
33,47,33-47,manggarai_air_lag2,670.0,33-83,33-84,33-84,1688.41016,2374.0,
33,48,33-48,manggarai_cuaca_lag4_hujan,1.0,33-85,33-86,33-86,5839.73682,382.0,
33,49,33-49,depok_air_lag6,106.0,33-87,33-88,33-88,1392.04004,723.0,
33,50,33-50,dayofyear_cos,-0.364483029,33-89,33-90,33-90,1354.42383,346.0,
33,51,33-51,Leaf,,,,,2.44258118,1.0,
33,52,33-52,dayofyear_sin,-0.978988886,33-91,33-92,33-92,371.93457,106.0,
33,53,33-53,manggarai_air_lag5,750.0,33-93,33-94,33-94,1256.87891,29.0,
33,54,33-54,depok_air_lag9,125.0,33-95,33-96,33-96,1880.35278,32.0,
33,55,33-55,manggarai_air_lag14,620.0,33-97,33-98,33-98,580.523193,34.0,
33,56,33-56,manggarai_air_lag2,765.0,33-99,33-100,33-100,1602.65747,40.0,
33,57,33-57,Leaf,,,,,0.731574476,11.0,
33,58,33-58,Leaf,,,,,2.05469966,2.0,
33,59,33-59,dayofyear_cos,-0.170117676,33-101,33-102,33-102,38.2665024,11.0,
33,60,33-60,Leaf,,,,,1.12595832,2.0,
33,61,33-61,manggarai_air_lag5,575.0,33-103,33-104,33-104,848.167969,1791.0,
33,62,33-62,dayofyear_sin,-0.760720074,33-105,33-106,33-106,321.144775,7.0,
33,63,33-63,depok_air_lag19,95.0,33-107,33-108,33-108,1106.22949,7338.0,
33,64,33-64,dayofyear_sin,-0.946713924,33-109,33-110,33-110,110.589722,7.0,
33,65,33-65,manggarai_cuaca_lag1_hujan,1.0,33-111,33-112,33-112,1552.90234,7421.0,
33,66,33-66,manggarai_air_lag7,612.5,33-113,33-114,33-114,1689.4502,308.0,
33,67,33-67,time_index,24567.0,33-115,33-116,33-116,604.918457,30.0,
33,68,33-68,manggarai_air_lag17,645.0,33-117,33-118,33-118,1224.08203,11.0,
33,69,33-69,manggarai_air_lag17,612.5,33-119,33-120,33-120,1321.62158,73.0,
33,70,33-70,manggarai_air_lag2,658.0,33-121,33-122,33-122,1031.13342,514.0,
33,71,33-71,Leaf,,,,,-9.27487183,1.0,
33,72,33-72,depok_air_lag19,145.0,33-123,33-124,33-124,91.549614,7.0,
33,73,33-73,dayofyear_sin,-0.666088879,33-125,33-126,33-126,1389.85645,251.0,
33,74,33-74,manggarai_air_lag1,685.0,33-127,33-128,33-128,4777.78711,34.0,
33,75,33-75,manggarai_air_lag5,640.0,33-129,33-130,33-130,640.398926,32.0,
33,76,33-76,hour_sin,0.965925813,33-131,33-132,33-132,1064.78455,38.0,
33,77,33-77,time_index,4269.0,33-133,33-134,33-134,2.11537933,2.0,
33,78,33-78,Leaf,,,,,1.39071357,1.0,
33,79,33-79,time_index,1617.0,33-135,33-136,33-136,1238.22363,5102.0,
33,80,33-80,hour_sin,1.22464685e-16,33-137,33-138,33-138,22278.498,10.0,
33,81,33-81,manggarai_air_lag1,651.0,33-139,33-140,33-140,239.146271,35.0,
33,82,33-82,Leaf,,,,,-16.641243,1.0,
33,83,33-83,katulampa_air_lag5,45.0,33-141,33-142,33-142,1067.4082,180.0,
33,84,33-84,depok_cuaca_lag1_hujan,1.0,33-143,33-144,33-144,878.195801,2194.0,
33,85,33-85,depok_air_lag20,205.0,33-145,33-146,33-146,3520.13892,357.0,
33,86,33-86,depok_air_lag3,120.0,33-147,33-148,33-148,32603.4336,25.0,
33,87,33-87,manggarai_air_lag2,685.0,33-149,33-150,33-150,1684.89526,52.0,
33,88,33-88,dayofyear_sin,0.99798876,33-151,33-152,33-152,1336.83789,671.0,
33,89,33-89,dayofyear_sin,0.903946221,33-153,33-154,33-154,7797.56543,74.0,
33,90,33-90,manggarai_air_lag20,725.0,33-155,33-156,33-156,1089.7804,272.0,
33,91,33-91,hour_cos,0.5,33-157,33-158,33-158,12.585083,8.0,
33,92,33-92,manggarai_air_lag20,651.0,33-159,33-160,33-160,383.790039,98.0,
33,93,33-93,dayofyear_sin,-0.357464403,33-161,33-162,33-162,1317.0,20.0,
33,94,33-94,katulampa_cuaca_lag14_hujan,1.0,33-163,33-164,33-164,865.801758,9.0,
33,95,33-95,manggarai_air_lag5,675.0,33-165,33-166,33-166,1213.07727,18.0,
33,96,33-96,dayofyear_cos,0.598690689,33-167,33-168,33-168,848.26123,14.0,
33,97,33-97,depok_air_lag12,235.0,33-169,33-170,33-170,38.8127441,8.0,
33,98,33-98,manggarai_air_lag2,732.5,33-171,33-172,33-172,261.299591,26.0,
33,99,33-99,manggarai_cuaca_lag12_hujan,1.0,33-173,33-174,33-174,695.606201,36.0,
33,100,33-100,hour_sin,0.866025388,33-175,33-176,33-176,734.094604,4.0,
33,101,33-101,Leaf,,,,,0.317606211,4.0,
33,102,33-102,Leaf,,,,,-0.0397804268,7.0,
33,103,33-103,Leaf,,,,,-0.227094173,1692.0,
33,104,33-104,Leaf,,,,,-0.527854502,99.0,
33,105,33-105,Leaf,,,,,-0.0172348022,3.0,
33,106,33-106,Leaf,,,,,1.28583014,4.0,
33,107,33-107,Leaf,,,,,-0.0996358022,6037.0,
33,108,33-108,Leaf,,,,,-0.20132862,1301.0,
33,109,33-109,Leaf,,,,,0.276312262,2.0,
33,110,33-110,Leaf,,,,,1.31647336,5.0,
33,111,33-111,Leaf,,,,,-0.0333826765,7107.0,
33,112,33-112,Leaf,,,,,0.193520576,314.0,
33,113,33-113,Leaf,,,,,-1.06080663,24.0,
33,114,33-114,Leaf,,,,,-0.20158501,284.0,
33,115,33-115,Leaf,,,,,0.460919201,24.0,
33,116,33-116,Leaf,,,,,-0.595540106,6.0,
33,117,33-117,Leaf,,,,,2.08991218,9.0,
33,118,33-118,Leaf,,,,,-0.434189856,2.0,
33,119,33-119,Leaf,,,,,0.39243573,59.0,
33,120,33-120,Leaf,,,,,1.45652759,14.0,
33,121,33-121,Leaf,,,,,0.166751534,508.0,
33,122,33-122,Leaf,,,,,-1.05659533,6.0,
33,123,33-123,Leaf,,,,,-0.0283691417,4.0,
33,124,33-124,Leaf,,,,,-0.712403893,3.0,
33,125,33-125,Leaf,,,,,0.77732414,56.0,
33,126,33-126,Leaf,,,,,0.21395281,195.0,
33,127,33-127,Leaf,,,,,-0.0737225935,30.0,
33,128,33-128,Leaf,,,,,-3.41526389,4.0,
33,129,33-129,Leaf,,,,,1.65091062,21.0,
33,130,33-130,Leaf,,,,,0.628378332,11.0,
33,131,33-131,Leaf,,,,,0.22910285,32.0,
33,132,33-132,Leaf,,,,,1.60128617,6.0,
33,133,33-133,Leaf,,,,,0.334463507,1.0,
33,134,33-134,Leaf,,,,,0.0628509521,1.0,
33,135,33-135,Leaf,,,,,-0.308876008,86.0,
33,136,33-136,Leaf,,,,,0.0717056394,5016.0,
33,137,33-137,Leaf,,,,,-10.660634,1.0,
33,138,33-138,Leaf,,,,,0.929384828,9.0,
33,139,33-139,Leaf,,,,,-0.00283470168,15.0,
33,140,33-140,Leaf,,,,,0.51976788,20.0,
33,141,33-141,Leaf,,,,,0.394160807,157.0,
33,142,33-142,Leaf,,,,,1.11795628,23.0,
33,143,33-143,Leaf,,,,,0.154489189,2003.0,
33,144,33-144,Leaf,,,,,0.378753871,191.0,
33,145,33-145,Leaf,,,,,0.12854445,345.0,
33,146,33-146,Leaf,,,,,-1.54773271,12.0,
33,147,33-147,Leaf,,,,,-9.78888988,3.0,
33,148,33-148,Leaf,,,,,0.0246961508,22.0,
33,149,33-149,Leaf,,,,,-1.18794334,10.0,
33,150,33-150,Leaf,,,,,0.199271977,42.0,
33,151,33-151,Leaf,,,,,0.419328511,642.0,
33,152,33-152,Leaf,,,,,1.1074264,29.0,
33,153,33-153,Leaf,,,,,-0.0223093536,72.0,
33,154,33-154,Leaf,,,,,-5.22598886,2.0,
33,155,33-155,Leaf,,,,,0.349873871,217.0,
33,156,33-156,Leaf,,,,,-0.14609468,55.0,
33,157,33-157,Leaf,,,,,1.46510398,7.0,
33,158,33-158,Leaf,,,,,0.386792004,1.0,
33,159,33-159,Leaf,,,,,0.46040532,50.0,
33,160,33-160,Leaf,,,,,0.874359429,48.0,
33,161,33-161,Leaf,,,,,1.41611814,9.0,
33,162,33-162,Leaf,,,,,3.30381012,11.0,
33,163,33-163,Leaf,,,,,0.0426198356,5.0,
33,164,33-164,Leaf,,,,,1.91234744,4.0,
33,165,33-165,Leaf,,,,,0.384419471,13.0,
33,166,33-166,Leaf,,,,,-1.31624043,5.0,
33,167,33-167,Leaf,,,,,1.83080614,10.0,
33,168,33-168,Leaf,,,,,0.103155516,4.0,
33,169,33-169,Leaf,,,,,0.912882268,7.0,
33,170,33-170,Leaf,,,,,0.11497803,1.0,
33,171,33-171,Leaf,,,,,0.264586389,11.0,
33,172,33-172,Leaf,,,,,-0.353678912,15.0,
33,173,33-173,Leaf,,,,,0.721756577,31.0,
33,174,33-174,Leaf,,,,,1.96598208,5.0,
33,175,33-175,Leaf,,,,,-0.00434112549,3.0,
33,176,33-176,Leaf,,,,,-2.47914124,1.0,
34,0,34-0,manggarai_air_lag1,625.0,34-1,34-2,34-2,30881.3301,27162.0,
34,1,34-1,depok_air_lag7,20.0,34-3,34-4,34-4,3028.86719,12642.0,
34,2,34-2,manggarai_air_lag1,710.0,34-5,34-6,34-6,10741.6465,14520.0,
34,3,34-3,dayofyear_cos,0.326144159,34-7,34-8,34-8,11080.8721,4.0,
34,4,34-4,manggarai_air_lag17,600.0,34-9,34-10,34-10,3149.52539,12638.0,
34,5,34-5,depok_air_lag6,170.0,34-11,34-12,34-12,3996.25146,13302.0,
34,6,34-6,manggarai_cuaca_lag1_hujan,1.0,34-13,34-14,34-14,1746.14453,1218.0,
34,7,34-7,time_index,157.0,34-15,34-16,34-16,238.883789,3.0,
34,8,34-8,Leaf,,,,,-8.37872219,1.0,
34,9,34-9,depok_air_lag10,137.5,34-17,34-18,34-18,5111.22852,5549.0,
34,10,34-10,depok_air_lag6,145.0,34-19,34-20,34-20,1461.54346,7089.0,
34,11,34-11,manggarai_cuaca_lag1_hujan,1.0,34-21,34-22,34-22,3179.78027,13134.0,
34,12,34-12,time_index,32668.0,34-23,34-24,34-24,929.919922,168.0,
34,13,34-13,hour_cos,-0.258819044,34-25,34-26,34-26,1446.70898,1087.0,
34,14,34-14,dayofyear_cos,-0.995322049,34-27,34-28,34-28,1181.32471,131.0,
34,15,34-15,Leaf,,,,,-0.198666379,1.0,
34,16,34-16,time_index,4137.0,34-29,34-30,34-30,31.979126,2.0,
34,17,34-17,manggarai_air_lag6,680.0,34-31,34-32,34-32,4490.43848,5543.0,
34,18,34-18,dayofyear_sin,-0.922329128,34-33,34-34,34-34,14269.4766,6.0,
34,19,34-19,manggarai_air_lag21,710.0,34-35,34-36,34-36,1247.02393,7018.0,
34,20,34-20,katulampa_air_lag3,35.0,34-37,34-38,34-38,1400.28369,71.0,
34,21,34-21,depok_cuaca_lag7_hujan,1.0,34-39,34-40,34-40,2266.77441,12361.0,
34,22,34-22,time_index,20455.0,34-41,34-42,34-42,3965.53662,773.0,
34,23,34-23,manggarai_air_lag14,725.0,34-43,34-44,34-44,669.333984,152.0,
34,24,34-24,depok_air_lag8,205.0,34-45,34-46,34-46,852.168274,16.0,
34,25,34-25,depok_air_lag7,135.0,34-47,34-48,34-48,966.80542,468.0,
34,26,34-26,time_index,21647.0,34-49,34-50,34-50,1227.69531,619.0,
34,27,34-27,manggarai_air_lag1,765.0,34-51,34-52,34-52,811.899658,9.0,
34,28,34-28,time_index,12369.0,34-53,34-54,34-54,1312.10303,122.0,
34,29,34-29,Leaf,,,,,1.7378906,1.0,
34,30,34-30,Leaf,,,,,0.387014776,1.0,
34,31,34-31,depok_air_lag9,102.5,34-55,34-56,34-56,2120.3291,5542.0,
34,32,34-32,Leaf,,,,,-4.91069937,1.0,
34,33,34-33,Leaf,,,,,-10.0151548,1.0,
34,34,34-34,manggarai_air_lag6,585.0,34-57,34-58,34-58,253.14917,5.0,
34,35,34-35,manggarai_air_lag1,620.0,34-59,34-60,34-60,1190.3125,6923.0,
34,36,34-36,katulampa_cuaca_lag18_hujan,1.0,34-61,34-62,34-62,34021.0312,95.0,
34,37,34-37,dayofyear_cos,-0.220723644,34-63,34-64,34-64,923.143005,60.0,
34,38,34-38,hour_sin,0.965925813,34-65,34-66,34-66,1074.40796,11.0,
34,39,34-39,time_index,8789.0,34-67,34-68,34-68,2429.54688,11398.0,
34,40,34-40,depok_air_lag8,170.0,34-69,34-70,34-70,4194.22119,963.0,
34,41,34-41,manggarai_cuaca_lag2_hujan,1.0,34-71,34-72,34-72,4601.02148,383.0,
34,42,34-42,depok_air_lag12,155.0,34-73,34-74,34-74,3012.92212,390.0,
34,43,34-43,depok_air_lag7,230.0,34-75,34-76,34-76,711.839844,146.0,
34,44,34-44,manggarai_air_lag12,745.0,34-77,34-78,34-78,499.617188,6.0,
34,45,34-45,depok_air_lag16,85.0,34-79,34-80,34-80,288.085022,13.0,
34,46,34-46,hour_cos,-1.83697015e-16,34-81,34-82,34-82,281.666504,3.0,
34,47,34-47,manggarai_air_lag17,700.0,34-83,34-84,34-84,4403.80615,152.0,
34,48,34-48,manggarai_air_lag1,800.0,34-85,34-86,34-86,458.482178,316.0,
34,49,34-49,depok_cuaca_lag4_hujan,1.0,34-87,34-88,34-88,584.105469,454.0,
34,50,34-50,depok_air_lag6,96.0,34-89,34-90,34-90,1790.39966,165.0,
34,51,34-51,Leaf,,,,,2.94683242,3.0,
34,52,34-52,katulampa_cuaca_lag18_hujan,1.0,34-91,34-92,34-92,202.678406,6.0,
34,53,34-53,depok_cuaca_lag2_hujan,1.0,34-93,34-94,34-94,1964.99512,72.0,
34,54,34-54,manggarai_air_lag9,750.0,34-95,34-96,34-96,826.592407,50.0,
34,55,34-55,depok_air_lag8,106.0,34-97,34-98,34-98,3838.2832,5466.0,
34,56,34-56,manggarai_air_lag3,635.0,34-99,34-100,34-100,1919.03296,76.0,
34,57,34-57,hour_sin,0.866025388,34-101,34-102,34-102,19.5890427,4.0,
34,58,34-58,Leaf,,,,,-0.965768456,1.0,
34,59,34-59,manggarai_cuaca_lag1_hujan,1.0,34-103,34-104,34-104,895.946777,5481.0,
34,60,34-60,katulampa_air_lag4,90.0,34-105,34-106,34-106,2840.25342,1442.0,
34,61,34-61,depok_air_lag6,125.0,34-107,34-108,34-108,302.215424,91.0,
34,62,34-62,time_index,18065.0,34-109,34-110,34-110,68014.8359,4.0,
34,63,34-63,hour_sin,1.22464685e-16,34-111,34-112,34-112,1056.92139,25.0,
34,64,34-64,depok_air_lag6,160.0,34-113,34-114,34-114,301.502106,35.0,
34,65,34-65,time_index,7593.0,34-115,34-116,34-116,359.745361,9.0,
34,66,34-66,Leaf,,,,,-0.530641735,2.0,
34,67,34-67,depok_air_lag7,86.0,34-117,34-118,34-118,1562.80554,1629.0,
34,68,34-68,katulampa_air_lag4,75.0,34-119,34-120,34-120,2426.66064,9769.0,
34,69,34-69,manggarai_air_lag3,620.0,34-121,34-122,34-122,2399.43359,957.0,
34,70,34-70,time_index,29749.0,34-123,34-124,34-124,17335.6191,6.0,
34,71,34-71,dayofyear_cos,0.0569521971,34-125,34-126,34-126,2272.36523,179.0,
34,72,34-72,depok_air_lag14,137.5,34-127,34-128,34-128,2393.05029,204.0,
34,73,34-73,katulampa_air_lag14,56.0,34-129,34-130,34-130,2433.50977,384.0,
34,74,34-74,manggarai_air_lag7,650.0,34-131,34-132,34-132,8131.61133,6.0,
34,75,34-75,manggarai_air_lag21,705.0,34-133,34-134,34-134,544.402832,137.0,
34,76,34-76,dayofyear_sin,0.954066575,34-135,34-136,34-136,71.8111572,9.0,
34,77,34-77,Leaf,,,,,2.14282227,4.0,
34,78,34-78,time_index,13697.0,34-137,34-138,34-138,9.25716591,2.0,
34,79,34-79,hour_cos,0.5,34-139,34-140,34-140,26.984951,4.0,
34,80,34-80,depok_air_lag7,135.0,34-141,34-142,34-142,105.861328,9.0,
34,81,34-81,Leaf,,,,,-0.167196661,1.0,
34,82,34-82,Leaf,,,,,1.62267053,2.0,
34,83,34-83,depok_air_lag8,111.0,34-143,34-144,34-144,1397.95789,138.0,
34,84,34-84,hour_cos,-0.866025388,34-145,34-146,34-146,25883.3027,14.0,
34,85,34-85,manggarai_air_lag4,612.5,34-147,34-148,34-148,405.136353,280.0,
34,86,34-86,depok_air_lag20,130.0,34-149,34-150,34-150,220.828979,36.0,
34,87,34-87,depok_air_lag20,92.5,34-151,34-152,34-152,618.586914,394.0,
34,88,34-88,katulampa_air_lag4,45.0,34-153,34-154,34-154,396.505615,60.0,
34,89,34-89,hour_sin,-0.866025388,34-155,34-156,34-156,1799.51074,3.0,
34,90,34-90,depok_air_lag10,96.0,34-157,34-158,34-158,1165.11438,162.0,
34,91,34-91,Leaf,,,,,1.33735967,3.0,
34,92,34-92,time_index,23903.0,34-159,34-160,34-160,2.3226223,3.0,
34,93,34-93,manggarai_air_lag4,675.0,34-161,34-162,34-162,2253.23828,31.0,
34,94,34-94,katulampa_air_lag5,45.0,34-163,34-164,34-164,1315.79663,41.0,
34,95,34-95,depok_air_lag9,205.0,34-165,34-166,34-166,285.786377,42.0,
34,96,34-96,time_index,21251.0,34-167,34-168,34-168,714.701477,8.0,
34,97,34-97,Leaf,,,,,-0.171076953,5438.0,
34,98,34-98,Leaf,,,,,-1.3250668,28.0,
34,99,34-99,Leaf,,,,,0.247542247,74.0,
34,100,34-100,Leaf,,,,,2.83500171,2.0,
34,101,34-101,Leaf,,,,,0.530843139,2.0,
34,102,34-102,Leaf,,,,,0.078291826,2.0,
34,103,34-103,Leaf,,,,,-0.101852499,5344.0,
34,104,34-104,Leaf,,,,,0.15634805,137.0,
34,105,34-105,Leaf,,,,,-0.00154017063,1438.0,
34,106,34-106,Leaf,,,,,2.38598037,4.0,
34,107,34-107,Leaf,,,,,-0.0432636142,86.0,
34,108,34-108,Leaf,,,,,0.690516174,5.0,
34,109,34-109,Leaf,,,,,0.795501709,3.0,
34,110,34-110,Leaf,,,,,-22.7614498,1.0,
34,111,34-111,Leaf,,,,,2.1291275,3.0,
34,112,34-112,Leaf,,,,,0.336808711,22.0,
34,113,34-113,Leaf,,,,,-0.500554204,14.0,
34,114,34-114,Leaf,,,,,0.0831936896,21.0,
34,115,34-115,Leaf,,,,,0.611169457,3.0,
34,116,34-116,Leaf,,,,,2.21140051,6.0,
34,117,34-117,Leaf,,,,,-0.469598502,94.0,
34,118,34-118,Leaf,,,,,-0.0515735708,1535.0,
34,119,34-119,Leaf,,,,,0.0591430552,9729.0,
34,120,34-120,Leaf,,,,,-0.71185565,40.0,
34,121,34-121,Leaf,,,,,0.953976274,41.0,
34,122,34-122,Leaf,,,,,0.180281878,916.0,
34,123,34-123,Leaf,,,,,0.75848186,5.0,
34,124,34-124,Leaf,,,,,-10.1276016,1.0,
34,125,34-125,Leaf,,,,,1.52626622,39.0,
34,126,34-126,Leaf,,,,,0.658745229,140.0,
34,127,34-127,Leaf,,,,,0.0912272185,197.0,
34,128,34-128,Leaf,,,,,1.85630798,7.0,
34,129,34-129,Leaf,,,,,0.0996542796,380.0,
34,130,34-130,Leaf,,,,,-2.12113643,4.0,
34,131,34-131,Leaf,,,,,-7.41189909,1.0,
34,132,34-132,Leaf,,,,,0.111173503,5.0,
34,133,34-133,Leaf,,,,,0.603253782,113.0,
34,134,34-134,Leaf,,,,,0.0757951662,24.0,
34,135,34-135,Leaf,,,,,1.50342607,8.0,
34,136,34-136,Leaf,,,,,0.26373902,1.0,
34,137,34-137,Leaf,,,,,0.3021698,1.0,
34,138,34-138,Leaf,,,,,-0.0381378196,1.0,
34,139,34-139,Leaf,,,,,0.28692323,3.0,
34,140,34-140,Leaf,,,,,-0.17988281,1.0,
34,141,34-141,Leaf,,,,,-0.224967957,3.0,
34,142,34-142,Leaf,,,,,-1.03223789,6.0,
34,143,34-143,Leaf,,,,,-1.32501221,5.0,
34,144,34-144,Leaf,,,,,0.23681882,133.0,
34,145,34-145,Leaf,,,,,-9.94331074,2.0,
34,146,34-146,Leaf,,,,,0.411052048,12.0,
34,147,34-147,Leaf,,,,,0.921767175,8.0,
34,148,34-148,Leaf,,,,,0.234339595,272.0,
34,149,34-149,Leaf,,,,,0.472885042,28.0,
34,150,34-150,Leaf,,,,,1.0883044,8.0,
34,151,34-151,Leaf,,,,,0.786942661,55.0,
34,152,34-152,Leaf,,,,,0.421799809,339.0,
34,153,34-153,Leaf,,,,,1.04927456,33.0,
34,154,34-154,Leaf,,,,,0.500856876,27.0,
34,155,34-155,Leaf,,,,,0.987558007,1.0,
34,156,34-156,Leaf,,,,,-3.18183994,2.0,
34,157,34-157,Leaf,,,,,1.42990112,7.0,
34,158,34-158,Leaf,,,,,0.189205632,155.0,
34,159,34-159,Leaf,,,,,0.0221191403,1.0,
34,160,34-160,Leaf,,,,,0.223885089,2.0,
34,161,34-161,Leaf,,,,,2.59052825,11.0,
34,162,34-162,Leaf,,,,,0.792432785,20.0,
34,163,34-163,Leaf,,,,,0.113723479,32.0,
34,164,34-164,Leaf,,,,,1.43209052,9.0,
34,165,34-165,Leaf,,,,,0.266823202,34.0,
34,166,34-166,Leaf,,,,,0.916460514,8.0,
34,167,34-167,Leaf,,,,,-1.64581609,3.0,
34,168,34-168,Leaf,,,,,0.124913536,5.0,
35,0,35-0,manggarai_air_lag1,645.0,35-1,35-2,35-2,25969.3945,27205.0,
35,1,35-1,manggarai_air_lag12,602.5,35-3,35-4,35-4,5092.05859,17025.0,
35,2,35-2,manggarai_air_lag1,710.0,35-5,35-6,35-6,10043.5371,10180.0,
35,3,35-3,depok_air_lag7,20.0,35-7,35-8,35-8,7287.47656,8276.0,
35,4,35-4,depok_air_lag6,205.0,35-9,35-10,35-10,2294.5686,8749.0,
35,5,35-5,depok_cuaca_lag5_hujan,1.0,35-11,35-12,35-12,3073.00635,8969.0,
35,6,35-6,manggarai_air_lag4,675.0,35-13,35-14,35-14,1624.44922,1211.0,
35,7,35-7,time_index,289.0,35-15,35-16,35-16,5013.29639,2.0,
35,8,35-8,depok_air_lag6,111.0,35-17,35-18,35-18,1794.17676,8274.0,
35,9,35-9,depok_air_lag7,180.0,35-19,35-20,35-20,1532.88513,8739.0,
35,10,35-10,katulampa_air_lag3,35.0,35-21,35-22,35-22,118.659424,10.0,
35,11,35-11,depok_air_lag7,195.0,35-23,35-24,35-24,2058.5835,8229.0,
35,12,35-12,depok_air_lag6,137.5,35-25,35-26,35-26,2035.18896,740.0,
35,13,35-13,time_index,12769.0,35-27,35-28,35-28,1359.53418,241.0,
35,14,35-14,depok_air_lag6,155.0,35-29,35-30,35-30,1262.78711,970.0,
35,15,35-15,Leaf,,,,,-7.95978546,1.0,
35,16,35-16,Leaf,,,,,0.367663592,1.0,
35,17,35-17,depok_air_lag10,137.5,35-31,35-32,35-32,2365.46777,8104.0,
35,18,35-18,depok_cuaca_lag5_hujan,1.0,35-33,35-34,35-34,1590.27112,170.0,
35,19,35-19,depok_air_lag16,185.0,35-35,35-36,35-36,1376.46399,8721.0,
35,20,35-20,depok_air_lag10,86.0,35-37,35-38,35-38,1516.21106,18.0,
35,21,35-21,Leaf,,,,,0.590296924,3.0,
35,22,35-22,manggarai_air_lag7,645.0,35-39,35-40,35-40,66.456543,7.0,
35,23,35-23,manggarai_air_lag1,675.0,35-41,35-42,35-42,1321.07544,8204.0,
35,24,35-24,katulampa_air_lag3,35.0,35-43,35-44,35-44,1163.01172,25.0,
35,25,35-25,manggarai_air_lag1,675.0,35-45,35-46,35-46,849.811523,667.0,
35,26,35-26,depok_cuaca_lag2_hujan,1.0,35-47,35-48,35-48,1100.40576,73.0,
35,27,35-27,time_index,8125.0,35-49,35-50,35-50,1102.43164,124.0,
35,28,35-28,depok_air_lag6,96.0,35-51,35-52,35-52,1340.91833,117.0,
35,29,35-29,katulampa_air_lag19,45.0,35-53,35-54,35-54,467.179199,719.0,
35,30,35-30,manggarai_air_lag1,800.0,35-55,35-56,35-56,660.233887,251.0,
35,31,35-31,manggarai_air_lag14,605.0,35-57,35-58,35-58,1412.27832,8091.0,
35,32,35-32,time_index,289.0,35-59,35-60,35-60,15221.9326,13.0,
35,33,35-33,depok_air_lag10,92.5,35-61,35-62,35-62,867.176697,144.0,
35,34,35-34,manggarai_air_lag1,575.0,35-63,35-64,35-64,569.80835,26.0,
35,35,35-35,manggarai_air_lag1,620.0,35-65,35-66,35-66,1252.62427,8717.0,
35,36,35-36,time_index,9317.0,35-67,35-68,35-68,765.039185,4.0,
35,37,35-37,Leaf,,,,,-0.954167187,3.0,
35,38,35-38,dayofyear_sin,-0.141444072,35-69,35-70,35-70,721.587158,15.0,
35,39,35-39,depok_cuaca_lag2_hujan,1.0,35-71,35-72,35-72,71.1357422,6.0,
35,40,35-40,Leaf,,,,,0.374002069,1.0,
35,41,35-41,katulampa_air_lag4,75.0,35-73,35-74,35-74,2501.4751,6195.0,
35,42,35-42,depok_air_lag10,125.0,35-75,35-76,35-76,1444.21753,2009.0,
35,43,35-43,manggarai_air_lag17,645.0,35-77,35-78,35-78,432.730957,16.0,
35,44,35-44,dayofyear_sin,0.594376147,35-79,35-80,35-80,678.92218,9.0,
35,45,35-45,manggarai_air_lag3,640.0,35-81,35-82,35-82,810.991699,488.0,
35,46,35-46,manggarai_air_lag3,675.0,35-83,35-84,35-84,1480.31958,179.0,
35,47,35-47,depok_air_lag7,160.0,35-85,35-86,35-86,719.82312,54.0,
35,48,35-48,katulampa_air_lag5,35.0,35-87,35-88,35-88,1010.0918,19.0,
35,49,35-49,dayofyear_cos,-0.695225298,35-89,35-90,35-90,1210.70007,61.0,
35,50,35-50,depok_air_lag7,137.5,35-91,35-92,35-92,765.318359,63.0,
35,51,35-51,manggarai_air_lag1,720.0,35-93,35-94,35-94,2129.80176,4.0,
35,52,35-52,depok_cuaca_lag4_hujan,1.0,35-95,35-96,35-96,1381.94702,113.0,
35,53,35-53,depok_air_lag7,145.0,35-97,35-98,35-98,444.390381,557.0,
35,54,35-54,depok_air_lag20,106.0,35-99,35-100,35-100,1528.46729,162.0,
35,55,35-55,time_index,22179.0,35-101,35-102,35-102,373.986572,203.0,
35,56,35-56,depok_air_lag19,92.5,35-103,35-104,35-104,491.856445,48.0,
35,57,35-57,manggarai_air_lag17,694.0,35-105,35-106,35-106,1841.80371,7748.0,
35,58,35-58,manggarai_cuaca_lag2_hujan,1.0,35-107,35-108,35-108,12006.5107,343.0,
35,59,35-59,Leaf,,,,,-9.51439667,1.0,
35,60,35-60,dayofyear_cos,0.639211655,35-109,35-110,35-110,163.7565,12.0,
35,61,35-61,katulampa_air_lag3,56.0,35-111,35-112,35-112,579.892334,100.0,
35,62,35-62,dayofyear_sin,-0.834370136,35-113,35-114,35-114,576.770569,44.0,
35,63,35-63,Leaf,,,,,-0.315454096,3.0,
35,64,35-64,depok_air_lag7,85.0,35-115,35-116,35-116,454.046631,23.0,
35,65,35-65,manggarai_air_lag3,700.0,35-117,35-118,35-118,980.937744,3305.0,
35,66,35-66,manggarai_air_lag4,620.0,35-119,35-120,35-120,2885.53101,5412.0,
35,67,35-67,Leaf,,,,,2.64191079,2.0,
35,68,35-68,time_index,18863.0,35-121,35-122,35-122,3.45727754,2.0,
35,69,35-69,depok_air_lag6,165.0,35-123,35-124,35-124,447.494629,11.0,
35,70,35-70,Leaf,,,,,2.30985117,4.0,
35,71,35-71,Leaf,,,,,2.07622576,4.0,
35,72,35-72,Leaf,,,,,0.708966076,2.0,
35,73,35-73,depok_air_lag10,180.0,35-125,35-126,35-126,1761.58289,6174.0,
35,74,35-74,katulampa_air_lag3,35.0,35-127,35-128,35-128,57323.1406,21.0,
35,75,35-75,depok_air_lag6,96.0,35-129,35-130,35-130,1648.8877,1064.0,
35,76,35-76,manggarai_cuaca_lag4_hujan,1.0,35-131,35-132,35-132,4233.60303,945.0,
35,77,35-77,dayofyear_sin,0.846028864,35-133,35-134,35-134,82.5882874,7.0,
35,78,35-78,manggarai_air_lag1,675.0,35-135,35-136,35-136,165.871826,9.0,
35,79,35-79,time_index,22975.0,35-137,35-138,35-138,537.219727,7.0,
35,80,35-80,time_index,4537.0,35-139,35-140,35-140,73.7762451,2.0,
35,81,35-81,katulampa_air_lag3,29.0,35-141,35-142,35-142,723.158936,53.0,
35,82,35-82,time_index,4405.0,35-143,35-144,35-144,710.651306,435.0,
35,83,35-83,time_index,3077.0,35-145,35-146,35-146,559.147217,44.0,
35,84,35-84,time_index,30544.0,35-147,35-148,35-148,595.373718,135.0,
35,85,35-85,time_index,421.0,35-149,35-150,35-150,638.045898,40.0,
35,86,35-86,time_index,27354.0,35-151,35-152,35-152,347.697998,14.0,
35,87,35-87,time_index,28421.0,35-153,35-154,35-154,221.96611,4.0,
35,88,35-88,hour_cos,0.866025388,35-155,35-156,35-156,886.765625,15.0,
35,89,35-89,manggarai_air_lag6,612.5,35-157,35-158,35-158,185.661133,14.0,
35,90,35-90,manggarai_air_lag3,592.5,35-159,35-160,35-160,517.655518,47.0,
35,91,35-91,depok_air_lag23,125.0,35-161,35-162,35-162,939.861328,28.0,
35,92,35-92,manggarai_air_lag1,720.0,35-163,35-164,35-164,279.962891,35.0,
35,93,35-93,Leaf,,,,,-2.96971846,2.0,
35,94,35-94,Leaf,,,,,0.909411609,2.0,
35,95,35-95,manggarai_air_lag4,612.5,35-165,35-166,35-166,667.567993,94.0,
35,96,35-96,depok_air_lag7,155.0,35-167,35-168,35-168,739.647705,19.0,
35,97,35-97,manggarai_air_lag7,720.0,35-169,35-170,35-170,803.931396,379.0,
35,98,35-98,manggarai_air_lag3,685.0,35-171,35-172,35-172,498.319824,178.0,
35,99,35-99,time_index,9585.0,35-173,35-174,35-174,1007.36865,26.0,
35,100,35-100,depok_air_lag10,135.0,35-175,35-176,35-176,812.792114,136.0,
35,101,35-101,depok_cuaca_lag7_hujan,1.0,35-177,35-178,35-178,233.683838,128.0,
35,102,35-102,depok_air_lag7,155.0,35-179,35-180,35-180,189.217041,75.0,
35,103,35-103,manggarai_air_lag3,815.0,35-181,35-182,35-182,148.108612,11.0,
35,104,35-104,manggarai_air_lag15,705.0,35-183,35-184,35-184,325.934326,37.0,
35,105,35-105,Leaf,,,,,-0.127701312,7747.0,
35,106,35-106,Leaf,,,,,2.90865493,1.0,
35,107,35-107,Leaf,,,,,-0.207337245,329.0,
35,108,35-108,Leaf,,,,,-3.1014576,14.0,
35,109,35-109,Leaf,,,,,0.0618428551,11.0,
35,110,35-110,Leaf,,,,,-0.917480469,1.0,
35,111,35-111,Leaf,,,,,-0.138817072,99.0,
35,112,35-112,Leaf,,,,,1.58255923,1.0,
35,113,35-113,Leaf,,,,,0.985232353,12.0,
35,114,35-114,Leaf,,,,,0.187040761,32.0,
35,115,35-115,Leaf,,,,,0.255787015,6.0,
35,116,35-116,Leaf,,,,,1.31131256,17.0,
35,117,35-117,Leaf,,,,,-0.0787395611,3302.0,
35,118,35-118,Leaf,,,,,1.48867643,3.0,
35,119,35-119,Leaf,,,,,0.298505276,307.0,
35,120,35-120,Leaf,,,,,-0.0166730024,5105.0,
35,121,35-121,Leaf,,,,,-0.041015625,1.0,
35,122,35-122,Leaf,,,,,0.156518564,1.0,
35,123,35-123,Leaf,,,,,1.60725868,3.0,
35,124,35-124,Leaf,,,,,0.266925722,8.0,
35,125,35-125,Leaf,,,,,0.0476742387,6171.0,
35,126,35-126,Leaf,,,,,2.14705825,3.0,
35,127,35-127,Leaf,,,,,-17.1658344,1.0,
35,128,35-128,Leaf,,,,,0.567089558,20.0,
35,129,35-129,Leaf,,,,,-0.278742254,62.0,
35,130,35-130,Leaf,,,,,0.249435663,1002.0,
35,131,35-131,Leaf,,,,,0.0846981183,919.0,
35,132,35-132,Leaf,,,,,-1.18577754,26.0,
35,133,35-133,Leaf,,,,,0.826497078,6.0,
35,134,35-134,Leaf,,,,,-0.0758911148,1.0,
35,135,35-135,Leaf,,,,,2.13243484,7.0,
35,136,35-136,Leaf,,,,,0.630255163,2.0,
35,137,35-137,Leaf,,,,,1.01503408,5.0,
35,138,35-138,Leaf,,,,,-0.659340441,2.0,
35,139,35-139,Leaf,,,,,-0.246609494,1.0,
35,140,35-140,Leaf,,,,,-1.62860107,1.0,
35,141,35-141,Leaf,,,,,0.236121297,34.0,
35,142,35-142,Leaf,,,,,1.00387549,19.0,
35,143,35-143,Leaf,,,,,-0.34879899,30.0,
35,144,35-144,Leaf,,,,,0.148384467,405.0,
35,145,35-145,Leaf,,,,,-0.520790637,2.0,
35,146,35-146,Leaf,,,,,0.990437627,42.0,
35,147,35-147,Leaf,,,,,0.285211086,131.0,
35,148,35-148,Leaf,,,,,-0.83208257,4.0,
35,149,35-149,Leaf,,,,,-1.08782351,1.0,
35,150,35-150,Leaf,,,,,0.818657517,39.0,
35,151,35-151,Leaf,,,,,0.336865902,8.0,
35,152,35-152,Leaf,,,,,-0.603639483,6.0,
35,153,35-153,Leaf,,,,,0.431681842,3.0,
35,154,35-154,Leaf,,,,,-0.858569324,1.0,
35,155,35-155,Leaf,,,,,0.78899461,7.0,
35,156,35-156,Leaf,,,,,2.46144819,8.0,
35,157,35-157,Leaf,,,,,0.775160968,7.0,
35,158,35-158,Leaf,,,,,1.71127546,7.0,
35,159,35-159,Leaf,,,,,1.37736356,3.0,
35,160,35-160,Leaf,,,,,0.181210399,44.0,
35,161,35-161,Leaf,,,,,1.15177274,22.0,
35,162,35-162,Leaf,,,,,2.62926984,6.0,
35,163,35-163,Leaf,,,,,0.0880737305,5.0,
35,164,35-164,Leaf,,,,,0.913400173,30.0,
35,165,35-165,Leaf,,,,,0.920749784,13.0,
35,166,35-166,Leaf,,,,,0.16920881,81.0,
35,167,35-167,Leaf,,,,,1.7618475,10.0,
35,168,35-168,Leaf,,,,,0.467590332,9.0,
35,169,35-169,Leaf,,,,,0.257277519,266.0,
35,170,35-170,Leaf,,,,,-0.0604649596,113.0,
35,171,35-171,Leaf,,,,,-0.76461643,3.0,
35,172,35-172,Leaf,,,,,0.378240913,175.0,
35,173,35-173,Leaf,,,,,0.518868625,15.0,
35,174,35-174,Leaf,,,,,1.80010688,11.0,
35,175,35-175,Leaf,,,,,0.837547719,21.0,
35,176,35-176,Leaf,,,,,0.17142655,115.0,
35,177,35-177,Leaf,,,,,0.463996321,96.0,
35,178,35-178,Leaf,,,,,0.791340232,32.0,
35,179,35-179,Leaf,,,,,-0.288072705,5.0,
35,180,35-180,Leaf,,,,,0.307308584,70.0,
35,181,35-181,Leaf,,,,,0.418209851,9.0,
35,182,35-182,Leaf,,,,,-0.398242205,2.0,
35,183,35-183,Leaf,,,,,1.25817704,24.0,
35,184,35-184,Leaf,,,,,0.565546513,13.0,
36,0,36-0,manggarai_air_lag1,645.0,36-1,36-2,36-2,16316.9473,27182.0,
36,1,36-1,manggarai_air_lag20,20.0,36-3,36-4,36-4,5111.63477,17048.0,
36,2,36-2,manggarai_air_lag1,715.0,36-5,36-6,36-6,6061.07227,10134.0,
36,3,36-3,time_index,157.0,36-7,36-8,36-8,6503.76318,2.0,
36,4,36-4,manggarai_air_lag1,587.5,36-9,36-10,36-10,3684.81299,17046.0,
36,5,36-5,manggarai_air_lag2,645.0,36-11,36-12,36-12,2401.72949,9144.0,
36,6,36-6,manggarai_air_lag2,730.0,36-13,36-14,36-14,1038.60742,990.0,
36,7,36-7,Leaf,,,,,1.28063667,1.0,
36,8,36-8,Leaf,,,,,-7.56179667,1.0,
36,9,36-9,depok_air_lag9,92.5,36-15,36-16,36-16,677.11084,3300.0,
36,10,36-10,depok_cuaca_lag5_hujan,1.0,36-17,36-18,36-18,2173.90967,13746.0,
36,11,36-11,manggarai_air_lag1,710.0,36-19,36-20,36-20,1531.10449,350.0,
36,12,36-12,depok_air_lag8,205.0,36-21,36-22,36-22,2113.84033,8794.0,
36,13,36-13,time_index,29616.0,36-23,36-24,36-24,1268.52979,321.0,
36,14,36-14,manggarai_air_lag1,750.0,36-25,36-26,36-26,1420.74609,669.0,
36,15,36-15,manggarai_air_lag3,592.5,36-27,36-28,36-28,1334.36523,3170.0,
36,16,36-16,depok_air_lag8,137.5,36-29,36-30,36-30,500.392517,130.0,
36,17,36-17,time_index,7725.0,36-31,36-32,36-32,1653.33936,13058.0,
36,18,36-18,depok_air_lag6,185.0,36-33,36-34,36-34,1152.17273,688.0,
36,19,36-19,katulampa_air_lag4,120.0,36-35,36-36,36-36,1326.0564,348.0,
36,20,36-20,time_index,289.0,36-37,36-38,36-38,133.434814,2.0,
36,21,36-21,manggarai_air_lag7,570.0,36-39,36-40,36-40,1539.00195,8787.0,
36,22,36-22,time_index,421.0,36-41,36-42,36-42,193.505127,7.0,
36,23,36-23,hour_sin,0.5,36-43,36-44,36-44,1044.81445,304.0,
36,24,36-24,depok_air_lag7,130.0,36-45,36-46,36-46,1535.25427,17.0,
36,25,36-25,katulampa_air_lag19,45.0,36-47,36-48,36-48,1028.74109,298.0,
36,26,36-26,manggarai_air_lag1,840.0,36-49,36-50,36-50,471.091797,371.0,
36,27,36-27,manggarai_air_lag2,625.0,36-51,36-52,36-52,3162.42969,3125.0,
36,28,36-28,manggarai_air_lag5,565.0,36-53,36-54,36-54,15183.8916,45.0,
36,29,36-29,hour_cos,6.12323426e-17,36-55,36-56,36-56,216.324387,123.0,
36,30,36-30,manggarai_air_lag1,565.0,36-57,36-58,36-58,246.38739,7.0,
36,31,36-31,depok_air_lag10,135.0,36-59,36-60,36-60,3831.33643,4079.0,
36,32,36-32,manggarai_air_lag2,651.0,36-61,36-62,36-62,1036.49609,8979.0,
36,33,36-33,manggarai_air_lag3,612.5,36-63,36-64,36-64,938.873169,686.0,
36,34,36-34,Leaf,,,,,2.09364843,2.0,
36,35,36-35,depok_cuaca_lag6_hujan,1.0,36-65,36-66,36-66,1164.72314,347.0,
36,36,36-36,Leaf,,,,,-2.26669621,1.0,
36,37,36-37,Leaf,,,,,0.680282593,1.0,
36,38,36-38,Leaf,,,,,3.20172739,1.0,
36,39,36-39,hour_cos,-0.5,36-67,36-68,36-68,4520.92676,12.0,
36,40,36-40,depok_air_lag14,135.0,36-69,36-70,36-70,1490.34863,8775.0,
36,41,36-41,Leaf,,,,,0.183013916,1.0,
36,42,36-42,depok_air_lag3,115.0,36-71,36-72,36-72,77.6848145,6.0,
36,43,36-43,depok_air_lag9,130.0,36-73,36-74,36-74,1445.1001,122.0,
36,44,36-44,depok_air_lag9,106.0,36-75,36-76,36-76,1160.23193,182.0,
36,45,36-45,time_index,31473.0,36-77,36-78,36-78,332.071777,3.0,
36,46,36-46,katulampa_air_lag14,65.0,36-79,36-80,36-80,124.022339,14.0,
36,47,36-47,depok_air_lag19,150.0,36-81,36-82,36-82,1107.56433,227.0,
36,48,36-48,dayofyear_cos,-0.999609292,36-83,36-84,36-84,1093.37476,71.0,
36,49,36-49,katulampa_air_lag14,29.0,36-85,36-86,36-86,479.075684,363.0,
36,50,36-50,manggarai_air_lag3,850.0,36-87,36-88,36-88,24.4108887,8.0,
36,51,36-51,time_index,25630.0,36-89,36-90,36-90,987.352539,3124.0,
36,52,36-52,Leaf,,,,,-4.13189077,1.0,
36,53,36-53,Leaf,,,,,-9.22263432,1.0,
36,54,36-54,katulampa_cuaca_lag18_hujan,1.0,36-91,36-92,36-92,1458.24243,44.0,
36,55,36-55,depok_air_lag10,102.5,36-93,36-94,36-94,212.188019,71.0,
36,56,36-56,time_index,157.0,36-95,36-96,36-96,325.13681,52.0,
36,57,36-57,hour_sin,0.5,36-97,36-98,36-98,25.4062233,4.0,
36,58,36-58,Leaf,,,,,1.39729011,3.0,
36,59,36-59,manggarai_cuaca_lag2_hujan,1.0,36-99,36-100,36-100,2014.10742,4073.0,
36,60,36-60,manggarai_air_lag2,592.5,36-101,36-102,36-102,12203.0566,6.0,
36,61,36-61,hour_cos,0.965925813,36-103,36-104,36-104,961.239136,8948.0,
36,62,36-62,depok_air_lag10,106.0,36-105,36-106,36-106,934.470947,31.0,
36,63,36-63,manggarai_air_lag1,620.0,36-107,36-108,36-108,3297.38818,233.0,
36,64,36-64,manggarai_air_lag1,612.5,36-109,36-110,36-110,735.678162,453.0,
36,65,36-65,time_index,22179.0,36-111,36-112,36-112,1106.89539,276.0,
36,66,36-66,manggarai_air_lag1,675.0,36-113,36-114,36-114,894.634277,71.0,
36,67,36-67,Leaf,,,,,-4.42894888,2.0,
36,68,36-68,dayofyear_cos,0.584823966,36-115,36-116,36-116,178.428833,10.0,
36,69,36-69,manggarai_air_lag1,675.0,36-117,36-118,36-118,2211.09961,7568.0,
36,70,36-70,manggarai_air_lag7,650.0,36-119,36-120,36-120,2562.99512,1207.0,
36,71,36-71,Leaf,,,,,0.439920038,1.0,
36,72,36-72,Leaf,,,,,2.04512644,5.0,
36,73,36-73,depok_air_lag19,135.0,36-121,36-122,36-122,1465.78711,58.0,
36,74,36-74,depok_air_lag20,165.0,36-123,36-124,36-124,208.8302,64.0,
36,75,36-75,time_index,12369.0,36-125,36-126,36-126,2481.38013,19.0,
36,76,36-76,manggarai_air_lag1,745.0,36-127,36-128,36-128,403.903809,163.0,
36,77,36-77,Leaf,,,,,-2.60497642,2.0,
36,78,36-78,Leaf,,,,,-0.233288571,1.0,
36,79,36-79,depok_cuaca_lag9_hujan,1.0,36-129,36-130,36-130,134.384415,10.0,
36,80,36-80,time_index,33331.0,36-131,36-132,36-132,69.3163528,4.0,
36,81,36-81,katulampa_air_lag5,15.0,36-133,36-134,36-134,758.764954,220.0,
36,82,36-82,depok_air_lag6,135.0,36-135,36-136,36-136,321.10376,7.0,
36,83,36-83,Leaf,,,,,2.74902034,1.0,
36,84,36-84,depok_air_lag8,135.0,36-137,36-138,36-138,594.319702,70.0,
36,85,36-85,depok_air_lag23,145.0,36-139,36-140,36-140,620.992188,77.0,
36,86,36-86,depok_air_lag6,130.0,36-141,36-142,36-142,611.085938,286.0,
36,87,36-87,Leaf,,,,,1.19255447,7.0,
36,88,36-88,Leaf,,,,,0.266653448,1.0,
36,89,36-89,Leaf,,,,,-0.150861174,3122.0,
36,90,36-90,Leaf,,,,,-1.96803188,2.0,
36,91,36-91,Leaf,,,,,-0.176932871,43.0,
36,92,36-92,Leaf,,,,,-2.94638681,1.0,
36,93,36-93,Leaf,,,,,0.0358273089,55.0,
36,94,36-94,Leaf,,,,,0.440826029,16.0,
36,95,36-95,Leaf,,,,,-1.00168455,3.0,
36,96,36-96,Leaf,,,,,-0.062191654,49.0,
36,97,36-97,Leaf,,,,,0.404005975,2.0,
36,98,36-98,Leaf,,,,,-0.0387736,2.0,
36,99,36-99,Leaf,,,,,-0.0797932371,3910.0,
36,100,36-100,Leaf,,,,,-0.437588781,163.0,
36,101,36-101,Leaf,,,,,-9.03867626,1.0,
36,102,36-102,Leaf,,,,,0.170849606,5.0,
36,103,36-103,Leaf,,,,,-0.0318104848,7834.0,
36,104,36-104,Leaf,,,,,0.0674277097,1114.0,
36,105,36-105,Leaf,,,,,-1.00843322,19.0,
36,106,36-106,Leaf,,,,,0.100099541,12.0,
36,107,36-107,Leaf,,,,,0.12475127,196.0,
36,108,36-108,Leaf,,,,,1.14345419,37.0,
36,109,36-109,Leaf,,,,,-0.426502854,30.0,
36,110,36-110,Leaf,,,,,0.0782080218,423.0,
36,111,36-111,Leaf,,,,,0.341288358,211.0,
36,112,36-112,Leaf,,,,,-0.128791854,65.0,
36,113,36-113,Leaf,,,,,0.499768883,58.0,
36,114,36-114,Leaf,,,,,1.41160238,13.0,
36,115,36-115,Leaf,,,,,0.220285371,8.0,
36,116,36-116,Leaf,,,,,-0.670231104,2.0,
36,117,36-117,Leaf,,,,,0.0523771755,5892.0,
36,118,36-118,Leaf,,,,,0.182538554,1676.0,
36,119,36-119,Leaf,,,,,-0.649214208,64.0,
36,120,36-120,Leaf,,,,,-0.00366433943,1143.0,
36,121,36-121,Leaf,,,,,1.40793169,43.0,
36,122,36-122,Leaf,,,,,0.24445419,15.0,
36,123,36-123,Leaf,,,,,0.366025299,61.0,
36,124,36-124,Leaf,,,,,1.14182127,3.0,
36,125,36-125,Leaf,,,,,0.610024035,11.0,
36,126,36-126,Leaf,,,,,-1.59170806,8.0,
36,127,36-127,Leaf,,,,,0.420010895,155.0,
36,128,36-128,Leaf,,,,,1.12678969,8.0,
36,129,36-129,Leaf,,,,,0.642121375,5.0,
36,130,36-130,Leaf,,,,,-0.0505289733,5.0,
36,131,36-131,Leaf,,,,,-0.591300428,2.0,
36,132,36-132,Leaf,,,,,0.12036337,2.0,
36,133,36-133,Leaf,,,,,-0.469873041,25.0,
36,134,36-134,Leaf,,,,,0.105111815,195.0,
36,135,36-135,Leaf,,,,,-1.52571821,5.0,
36,136,36-136,Leaf,,,,,-0.0413492844,2.0,
36,137,36-137,Leaf,,,,,0.919525564,14.0,
36,138,36-138,Leaf,,,,,0.204576254,56.0,
36,139,36-139,Leaf,,,,,0.492618531,70.0,
36,140,36-140,Leaf,,,,,1.44793701,7.0,
36,141,36-141,Leaf,,,,,-0.110476196,30.0,
36,142,36-142,Leaf,,,,,0.363274395,256.0,
37,0,37-0,manggarai_air_lag1,655.0,37-1,37-2,37-2,16292.4629,27179.0,
37,1,37-1,depok_air_lag7,20.0,37-3,37-4,37-4,4870.59619,21274.0,
37,2,37-2,manggarai_air_lag1,725.0,37-5,37-6,37-6,4234.40234,5905.0,
37,3,37-3,time_index,289.0,37-7,37-8,37-8,5332.3125,3.0,
37,4,37-4,manggarai_air_lag1,615.0,37-9,37-10,37-10,4172.60352,21271.0,
37,5,37-5,depok_cuaca_lag5_hujan,1.0,37-11,37-12,37-12,1843.54785,5129.0,
37,6,37-6,manggarai_air_lag2,675.0,37-13,37-14,37-14,1073.44531,776.0,
37,7,37-7,Leaf,,,,,-7.18370676,1.0,
37,8,37-8,Leaf,,,,,0.0794738755,2.0,
37,9,37-9,manggarai_air_lag20,20.0,37-15,37-16,37-16,2494.15088,10325.0,
37,10,37-10,manggarai_air_lag2,658.0,37-17,37-18,37-18,2148.73657,10946.0,
37,11,37-11,manggarai_cuaca_lag19_hujan,1.0,37-19,37-20,37-20,1492.33179,4655.0,
37,12,37-12,depok_air_lag23,275.0,37-21,37-22,37-22,1091.1084,474.0,
37,13,37-13,katulampa_air_lag5,45.0,37-23,37-24,37-24,1927.91455,14.0,
37,14,37-14,manggarai_air_lag1,805.0,37-25,37-26,37-26,693.614258,762.0,
37,15,37-15,Leaf,,,,,2.79543853,2.0,
37,16,37-16,manggarai_air_lag1,587.5,37-27,37-28,37-28,1349.08301,10323.0,
37,17,37-17,manggarai_air_lag2,602.5,37-29,37-30,37-30,1651.27356,10683.0,
37,18,37-18,depok_air_lag7,135.0,37-31,37-32,37-32,1070.05908,263.0,
37,19,37-19,time_index,3473.0,37-33,37-34,37-34,1813.11719,4296.0,
37,20,37-20,depok_air_lag23,190.0,37-35,37-36,37-36,6727.80908,359.0,
37,21,37-21,manggarai_air_lag3,658.0,37-37,37-38,37-38,912.234375,473.0,
37,22,37-22,Leaf,,,,,2.63913584,1.0,
37,23,37-23,manggarai_air_lag1,740.0,37-39,37-40,37-40,339.56958,11.0,
37,24,37-24,hour_sin,0.707106769,37-41,37-42,37-42,526.645691,3.0,
37,25,37-25,depok_cuaca_lag7_hujan,1.0,37-43,37-44,37-44,693.682129,702.0,
37,26,37-26,hour_sin,-0.866025388,37-45,37-46,37-46,310.096436,60.0,
37,27,37-27,depok_air_lag9,102.5,37-47,37-48,37-48,944.831055,3278.0,
37,28,37-28,manggarai_air_lag2,612.5,37-49,37-50,37-50,1537.15625,7045.0,
37,29,37-29,time_index,953.0,37-51,37-52,37-52,1838.53247,103.0,
37,30,37-30,manggarai_air_lag3,602.5,37-53,37-54,37-54,3895.43579,10580.0,
37,31,37-31,manggarai_air_lag4,650.0,37-55,37-56,37-56,1117.39429,260.0,
37,32,37-32,time_index,14893.0,37-57,37-58,37-58,552.967773,3.0,
37,33,37-33,depok_air_lag23,92.5,37-59,37-60,37-60,908.751831,191.0,
37,34,37-34,manggarai_cuaca_lag4_hujan,1.0,37-61,37-62,37-62,1622.07178,4105.0,
37,35,37-35,depok_air_lag16,225.0,37-63,37-64,37-64,4534.00586,348.0,
37,36,37-36,time_index,12505.0,37-65,37-66,37-66,42999.0352,11.0,
37,37,37-37,katulampa_air_lag5,120.0,37-67,37-68,37-68,605.518555,119.0,
37,38,37-38,manggarai_air_lag1,690.0,37-69,37-70,37-70,643.182495,354.0,
37,39,37-39,dayofyear_sin,-0.677239954,37-71,37-72,37-72,8.3243103,4.0,
37,40,37-40,dayofyear_sin,-0.803547621,37-73,37-74,37-74,150.833008,7.0,
37,41,37-41,Leaf,,,,,-1.99254155,1.0,
37,42,37-42,time_index,8657.0,37-75,37-76,37-76,0.372619629,2.0,
37,43,37-43,manggarai_cuaca_lag2_hujan,1.0,37-77,37-78,37-78,550.146729,569.0,
37,44,37-44,manggarai_cuaca_lag4_hujan,1.0,37-79,37-80,37-80,749.539795,133.0,
37,45,37-45,Leaf,,,,,1.57060552,3.0,
37,46,37-46,depok_air_lag16,96.0,37-81,37-82,37-82,162.816895,57.0,
37,47,37-47,manggarai_air_lag3,590.0,37-83,37-84,37-84,1043.72217,3231.0,
37,48,37-48,depok_air_lag10,80.0,37-85,37-86,37-86,297.120483,47.0,
37,49,37-49,depok_air_lag7,165.0,37-87,37-88,37-88,1060.71619,6783.0,
37,50,37-50,manggarai_air_lag9,602.5,37-89,37-90,37-90,3016.51465,262.0,
37,51,37-51,time_index,289.0,37-91,37-92,37-92,1826.87061,5.0,
37,52,37-52,hour_cos,-0.5,37-93,37-94,37-94,1078.2644,98.0,
37,53,37-53,time_index,3741.0,37-95,37-96,37-96,16630.7109,104.0,
37,54,37-54,depok_air_lag8,160.0,37-97,37-98,37-98,1702.92358,10476.0,
37,55,37-55,time_index,23903.0,37-99,37-100,37-100,117.460938,20.0,
37,56,37-56,katulampa_air_lag21,90.0,37-101,37-102,37-102,755.463013,240.0,
37,57,37-57,Leaf,,,,,2.04432583,2.0,
37,58,37-58,Leaf,,,,,-0.368417352,1.0,
37,59,37-59,manggarai_air_lag3,592.5,37-103,37-104,37-104,241.01474,56.0,
37,60,37-60,hour_cos,-0.866025388,37-105,37-106,37-106,1261.01526,135.0,
37,61,37-61,manggarai_air_lag3,760.0,37-107,37-108,37-108,1651.02832,3933.0,
37,62,37-62,depok_air_lag9,160.0,37-109,37-110,37-110,11347.917,172.0,
37,63,37-63,depok_air_lag19,170.0,37-111,37-112,37-112,1388.13159,345.0,
37,64,37-64,time_index,8789.0,37-113,37-114,37-114,5434.90137,3.0,
37,65,37-65,Leaf,,,,,-15.8171406,1.0,
37,66,37-66,hour_cos,6.12323426e-17,37-115,37-116,37-116,63.4893608,10.0,
37,67,37-67,depok_air_lag14,92.5,37-117,37-118,37-118,551.414551,118.0,
37,68,37-68,Leaf,,,,,2.28787851,1.0,
37,69,37-69,depok_air_lag6,185.0,37-119,37-120,37-120,448.174622,233.0,
37,70,37-70,manggarai_air_lag3,745.0,37-121,37-122,37-122,837.582886,121.0,
37,71,37-71,Leaf,,,,,0.201132208,1.0,
37,72,37-72,Leaf,,,,,0.855242908,3.0,
37,73,37-73,Leaf,,,,,0.819118202,2.0,
37,74,37-74,Leaf,,,,,2.52347732,5.0,
37,75,37-75,Leaf,,,,,0.0620056167,1.0,
37,76,37-76,Leaf,,,,,0.254867554,1.0,
37,77,37-77,manggarai_cuaca_lag1_hujan,1.0,37-123,37-124,37-124,1112.54688,504.0,
37,78,37-78,manggarai_air_lag9,710.0,37-125,37-126,37-126,700.887512,65.0,
37,79,37-79,depok_air_lag9,135.0,37-127,37-128,37-128,1216.5376,86.0,
37,80,37-80,hour_sin,-0.5,37-129,37-130,37-130,673.345642,47.0,
37,81,37-81,katulampa_air_lag19,15.0,37-131,37-132,37-132,116.26973,8.0,
37,82,37-82,manggarai_air_lag2,800.0,37-133,37-134,37-134,131.267334,49.0,
37,83,37-83,Leaf,,,,,-0.135146648,3069.0,
37,84,37-84,Leaf,,,,,-0.395096391,162.0,
37,85,37-85,Leaf,,,,,-0.102028549,13.0,
37,86,37-86,Leaf,,,,,0.451040566,34.0,
37,87,37-87,Leaf,,,,,-0.0568924733,6767.0,
37,88,37-88,Leaf,,,,,0.734116852,16.0,
37,89,37-89,Leaf,,,,,-0.886566341,65.0,
37,90,37-90,Leaf,,,,,-0.104757808,197.0,
37,91,37-91,Leaf,,,,,0.268479913,3.0,
37,92,37-92,Leaf,,,,,3.85700274,2.0,
37,93,37-93,Leaf,,,,,-0.326945096,21.0,
37,94,37-94,Leaf,,,,,0.468945563,77.0,
37,95,37-95,Leaf,,,,,-2.97869468,22.0,
37,96,37-96,Leaf,,,,,0.0634100884,82.0,
37,97,37-97,Leaf,,,,,0.0114569571,10459.0,
37,98,37-98,Leaf,,,,,-0.962042928,17.0,
37,99,37-99,Leaf,,,,,-1.0846535,18.0,
37,100,37-100,Leaf,,,,,-0.175516769,2.0,
37,101,37-101,Leaf,,,,,-0.261583,238.0,
37,102,37-102,Leaf,,,,,1.34142053,2.0,
37,103,37-103,Leaf,,,,,-0.733799219,2.0,
37,104,37-104,Leaf,,,,,0.190589592,54.0,
37,105,37-105,Leaf,,,,,-1.11235225,17.0,
37,106,37-106,Leaf,,,,,-0.210408807,118.0,
37,107,37-107,Leaf,,,,,0.138596222,3928.0,
37,108,37-108,Leaf,,,,,-1.52242935,5.0,
37,109,37-109,Leaf,,,,,-0.0232575554,167.0,
37,110,37-110,Leaf,,,,,-4.44977283,5.0,
37,111,37-111,Leaf,,,,,0.0679973885,324.0,
37,112,37-112,Leaf,,,,,-0.752790689,21.0,
37,113,37-113,Leaf,,,,,-7.05854797,1.0,
37,114,37-114,Leaf,,,,,0.212137863,2.0,
37,115,37-115,Leaf,,,,,-0.207472727,2.0,
37,116,37-116,Leaf,,,,,0.342586249,8.0,
37,117,37-117,Leaf,,,,,0.757863641,47.0,
37,118,37-118,Leaf,,,,,0.310809225,71.0,
37,119,37-119,Leaf,,,,,0.093229495,231.0,
37,120,37-120,Leaf,,,,,1.32500005,2.0,
37,121,37-121,Leaf,,,,,0.455058575,115.0,
37,122,37-122,Leaf,,,,,-0.681614459,6.0,
37,123,37-123,Leaf,,,,,0.271233559,484.0,
37,124,37-124,Leaf,,,,,1.01773858,20.0,
37,125,37-125,Leaf,,,,,0.220065102,44.0,
37,126,37-126,Leaf,,,,,-0.468658745,21.0,
37,127,37-127,Leaf,,,,,1.15508068,34.0,
37,128,37-128,Leaf,,,,,0.380566984,52.0,
37,129,37-129,Leaf,,,,,1.64708257,2.0,
37,130,37-130,Leaf,,,,,0.0965488628,45.0,
37,131,37-131,Leaf,,,,,0.421057135,5.0,
37,132,37-132,Leaf,,,,,-0.281465143,3.0,
37,133,37-133,Leaf,,,,,1.05168521,8.0,
37,134,37-134,Leaf,,,,,0.566297829,41.0,
38,0,38-0,depok_air_lag6,106.0,38-1,38-2,38-2,14498.624,27151.0,
38,1,38-1,manggarai_air_lag20,620.0,38-3,38-4,38-4,4947.88867,21013.0,
38,2,38-2,depok_air_lag6,165.0,38-5,38-6,38-6,2830.77148,6138.0,
38,3,38-3,depok_air_lag7,20.0,38-7,38-8,38-8,2866.32129,10315.0,
38,4,38-4,manggarai_air_lag14,770.0,38-9,38-10,38-10,5339.86719,10698.0,
38,5,38-5,depok_cuaca_lag5_hujan,1.0,38-11,38-12,38-12,2528.62744,5687.0,
38,6,38-6,depok_air_lag3,125.0,38-13,38-14,38-14,986.953125,451.0,
38,7,38-7,hour_sin,0.965925813,38-15,38-16,38-16,6269.12988,4.0,
38,8,38-8,manggarai_cuaca_lag1_hujan,1.0,38-17,38-18,38-18,2651.01221,10311.0,
38,9,38-9,time_index,19527.0,38-19,38-20,38-20,1654.79517,10675.0,
38,10,38-10,manggarai_cuaca_lag19_hujan,1.0,38-21,38-22,38-22,40017.4258,23.0,
38,11,38-11,manggarai_cuaca_lag1_hujan,1.0,38-23,38-24,38-24,2036.99414,5150.0,
38,12,38-12,katulampa_air_lag4,90.0,38-25,38-26,38-26,1249.06689,537.0,
38,13,38-13,manggarai_cuaca_lag7_hujan,1.0,38-27,38-28,38-28,561.502991,18.0,
38,14,38-14,depok_air_lag6,210.0,38-29,38-30,38-30,704.820801,433.0,
38,15,38-15,hour_sin,-0.258819044,38-31,38-32,38-32,1.11687851,3.0,
38,16,38-16,Leaf,,,,,-6.82452154,1.0,
38,17,38-17,manggarai_air_lag20,20.0,38-33,38-34,38-34,1721.22461,9985.0,
38,18,38-18,depok_air_lag16,150.0,38-35,38-36,38-36,2722.59351,326.0,
38,19,38-19,manggarai_cuaca_lag1_hujan,1.0,38-37,38-38,38-38,2449.01514,4378.0,
38,20,38-20,katulampa_air_lag4,75.0,38-39,38-40,38-40,3409.86401,6297.0,
38,21,38-21,time_index,18065.0,38-41,38-42,38-42,2464.47534,22.0,
38,22,38-22,Leaf,,,,,-15.0262833,1.0,
38,23,38-23,depok_air_lag9,155.0,38-43,38-44,38-44,1746.92627,4928.0,
38,24,38-24,hour_sin,-0.5,38-45,38-46,38-46,4928.26172,222.0,
38,25,38-25,dayofyear_cos,0.38640523,38-47,38-48,38-48,931.019043,522.0,
38,26,38-26,time_index,21251.0,38-49,38-50,38-50,1063.86865,15.0,
38,27,38-27,depok_cuaca_lag9_hujan,1.0,38-51,38-52,38-52,253.923416,15.0,
38,28,38-28,time_index,14893.0,38-53,38-54,38-54,681.352844,3.0,
38,29,38-29,time_index,33331.0,38-55,38-56,38-56,624.299561,318.0,
38,30,38-30,katulampa_air_lag5,56.0,38-57,38-58,38-58,761.717285,115.0,
38,31,38-31,Leaf,,,,,0.354152411,2.0,
38,32,38-32,Leaf,,,,,0.0847930908,1.0,
38,33,38-33,Leaf,,,,,2.83678293,1.0,
38,34,38-34,depok_cuaca_lag9_hujan,1.0,38-59,38-60,38-60,1452.30371,9984.0,
38,35,38-35,hour_sin,-0.965925813,38-61,38-62,38-62,1979.22095,322.0,
38,36,38-36,dayofyear_sin,-0.893579006,38-63,38-64,38-64,1277.427,4.0,
38,37,38-37,manggarai_air_lag9,520.0,38-65,38-66,38-66,2260.85791,4155.0,
38,38,38-38,manggarai_air_lag15,725.0,38-67,38-68,38-68,4687.15625,223.0,
38,39,38-39,manggarai_air_lag21,710.0,38-69,38-70,38-70,1268.38367,6276.0,
38,40,38-40,katulampa_cuaca_lag14_hujan,1.0,38-71,38-72,38-72,50231.207,21.0,
38,41,38-41,manggarai_air_lag15,775.0,38-73,38-74,38-74,607.148071,20.0,
38,42,38-42,hour_sin,-0.965925813,38-75,38-76,38-76,1959.54834,2.0,
38,43,38-43,dayofyear_sin,-0.739392281,38-77,38-78,38-78,1351.56812,4468.0,
38,44,38-44,time_index,27890.0,38-79,38-80,38-80,597.520752,460.0,
38,45,38-45,hour_cos,-0.5,38-81,38-82,38-82,2815.41699,69.0,
38,46,38-46,hour_cos,-0.866025388,38-83,38-84,38-84,1210.45813,153.0,
38,47,38-47,depok_air_lag6,155.0,38-85,38-86,38-86,725.695801,222.0,
38,48,38-48,time_index,689.0,38-87,38-88,38-88,530.219788,300.0,
38,49,38-49,katulampa_air_lag5,100.0,38-89,38-90,38-90,239.692596,11.0,
38,50,38-50,hour_sin,1.22464685e-16,38-91,38-92,38-92,1010.62061,4.0,
38,51,38-51,manggarai_air_lag2,665.0,38-93,38-94,38-94,155.874069,9.0,
38,52,38-52,dayofyear_sin,-0.941033661,38-95,38-96,38-96,73.6890869,6.0,
38,53,38-53,Leaf,,,,,-2.69419551,1.0,
38,54,38-54,time_index,28023.0,38-97,38-98,38-98,1.0749948,2.0,
38,55,38-55,depok_air_lag3,275.0,38-99,38-100,38-100,590.395996,309.0,
38,56,38-56,depok_air_lag16,86.0,38-101,38-102,38-102,226.993164,9.0,
38,57,38-57,manggarai_air_lag5,665.0,38-103,38-104,38-104,385.750488,62.0,
38,58,38-58,time_index,6661.0,38-105,38-106,38-106,279.196533,53.0,
38,59,38-59,dayofyear_sin,-0.599551499,38-107,38-108,38-108,1162.79883,9739.0,
38,60,38-60,manggarai_air_lag5,607.5,38-109,38-110,38-110,602.388672,245.0,
38,61,38-61,manggarai_air_lag15,598.0,38-111,38-112,38-112,2078.49341,23.0,
38,62,38-62,depok_air_lag16,74.0,38-113,38-114,38-114,1491.26379,299.0,
38,63,38-63,Leaf,,,,,3.82349443,2.0,
38,64,38-64,Leaf,,,,,0.357592791,2.0,
38,65,38-65,hour_sin,-0.707106769,38-115,38-116,38-116,807.850586,2.0,
38,66,38-66,manggarai_air_lag7,520.0,38-117,38-118,38-118,824.868286,4153.0,
38,67,38-67,dayofyear_sin,-0.994566739,38-119,38-120,38-120,4909.57861,213.0,
38,68,38-68,dayofyear_sin,0.960885406,38-121,38-122,38-122,2488.66699,10.0,
38,69,38-69,hour_cos,-0.258819044,38-123,38-124,38-124,994.896606,6192.0,
38,70,38-70,manggarai_air_lag9,625.0,38-125,38-126,38-126,24696.4824,84.0,
38,71,38-71,depok_air_lag6,80.0,38-127,38-128,38-128,483.654083,20.0,
38,72,38-72,Leaf,,,,,-16.3107338,1.0,
38,73,38-73,hour_cos,0.5,38-129,38-130,38-130,295.84552,7.0,
38,74,38-74,katulampa_air_lag4,15.0,38-131,38-132,38-132,31.1528549,13.0,
38,75,38-75,Leaf,,,,,0.362182617,1.0,
38,76,38-76,Leaf,,,,,-4.73335886,1.0,
38,77,38-77,katulampa_air_lag19,90.0,38-133,38-134,38-134,2313.09644,739.0,
38,78,38-78,time_index,15161.0,38-135,38-136,38-136,1039.18042,3729.0,
38,79,38-79,depok_air_lag8,180.0,38-137,38-138,38-138,399.476807,378.0,
38,80,38-80,manggarai_air_lag3,675.0,38-139,38-140,38-140,630.279724,82.0,
38,81,38-81,dayofyear_cos,0.538583577,38-141,38-142,38-142,2262.28516,9.0,
38,82,38-82,manggarai_air_lag2,700.0,38-143,38-144,38-144,1420.65503,60.0,
38,83,38-83,depok_air_lag12,150.0,38-145,38-146,38-146,2758.43408,25.0,
38,84,38-84,manggarai_air_lag7,715.0,38-147,38-148,38-148,727.993347,128.0,
38,85,38-85,time_index,30809.0,38-149,38-150,38-150,757.408691,207.0,
38,86,38-86,depok_air_lag7,130.0,38-151,38-152,38-152,812.302734,15.0,
38,87,38-87,manggarai_air_lag14,680.0,38-153,38-154,38-154,117.542007,15.0,
38,88,38-88,manggarai_air_lag3,765.0,38-155,38-156,38-156,419.036011,285.0,
38,89,38-89,depok_air_lag7,106.0,38-157,38-158,38-158,55.2733765,7.0,
38,90,38-90,dayofyear_sin,-0.982351661,38-159,38-160,38-160,20.0495396,4.0,
38,91,38-91,Leaf,,,,,3.13971257,3.0,
38,92,38-92,Leaf,,,,,-0.215414435,1.0,
38,93,38-93,depok_air_lag7,165.0,38-161,38-162,38-162,34.7744293,8.0,
38,94,38-94,Leaf,,,,,0.492037982,1.0,
38,95,38-95,time_index,157.0,38-163,38-164,38-164,9.46857071,2.0,
38,96,38-96,Leaf,,,,,0.619935334,4.0,
38,97,38-97,Leaf,,,,,0.0155944824,1.0,
38,98,38-98,Leaf,,,,,-0.0986358672,1.0,
38,99,38-99,dayofyear_cos,0.243729711,38-165,38-166,38-166,569.167969,305.0,
38,100,38-100,time_index,22975.0,38-167,38-168,38-168,99.7167053,4.0,
38,101,38-101,hour_cos,0.5,38-169,38-170,38-170,52.3831444,4.0,
38,102,38-102,hour_cos,0.866025388,38-171,38-172,38-172,38.7897034,5.0,
38,103,38-103,katulampa_air_lag4,29.0,38-173,38-174,38-174,434.537109,37.0,
38,104,38-104,hour_sin,0.707106769,38-175,38-176,38-176,106.869629,25.0,
38,105,38-105,manggarai_air_lag21,620.0,38-177,38-178,38-178,34.8332138,5.0,
38,106,38-106,hour_sin,0.965925813,38-179,38-180,38-180,201.955078,48.0,
38,107,38-107,Leaf,,,,,-0.146508798,3874.0,
38,108,38-108,Leaf,,,,,-0.075885348,5865.0,
38,109,38-109,Leaf,,,,,0.296078771,124.0,
38,110,38-110,Leaf,,,,,-0.016799828,121.0,
38,111,38-111,Leaf,,,,,1.75078332,14.0,
38,112,38-112,Leaf,,,,,-0.155449837,9.0,
38,113,38-113,Leaf,,,,,0.94259131,18.0,
38,114,38-114,Leaf,,,,,0.027078703,281.0,
38,115,38-115,Leaf,,,,,-3.96588755,1.0,
38,116,38-116,Leaf,,,,,-0.230960086,1.0,
38,117,38-117,Leaf,,,,,-1.33536255,4.0,
38,118,38-118,Leaf,,,,,-0.049961634,4149.0,
38,119,38-119,Leaf,,,,,2.46722293,8.0,
38,120,38-120,Leaf,,,,,0.0803414956,205.0,
38,121,38-121,Leaf,,,,,3.43829417,6.0,
38,122,38-122,Leaf,,,,,0.245411381,4.0,
38,123,38-123,Leaf,,,,,0.00158981164,2314.0,
38,124,38-124,Leaf,,,,,0.0844415352,3878.0,
38,125,38-125,Leaf,,,,,-6.02575684,6.0,
38,126,38-126,Leaf,,,,,0.172962666,78.0,
38,127,38-127,Leaf,,,,,1.28711247,3.0,
38,128,38-128,Leaf,,,,,0.0608900301,17.0,
38,129,38-129,Leaf,,,,,0.302446485,5.0,
38,130,38-130,Leaf,,,,,1.64214885,2.0,
38,131,38-131,Leaf,,,,,0.0796590149,2.0,
38,132,38-132,Leaf,,,,,-0.313267022,11.0,
38,133,38-133,Leaf,,,,,-0.0332693271,721.0,
38,134,38-134,Leaf,,,,,-1.15115309,18.0,
38,135,38-135,Leaf,,,,,0.158507004,1290.0,
38,136,38-136,Leaf,,,,,0.0475245379,2439.0,
38,137,38-137,Leaf,,,,,0.266170651,303.0,
38,138,38-138,Leaf,,,,,0.525731742,75.0,
38,139,38-139,Leaf,,,,,0.441513211,24.0,
38,140,38-140,Leaf,,,,,-0.157622561,58.0,
38,141,38-141,Leaf,,,,,1.41998291,7.0,
38,142,38-142,Leaf,,,,,5.06814146,2.0,
38,143,38-143,Leaf,,,,,1.09703577,44.0,
38,144,38-144,Leaf,,,,,-5.27774573e-05,16.0,
38,145,38-145,Leaf,,,,,0.011729504,20.0,
38,146,38-146,Leaf,,,,,-2.43240047,5.0,
38,147,38-147,Leaf,,,,,0.0965615734,110.0,
38,148,38-148,Leaf,,,,,0.768197477,18.0,
38,149,38-149,Leaf,,,,,0.479843378,174.0,
38,150,38-150,Leaf,,,,,-0.0412674844,33.0,
38,151,38-151,Leaf,,,,,2.18464112,4.0,
38,152,38-152,Leaf,,,,,0.56371057,11.0,
38,153,38-153,Leaf,,,,,-0.59377259,9.0,
38,154,38-154,Leaf,,,,,-0.0288678855,6.0,
38,155,38-155,Leaf,,,,,0.225025102,281.0,
38,156,38-156,Leaf,,,,,-0.703328848,4.0,
38,157,38-157,Leaf,,,,,1.21944273,3.0,
38,158,38-158,Leaf,,,,,0.463063955,4.0,
38,159,38-159,Leaf,,,,,-0.292236328,1.0,
38,160,38-160,Leaf,,,,,0.0967941284,3.0,
38,161,38-161,Leaf,,,,,-0.310813695,6.0,
38,162,38-162,Leaf,,,,,-0.842433631,2.0,
38,163,38-163,Leaf,,,,,0.105816655,1.0,
38,164,38-164,Leaf,,,,,-0.207437143,1.0,
38,165,38-165,Leaf,,,,,0.522606134,134.0,
38,166,38-166,Leaf,,,,,0.245046496,171.0,
38,167,38-167,Leaf,,,,,-1.10735476,2.0,
38,168,38-168,Leaf,,,,,-0.123577885,2.0,
38,169,38-169,Leaf,,,,,0.295448303,3.0,
38,170,38-170,Leaf,,,,,-0.336489886,1.0,
38,171,38-171,Leaf,,,,,-0.966506422,4.0,
38,172,38-172,Leaf,,,,,-0.128005981,1.0,
38,173,38-173,Leaf,,,,,0.0613745116,4.0,
38,174,38-174,Leaf,,,,,1.17919958,33.0,
38,175,38-175,Leaf,,,,,0.124571882,6.0,
38,176,38-176,Leaf,,,,,0.630589902,19.0,
38,177,38-177,Leaf,,,,,-0.501672387,3.0,
38,178,38-178,Leaf,,,,,0.00633138046,2.0,
38,179,38-179,Leaf,,,,,0.50800705,38.0,
38,180,38-180,Leaf,,,,,0.00389126875,10.0,
39,0,39-0,depok_air_lag7,110.0,39-1,39-2,39-2,9949.28809,27239.0,
39,1,39-1,manggarai_air_lag15,770.0,39-3,39-4,39-4,4736.5249,21081.0,
39,2,39-2,manggarai_air_lag1,715.0,39-5,39-6,39-6,3044.99902,6158.0,
39,3,39-3,manggarai_air_lag20,20.0,39-7,39-8,39-8,4045.53418,21053.0,
39,4,39-4,manggarai_cuaca_lag12_hujan,1.0,39-9,39-10,39-10,36120.3398,28.0,
39,5,39-5,hour_cos,-0.707106769,39-11,39-12,39-12,2450.43921,5205.0,
39,6,39-6,depok_air_lag10,111.0,39-13,39-14,39-14,1568.30225,953.0,
39,7,39-7,hour_sin,0.965925813,39-15,39-16,39-16,4476.98096,2.0,
39,8,39-8,manggarai_air_lag1,598.0,39-17,39-18,39-18,3722.0437,21051.0,
39,9,39-9,manggarai_air_lag4,685.0,39-19,39-20,39-20,2556.08984,27.0,
39,10,39-10,Leaf,,,,,-14.2749701,1.0,
39,11,39-11,manggarai_air_lag7,570.0,39-21,39-22,39-22,4458.31836,1216.0,
39,12,39-12,manggarai_cuaca_lag1_hujan,1.0,39-23,39-24,39-24,1554.82764,3989.0,
39,13,39-13,depok_air_lag3,120.0,39-25,39-26,39-26,1543.09521,109.0,
39,14,39-14,manggarai_air_lag1,760.0,39-27,39-28,39-28,681.419922,844.0,
39,15,39-15,Leaf,,,,,0.934994519,1.0,
39,16,39-16,Leaf,,,,,-6.48329544,1.0,
39,17,39-17,manggarai_air_lag1,550.0,39-29,39-30,39-30,1397.60498,5841.0,
39,18,39-18,manggarai_air_lag2,598.0,39-31,39-32,39-32,2351.77832,15210.0,
39,19,39-19,manggarai_air_lag2,651.0,39-33,39-34,39-34,130.851425,23.0,
39,20,39-20,hour_sin,-0.866025388,39-35,39-36,39-36,1418.95776,4.0,
39,21,39-21,dayofyear_cos,0.38640523,39-37,39-38,39-38,10321.2422,4.0,
39,22,39-22,depok_air_lag20,205.0,39-39,39-40,39-40,3122.98169,1212.0,
39,23,39-23,depok_air_lag8,200.0,39-41,39-42,39-42,1505.69336,3796.0,
39,24,39-24,depok_air_lag10,155.0,39-43,39-44,39-44,5087.3623,193.0,
39,25,39-25,depok_air_lag9,106.0,39-45,39-46,39-46,620.626953,20.0,
39,26,39-26,manggarai_cuaca_lag2_hujan,1.0,39-47,39-48,39-48,716.812256,89.0,
39,27,39-27,depok_air_lag12,185.0,39-49,39-50,39-50,543.888916,560.0,
39,28,39-28,depok_air_lag8,125.0,39-51,39-52,39-52,569.625977,284.0,
39,29,39-29,depok_cuaca_lag7_hujan,1.0,39-53,39-54,39-54,618.165894,30.0,
39,30,39-30,manggarai_air_lag2,625.0,39-55,39-56,39-56,1937.38428,5811.0,
39,31,39-31,hour_sin,-0.707106769,39-57,39-58,39-58,1503.948,153.0,
39,32,39-32,depok_cuaca_lag5_hujan,1.0,39-59,39-60,39-60,2019.0697,15057.0,
39,33,39-33,manggarai_air_lag14,780.0,39-61,39-62,39-62,26.7558899,16.0,
39,34,39-34,manggarai_air_lag14,770.0,39-63,39-64,39-64,65.3782501,7.0,
39,35,39-35,Leaf,,,,,-4.49669218,1.0,
39,36,39-36,depok_air_lag23,215.0,39-65,39-66,39-66,8.17967224,3.0,
39,37,39-37,Leaf,,,,,-8.59284115,1.0,
39,38,39-38,dayofyear_cos,0.437340111,39-67,39-68,39-68,41.1933823,3.0,
39,39,39-39,manggarai_air_lag3,760.0,39-69,39-70,39-70,1861.35474,1203.0,
39,40,39-40,manggarai_air_lag7,715.0,39-71,39-72,39-72,15254.4062,9.0,
39,41,39-41,depok_cuaca_lag7_hujan,1.0,39-73,39-74,39-74,1136.19141,3771.0,
39,42,39-42,depok_air_lag3,150.0,39-75,39-76,39-76,780.201782,25.0,
39,43,39-43,depok_air_lag20,155.0,39-77,39-78,39-78,4537.59912,191.0,
39,44,39-44,hour_sin,-0.866025388,39-79,39-80,39-80,2850.94897,2.0,
39,45,39-45,manggarai_air_lag2,732.5,39-81,39-82,39-82,18.2307129,7.0,
39,46,39-46,hour_cos,0.965925813,39-83,39-84,39-84,226.01062,13.0,
39,47,39-47,depok_air_lag23,145.0,39-85,39-86,39-86,360.362793,74.0,
39,48,39-48,depok_cuaca_lag9_hujan,1.0,39-87,39-88,39-88,892.227295,15.0,
39,49,39-49,manggarai_air_lag2,765.0,39-89,39-90,39-90,546.000977,470.0,
39,50,39-50,depok_air_lag10,155.0,39-91,39-92,39-92,1325.39441,90.0,
39,51,39-51,manggarai_air_lag15,675.0,39-93,39-94,39-94,417.180786,5.0,
39,52,39-52,katulampa_air_lag14,120.0,39-95,39-96,39-96,429.483398,279.0,
39,53,39-53,manggarai_air_lag2,625.0,39-97,39-98,39-98,215.417328,28.0,
39,54,39-54,Leaf,,,,,1.95924687,2.0,
39,55,39-55,depok_air_lag7,20.0,39-99,39-100,39-100,875.162598,5809.0,
39,56,39-56,hour_sin,0.5,39-101,39-102,39-102,950.696045,2.0,
39,57,39-57,depok_air_lag23,86.0,39-103,39-104,39-104,3537.44824,37.0,
39,58,39-58,manggarai_air_lag21,586.0,39-105,39-106,39-106,551.010864,116.0,
39,59,39-59,manggarai_air_lag4,598.0,39-107,39-108,39-108,1702.12427,14031.0,
39,60,39-60,depok_air_lag24,195.0,39-109,39-110,39-110,5017.33057,1026.0,
39,61,39-61,dayofyear_cos,-0.857849479,39-111,39-112,39-112,7.04339361,9.0,
39,62,39-62,manggarai_air_lag1,645.0,39-113,39-114,39-114,16.3796329,7.0,
39,63,39-63,hour_sin,-0.5,39-115,39-116,39-116,2.21224499,2.0,
39,64,39-64,Leaf,,,,,0.604041517,5.0,
39,65,39-65,Leaf,,,,,-0.1934845,1.0,
39,66,39-66,Leaf,,,,,-0.844016552,2.0,
39,67,39-67,Leaf,,,,,0.708693445,2.0,
39,68,39-68,Leaf,,,,,-0.0164520275,1.0,
39,69,39-69,depok_air_lag7,155.0,39-117,39-118,39-118,1812.46326,1200.0,
39,70,39-70,hour_sin,0.258819044,39-119,39-120,39-120,8072.55469,3.0,
39,71,39-71,Leaf,,,,,-9.59814167,1.0,
39,72,39-72,manggarai_air_lag1,665.0,39-121,39-122,39-122,36.9249725,8.0,
39,73,39-73,depok_air_lag8,102.5,39-123,39-124,39-124,1310.35107,3312.0,
39,74,39-74,manggarai_air_lag7,625.0,39-125,39-126,39-126,1324.73242,459.0,
39,75,39-75,manggarai_air_lag21,625.0,39-127,39-128,39-128,150.195557,14.0,
39,76,39-76,dayofyear_cos,-0.547611177,39-129,39-130,39-130,321.530762,11.0,
39,77,39-77,manggarai_air_lag7,705.0,39-131,39-132,39-132,1656.69824,169.0,
39,78,39-78,depok_air_lag7,130.0,39-133,39-134,39-134,2977.89697,22.0,
39,79,39-79,Leaf,,,,,0.341296405,1.0,
39,80,39-80,Leaf,,,,,-5.88350821,1.0,
39,81,39-81,Leaf,,,,,2.28118396,6.0,
39,82,39-82,Leaf,,,,,0.61958313,1.0,
39,83,39-83,manggarai_air_lag4,694.0,39-135,39-136,39-136,2.04162598,11.0,
39,84,39-84,hour_sin,0.0,39-137,39-138,39-138,0.437363386,2.0,
39,85,39-85,manggarai_air_lag14,715.0,39-139,39-140,39-140,227.074463,71.0,
39,86,39-86,Leaf,,,,,1.5312866,3.0,
39,87,39-87,manggarai_air_lag2,730.0,39-141,39-142,39-142,75.6089783,11.0,
39,88,39-88,hour_sin,0.707106769,39-143,39-144,39-144,203.779053,4.0,
39,89,39-89,depok_air_lag19,265.0,39-145,39-146,39-146,387.485596,456.0,
39,90,39-90,depok_air_lag3,125.0,39-147,39-148,39-148,216.887573,14.0,
39,91,39-91,depok_air_lag23,120.0,39-149,39-150,39-150,4850.85742,15.0,
39,92,39-92,depok_air_lag3,106.0,39-151,39-152,39-152,760.480896,75.0,
39,93,39-93,Leaf,,,,,-1.22270358,3.0,
39,94,39-94,Leaf,,,,,0.397066236,2.0,
39,95,39-95,depok_cuaca_lag1_hujan,1.0,39-153,39-154,39-154,545.195312,256.0,
39,96,39-96,manggarai_air_lag1,835.0,39-155,39-156,39-156,299.92215,23.0,
39,97,39-97,Leaf,,,,,0.59553349,19.0,
39,98,39-98,Leaf,,,,,0.00576843275,9.0,
39,99,39-99,Leaf,,,,,1.99617314,1.0,
39,100,39-100,Leaf,,,,,-0.0971429199,5808.0,
39,101,39-101,Leaf,,,,,-3.89821792,1.0,
39,102,39-102,Leaf,,,,,-0.0602386482,1.0,
39,103,39-103,Leaf,,,,,0.383413911,29.0,
39,104,39-104,Leaf,,,,,2.6709373,8.0,
39,105,39-105,Leaf,,,,,0.635140777,23.0,
39,106,39-106,Leaf,,,,,0.0962151065,93.0,
39,107,39-107,Leaf,,,,,-0.300936431,203.0,
39,108,39-108,Leaf,,,,,-0.00995653775,13828.0,
39,109,39-109,Leaf,,,,,0.152839005,1017.0,
39,110,39-110,Leaf,,,,,-2.09846091,9.0,
39,111,39-111,Leaf,,,,,-0.0801249221,2.0,
39,112,39-112,Leaf,,,,,0.103508763,7.0,
39,113,39-113,Leaf,,,,,-0.298679203,4.0,
39,114,39-114,Leaf,,,,,-0.00233154302,3.0,
39,115,39-115,Leaf,,,,,0.0475555435,1.0,
39,116,39-116,Leaf,,,,,-0.104809575,1.0,
39,117,39-117,Leaf,,,,,0.0123622809,1179.0,
39,118,39-118,Leaf,,,,,-0.903720498,21.0,
39,119,39-119,Leaf,,,,,1.62396646,2.0,
39,120,39-120,Leaf,,,,,-6.76630259,1.0,
39,121,39-121,Leaf,,,,,-0.260989398,1.0,
39,122,39-122,Leaf,,,,,0.232120514,7.0,
39,123,39-123,Leaf,,,,,-0.156326205,212.0,
39,124,39-124,Leaf,,,,,0.100149013,3100.0,
39,125,39-125,Leaf,,,,,0.616249681,81.0,
39,126,39-126,Leaf,,,,,0.171904877,378.0,
39,127,39-127,Leaf,,,,,0.679233789,5.0,
39,128,39-128,Leaf,,,,,1.60036743,9.0,
39,129,39-129,Leaf,,,,,-0.441312283,4.0,
39,130,39-130,Leaf,,,,,0.587233007,7.0,
39,131,39-131,Leaf,,,,,0.193203524,158.0,
39,132,39-132,Leaf,,,,,1.41459203,11.0,
39,133,39-133,Leaf,,,,,2.61222792,14.0,
39,134,39-134,Leaf,,,,,0.196813285,8.0,
39,135,39-135,Leaf,,,,,1.09292495,10.0,
39,136,39-136,Leaf,,,,,0.307449341,1.0,
39,137,39-137,Leaf,,,,,-0.0916290283,1.0,
39,138,39-138,Leaf,,,,,-0.00507812528,1.0,
39,139,39-139,Leaf,,,,,0.537264466,70.0,
39,140,39-140,Leaf,,,,,-0.603268445,1.0,
39,141,39-141,Leaf,,,,,0.483078778,7.0,
39,142,39-142,Leaf,,,,,-0.0400854498,4.0,
39,143,39-143,Leaf,,,,,-1.60633087,3.0,
39,144,39-144,Leaf,,,,,-0.00515136728,1.0,
39,145,39-145,Leaf,,,,,0.224473119,455.0,
39,146,39-146,Leaf,,,,,1.6289978,1.0,
39,147,39-147,Leaf,,,,,0.0700962618,6.0,
39,148,39-148,Leaf,,,,,-0.695432544,8.0,
39,149,39-149,Leaf,,,,,-0.0427219942,13.0,
39,150,39-150,Leaf,,,,,-4.50714731,2.0,
39,151,39-151,Leaf,,,,,1.11219311,6.0,
39,152,39-152,Leaf,,,,,0.0180090349,69.0,
39,153,39-153,Leaf,,,,,0.364179075,230.0,
39,154,39-154,Leaf,,,,,0.846533418,26.0,
39,155,39-155,Leaf,,,,,-0.183242947,20.0,
39,156,39-156,Leaf,,,,,0.76171416,3.0,
40,0,40-0,manggarai_air_lag1,670.0,40-1,40-2,40-2,9477.13574,27106.0,
40,1,40-1,manggarai_air_lag12,620.0,40-3,40-4,40-4,3414.16064,22996.0,
40,2,40-2,manggarai_air_lag1,715.0,40-5,40-6,40-6,2018.76025,4110.0,
40,3,40-3,depok_air_lag6,111.0,40-7,40-8,40-8,1934.50146,10647.0,
40,4,40-4,manggarai_cuaca_lag1_hujan,1.0,40-9,40-10,40-10,2224.14331,12349.0,
40,5,40-5,depok_cuaca_lag1_hujan,1.0,40-11,40-12,40-12,1529.73242,3132.0,
40,6,40-6,depok_cuaca_lag7_hujan,1.0,40-13,40-14,40-14,558.978516,978.0,
40,7,40-7,time_index,557.0,40-15,40-16,40-16,1796.77686,10355.0,
40,8,40-8,depok_air_lag7,210.0,40-17,40-18,40-18,1168.64172,292.0,
40,9,40-9,depok_air_lag7,180.0,40-19,40-20,40-20,1627.83765,11773.0,
40,10,40-10,manggarai_air_lag6,612.5,40-21,40-22,40-22,2483.49268,576.0,
40,11,40-11,depok_air_lag10,125.0,40-23,40-24,40-24,1425.31299,2857.0,
40,12,40-12,depok_air_lag12,160.0,40-25,40-26,40-26,2452.89331,275.0,
40,13,40-13,depok_air_lag6,96.0,40-27,40-28,40-28,693.647461,805.0,
40,14,40-14,manggarai_air_lag3,612.5,40-29,40-30,40-30,1809.19141,173.0,
40,15,40-15,depok_air_lag9,135.0,40-31,40-32,40-32,8054.00342,202.0,
40,16,40-16,manggarai_air_lag1,20.0,40-33,40-34,40-34,2282.10596,10153.0,
40,17,40-17,depok_air_lag8,185.0,40-35,40-36,40-36,967.913757,286.0,
40,18,40-18,time_index,421.0,40-37,40-38,40-38,74.4985352,6.0,
40,19,40-19,depok_air_lag8,170.0,40-39,40-40,40-40,3256.22461,11739.0,
40,20,40-20,dayofyear_sin,0.906686068,40-41,40-42,40-42,821.14978,34.0,
40,21,40-21,dayofyear_sin,0.960885406,40-43,40-44,40-44,3115.74146,49.0,
40,22,40-22,manggarai_air_lag15,592.5,40-45,40-46,40-46,1469.53345,527.0,
40,23,40-23,depok_air_lag6,210.0,40-47,40-48,40-48,1106.92847,1591.0,
40,24,40-24,manggarai_air_lag12,658.0,40-49,40-50,40-50,1577.84778,1266.0,
40,25,40-25,dayofyear_cos,-0.969580591,40-51,40-52,40-52,1214.76843,270.0,
40,26,40-26,depok_cuaca_lag2_hujan,1.0,40-53,40-54,40-54,1189.16846,5.0,
40,27,40-27,manggarai_air_lag1,720.0,40-55,40-56,40-56,1471.9043,8.0,
40,28,40-28,dayofyear_cos,-0.995322049,40-57,40-58,40-58,613.470703,797.0,
40,29,40-29,Leaf,,,,,-2.58634949,1.0,
40,30,40-30,depok_air_lag9,106.0,40-59,40-60,40-60,799.514648,172.0,
40,31,40-31,manggarai_air_lag20,20.0,40-61,40-62,40-62,6936.18408,200.0,
40,32,40-32,time_index,289.0,40-63,40-64,40-64,4184.24121,2.0,
40,33,40-33,Leaf,,,,,-3.45324397,1.0,
40,34,40-34,manggarai_air_lag20,20.0,40-65,40-66,40-66,1482.38916,10152.0,
40,35,40-35,depok_air_lag7,200.0,40-67,40-68,40-68,1013.16754,279.0,
40,36,40-36,time_index,23771.0,40-69,40-70,40-70,216.26416,7.0,
40,37,40-37,Leaf,,,,,0.287075818,1.0,
40,38,40-38,Leaf,,,,,1.60441589,5.0,
40,39,40-39,manggarai_air_lag21,710.0,40-71,40-72,40-72,1582.70898,11727.0,
40,40,40-40,hour_sin,1.22464685e-16,40-73,40-74,40-74,15122.6113,12.0,
40,41,40-41,depok_air_lag8,175.0,40-75,40-76,40-76,536.646973,28.0,
40,42,40-42,Leaf,,,,,1.65411031,6.0,
40,43,40-43,hour_cos,-1.83697015e-16,40-77,40-78,40-78,1728.89966,47.0,
40,44,40-44,Leaf,,,,,4.01513863,2.0,
40,45,40-45,hour_cos,-0.965925813,40-79,40-80,40-80,717.901367,4.0,
40,46,40-46,manggarai_air_lag5,602.5,40-81,40-82,40-82,925.78418,523.0,
40,47,40-47,manggarai_air_lag1,690.0,40-83,40-84,40-84,665.814209,1570.0,
40,48,40-48,depok_air_lag7,160.0,40-85,40-86,40-86,157.115601,21.0,
40,49,40-49,manggarai_air_lag5,780.0,40-87,40-88,40-88,7948.85596,552.0,
40,50,40-50,manggarai_air_lag3,760.0,40-89,40-90,40-90,750.129272,714.0,
40,51,40-51,manggarai_cuaca_lag1_hujan,1.0,40-91,40-92,40-92,1167.11475,18.0,
40,52,40-52,depok_air_lag20,255.0,40-93,40-94,40-94,774.61853,252.0,
40,53,40-53,time_index,23903.0,40-95,40-96,40-96,71.3236771,2.0,
40,54,40-54,Leaf,,,,,3.3192842,3.0,
40,55,40-55,time_index,14893.0,40-97,40-98,40-98,555.579346,3.0,
40,56,40-56,manggarai_air_lag3,625.0,40-99,40-100,40-100,183.694946,5.0,
40,57,40-57,manggarai_cuaca_lag1_hujan,1.0,40-101,40-102,40-102,1421.97119,26.0,
40,58,40-58,time_index,27354.0,40-103,40-104,40-104,669.241211,771.0,
40,59,40-59,manggarai_air_lag15,645.0,40-105,40-106,40-106,732.183838,21.0,
40,60,40-60,dayofyear_cos,0.840830505,40-107,40-108,40-108,519.76123,151.0,
40,61,40-61,Leaf,,,,,-6.15913105,1.0,
40,62,40-62,manggarai_cuaca_lag5_hujan,1.0,40-109,40-110,40-110,1656.64502,199.0,
40,63,40-63,Leaf,,,,,-8.16319942,1.0,
40,64,40-64,Leaf,,,,,-0.119082645,1.0,
40,65,40-65,Leaf,,,,,2.64819336,1.0,
40,66,40-66,manggarai_air_lag6,625.0,40-111,40-112,40-112,1117.92285,10151.0,
40,67,40-67,depok_cuaca_lag7_hujan,1.0,40-113,40-114,40-114,750.251099,274.0,
40,68,40-68,manggarai_air_lag21,650.0,40-115,40-116,40-116,491.09259,5.0,
40,69,40-69,dayofyear_cos,0.726963639,40-117,40-118,40-118,67.0612793,5.0,
40,70,40-70,time_index,24567.0,40-119,40-120,40-120,2.93125439,2.0,
40,71,40-71,time_index,5597.0,40-121,40-122,40-122,1432.79651,11239.0,
40,72,40-72,dayofyear_cos,-0.989639819,40-123,40-124,40-124,7810.72266,488.0,
40,73,40-73,Leaf,,,,,-9.58909321,1.0,
40,74,40-74,katulampa_air_lag3,15.0,40-125,40-126,40-126,127.243881,11.0,
40,75,40-75,manggarai_air_lag3,625.0,40-127,40-128,40-128,451.87207,21.0,
40,76,40-76,dayofyear_sin,-0.651530385,40-129,40-130,40-130,284.171753,7.0,
40,77,40-77,manggarai_air_lag1,592.5,40-131,40-132,40-132,2145.92041,20.0,
40,78,40-78,time_index,23507.0,40-133,40-134,40-134,1814.59229,27.0,
40,79,40-79,Leaf,,,,,-0.293640137,1.0,
40,80,40-80,Leaf,,,,,2.44411016,3.0,
40,81,40-81,Leaf,,,,,1.86697602,2.0,
40,82,40-82,depok_air_lag9,102.5,40-135,40-136,40-136,868.218201,521.0,
40,83,40-83,manggarai_air_lag7,685.0,40-137,40-138,40-138,464.02478,1244.0,
40,84,40-84,time_index,25894.0,40-139,40-140,40-140,960.539062,326.0,
40,85,40-85,depok_air_lag6,235.0,40-141,40-142,40-142,176.824142,9.0,
40,86,40-86,time_index,421.0,40-143,40-144,40-144,82.9456787,12.0,
40,87,40-87,manggarai_cuaca_lag4_hujan,1.0,40-145,40-146,40-146,5543.39502,551.0,
40,88,40-88,Leaf,,,,,-6.42798758,1.0,
40,89,40-89,depok_air_lag16,220.0,40-147,40-148,40-148,313.484894,711.0,
40,90,40-90,time_index,12105.0,40-149,40-150,40-150,201.713074,3.0,
40,91,40-91,manggarai_air_lag1,675.0,40-151,40-152,40-152,108.869263,10.0,
40,92,40-92,manggarai_air_lag1,690.0,40-153,40-154,40-154,849.780029,8.0,
40,93,40-93,manggarai_air_lag3,602.5,40-155,40-156,40-156,678.366699,251.0,
40,94,40-94,Leaf,,,,,2.17856145,1.0,
40,95,40-95,Leaf,,,,,0.594543457,1.0,
40,96,40-96,Leaf,,,,,-0.270468146,1.0,
40,97,40-97,Leaf,,,,,-0.0262115486,1.0,
40,98,40-98,Leaf,,,,,-2.77447295,2.0,
40,99,40-99,Leaf,,,,,0.816560388,3.0,
40,100,40-100,time_index,4137.0,40-157,40-158,40-158,8.94924355,2.0,
40,101,40-101,manggarai_air_lag3,705.0,40-159,40-160,40-160,194.502838,16.0,
40,102,40-102,manggarai_air_lag3,825.0,40-161,40-162,40-162,511.142334,10.0,
40,103,40-103,manggarai_air_lag1,780.0,40-163,40-164,40-164,497.952637,687.0,
40,104,40-104,depok_air_lag12,225.0,40-165,40-166,40-166,662.72406,84.0,
40,105,40-105,manggarai_air_lag3,685.0,40-167,40-168,40-168,115.839386,11.0,
40,106,40-106,hour_cos,-0.5,40-169,40-170,40-170,123.062256,10.0,
40,107,40-107,time_index,29749.0,40-171,40-172,40-172,450.592529,129.0,
40,108,40-108,depok_air_lag10,106.0,40-173,40-174,40-174,901.22998,22.0,
40,109,40-109,Leaf,,,,,-0.160162851,187.0,
40,110,40-110,Leaf,,,,,-1.32937491,12.0,
40,111,40-111,Leaf,,,,,-0.0666679442,9541.0,
40,112,40-112,Leaf,,,,,-0.206231579,610.0,
40,113,40-113,Leaf,,,,,0.0488891006,207.0,
40,114,40-114,Leaf,,,,,0.432037801,67.0,
40,115,40-115,Leaf,,,,,-1.81087339,3.0,
40,116,40-116,Leaf,,,,,0.0732421875,2.0,
40,117,40-117,Leaf,,,,,1.71073365,4.0,
40,118,40-118,Leaf,,,,,0.33656922,1.0,
40,119,40-119,Leaf,,,,,0.284835815,1.0,
40,120,40-120,Leaf,,,,,0.0336090103,1.0,
40,121,40-121,Leaf,,,,,-0.101292148,1213.0,
40,122,40-122,Leaf,,,,,0.013734892,10026.0,
40,123,40-123,Leaf,,,,,-1.94174731,23.0,
40,124,40-124,Leaf,,,,,-0.0914674923,465.0,
40,125,40-125,Leaf,,,,,-0.586540222,3.0,
40,126,40-126,Leaf,,,,,0.0950995609,8.0,
40,127,40-127,Leaf,,,,,0.744486272,7.0,
40,128,40-128,Leaf,,,,,-0.188148603,14.0,
40,129,40-129,Leaf,,,,,0.0536763482,2.0,
40,130,40-130,Leaf,,,,,1.45796096,5.0,
40,131,40-131,Leaf,,,,,3.85627866,2.0,
40,132,40-132,Leaf,,,,,0.866469562,18.0,
40,133,40-133,Leaf,,,,,-0.0994387046,26.0,
40,134,40-134,Leaf,,,,,3.02346206,1.0,
40,135,40-135,Leaf,,,,,0.011598832,345.0,
40,136,40-136,Leaf,,,,,0.284063697,176.0,
40,137,40-137,Leaf,,,,,0.130212486,880.0,
40,138,40-138,Leaf,,,,,-0.00399656547,364.0,
40,139,40-139,Leaf,,,,,0.309116811,293.0,
40,140,40-140,Leaf,,,,,-0.254134595,33.0,
40,141,40-141,Leaf,,,,,0.0877589658,6.0,
40,142,40-142,Leaf,,,,,0.962915063,3.0,
40,143,40-143,Leaf,,,,,0.0960632339,1.0,
40,144,40-144,Leaf,,,,,1.15054834,11.0,
40,145,40-145,Leaf,,,,,-0.053269662,534.0,
40,146,40-146,Leaf,,,,,-1.83764422,17.0,
40,147,40-147,Leaf,,,,,0.073744379,700.0,
40,148,40-148,Leaf,,,,,0.589773595,11.0,
40,149,40-149,Leaf,,,,,2.22085571,1.0,
40,150,40-150,Leaf,,,,,0.461505145,2.0,
40,151,40-151,Leaf,,,,,-0.0132786352,6.0,
40,152,40-152,Leaf,,,,,0.616380632,4.0,
40,153,40-153,Leaf,,,,,2.5682404,5.0,
40,154,40-154,Leaf,,,,,0.364210516,3.0,
40,155,40-155,Leaf,,,,,-0.712554157,7.0,
40,156,40-156,Leaf,,,,,0.225867465,244.0,
40,157,40-157,Leaf,,,,,-0.00746154785,1.0,
40,158,40-158,Leaf,,,,,-0.381536871,1.0,
40,159,40-159,Leaf,,,,,0.502000213,6.0,
40,160,40-160,Leaf,,,,,-0.17375432,10.0,
40,161,40-161,Leaf,,,,,1.89932334,8.0,
40,162,40-162,Leaf,,,,,0.0866617858,2.0,
40,163,40-163,Leaf,,,,,0.210352138,580.0,
40,164,40-164,Leaf,,,,,0.445616782,107.0,
40,165,40-165,Leaf,,,,,-0.208086237,64.0,
40,166,40-166,Leaf,,,,,0.438212067,20.0,
40,167,40-167,Leaf,,,,,0.771296442,4.0,
40,168,40-168,Leaf,,,,,0.1195755,7.0,
40,169,40-169,Leaf,,,,,0.247909546,1.0,
40,170,40-170,Leaf,,,,,1.71602178,9.0,
40,171,40-171,Leaf,,,,,0.511533141,114.0,
40,172,40-172,Leaf,,,,,-0.0670398697,15.0,
40,173,40-173,Leaf,,,,,-1.69665933,2.0,
40,174,40-174,Leaf,,,,,0.156846404,20.0,
41,0,41-0,manggarai_air_lag1,625.0,41-1,41-2,41-2,8073.7876,27289.0,
41,1,41-1,depok_air_lag24,190.0,41-3,41-4,41-4,1655.26611,12671.0,
41,2,41-2,manggarai_air_lag1,700.0,41-5,41-6,41-6,3459.20728,14618.0,
41,3,41-3,manggarai_air_lag21,715.0,41-7,41-8,41-8,1181.32031,12662.0,
41,4,41-4,hour_sin,-0.5,41-9,41-10,41-10,785.052979,9.0,
41,5,41-5,manggarai_air_lag2,625.0,41-11,41-12,41-12,2698.29883,12964.0,
41,6,41-6,manggarai_air_lag2,625.0,41-13,41-14,41-14,1208.3374,1654.0,
41,7,41-7,manggarai_air_lag21,710.0,41-15,41-16,41-16,4339.7168,12594.0,
41,8,41-8,katulampa_cuaca_lag18_hujan,1.0,41-17,41-18,41-18,2402.65674,68.0,
41,9,41-9,dayofyear_sin,-0.851711929,41-19,41-20,41-20,70.9543457,4.0,
41,10,41-10,hour_sin,1.22464685e-16,41-21,41-22,41-22,25.5293732,5.0,
41,11,41-11,manggarai_cuaca_lag12_hujan,1.0,41-23,41-24,41-24,4245.10791,333.0,
41,12,41-12,depok_air_lag6,210.0,41-25,41-26,41-26,1964.07556,12631.0,
41,13,41-13,dayofyear_sin,-0.994566739,41-27,41-28,41-28,633.943237,11.0,
41,14,41-14,manggarai_cuaca_lag1_hujan,1.0,41-29,41-30,41-30,891.128418,1643.0,
41,15,41-15,manggarai_air_lag1,585.0,41-31,41-32,41-32,1159.38428,12563.0,
41,16,41-16,katulampa_cuaca_lag18_hujan,1.0,41-33,41-34,41-34,85326.1562,31.0,
41,17,41-17,depok_air_lag19,130.0,41-35,41-36,41-36,1719.8313,63.0,
41,18,41-18,hour_sin,0.258819044,41-37,41-38,41-38,638.842285,5.0,
41,19,41-19,Leaf,,,,,0.905285656,2.0,
41,20,41-20,Leaf,,,,,2.62903666,2.0,
41,21,41-21,hour_sin,0.0,41-39,41-40,41-40,3.03986311,4.0,
41,22,41-22,Leaf,,,,,0.581066906,1.0,
41,23,41-23,depok_air_lag13,86.0,41-41,41-42,41-42,1469.24316,316.0,
41,24,41-24,dayofyear_sin,0.797101617,41-43,41-44,41-44,56632.6445,17.0,
41,25,41-25,depok_cuaca_lag5_hujan,1.0,41-45,41-46,41-46,1634.07959,12607.0,
41,26,41-26,depok_air_lag8,106.0,41-47,41-48,41-48,354.10083,24.0,
41,27,41-27,Leaf,,,,,2.89638972,1.0,
41,28,41-28,depok_air_lag9,92.5,41-49,41-50,41-50,108.663513,10.0,
41,29,41-29,depok_air_lag9,210.0,41-51,41-52,41-52,925.568115,1477.0,
41,30,41-30,dayofyear_cos,-0.995322049,41-53,41-54,41-54,1147.38525,166.0,
41,31,41-31,manggarai_air_lag20,20.0,41-55,41-56,41-56,6591.02832,2964.0,
41,32,41-32,manggarai_air_lag20,20.0,41-57,41-58,41-58,1605.4978,9599.0,
41,33,41-33,depok_air_lag24,120.0,41-59,41-60,41-60,421.705688,30.0,
41,34,41-34,Leaf,,,,,-21.2226543,1.0,
41,35,41-35,depok_air_lag14,102.5,41-61,41-62,41-62,98.6599274,62.0,
41,36,41-36,Leaf,,,,,3.05653071,1.0,
41,37,41-37,Leaf,,,,,0.868421972,3.0,
41,38,41-38,Leaf,,,,,3.37810063,2.0,
41,39,41-39,Leaf,,,,,0.145320132,3.0,
41,40,41-40,Leaf,,,,,-0.0271392819,1.0,
41,41,41-41,depok_air_lag24,74.0,41-63,41-64,41-64,1934.71533,115.0,
41,42,41-42,depok_air_lag9,92.5,41-65,41-66,41-66,840.020264,201.0,
41,43,41-43,hour_sin,-0.866025388,41-67,41-68,41-68,236.148926,16.0,
41,44,41-44,Leaf,,,,,-17.0548916,1.0,
41,45,41-45,depok_air_lag13,110.0,41-69,41-70,41-70,1394.8241,11582.0,
41,46,41-46,katulampa_air_lag3,29.0,41-71,41-72,41-72,1020.92798,1025.0,
41,47,41-47,manggarai_air_lag14,645.0,41-73,41-74,41-74,287.566956,15.0,
41,48,41-48,depok_air_lag13,106.0,41-75,41-76,41-76,195.737671,9.0,
41,49,41-49,dayofyear_sin,-0.946713924,41-77,41-78,41-78,8.56332302,3.0,
41,50,41-50,katulampa_air_lag3,15.0,41-79,41-80,41-80,78.428772,7.0,
41,51,41-51,depok_cuaca_lag7_hujan,1.0,41-81,41-82,41-82,656.837402,1368.0,
41,52,41-52,manggarai_air_lag1,710.0,41-83,41-84,41-84,462.927734,109.0,
41,53,41-53,manggarai_cuaca_lag4_hujan,1.0,41-85,41-86,41-86,486.55249,13.0,
41,54,41-54,depok_air_lag10,210.0,41-87,41-88,41-88,827.827393,153.0,
41,55,41-55,Leaf,,,,,-5.85117435,1.0,
41,56,41-56,manggarai_cuaca_lag4_hujan,1.0,41-89,41-90,41-90,1244.72461,2963.0,
41,57,41-57,Leaf,,,,,2.27272964,2.0,
41,58,41-58,depok_air_lag10,137.5,41-91,41-92,41-92,1105.01697,9597.0,
41,59,41-59,dayofyear_sin,-0.526754737,41-93,41-94,41-94,64.323349,25.0,
41,60,41-60,dayofyear_cos,-0.29959476,41-95,41-96,41-96,61.8309021,5.0,
41,61,41-61,manggarai_air_lag15,645.0,41-97,41-98,41-98,59.3618317,39.0,
41,62,41-62,depok_air_lag8,106.0,41-99,41-100,41-100,89.3388519,23.0,
41,63,41-63,hour_sin,0.866025388,41-101,41-102,41-102,822.224243,10.0,
41,64,41-64,hour_sin,0.258819044,41-103,41-104,41-104,1250.32812,105.0,
41,65,41-65,manggarai_air_lag5,602.5,41-105,41-106,41-106,1073.87341,52.0,
41,66,41-66,depok_air_lag10,102.5,41-107,41-108,41-108,1093.88721,149.0,
41,67,41-67,dayofyear_sin,0.566361904,41-109,41-110,41-110,4.23040295,3.0,
41,68,41-68,depok_air_lag16,96.0,41-111,41-112,41-112,176.518433,13.0,
41,69,41-69,manggarai_air_lag2,705.0,41-113,41-114,41-114,2373.40161,7228.0,
41,70,41-70,depok_air_lag9,160.0,41-115,41-116,41-116,3356.91724,4354.0,
41,71,41-71,manggarai_air_lag1,680.0,41-117,41-118,41-118,648.675903,535.0,
41,72,41-72,manggarai_air_lag3,640.0,41-119,41-120,41-120,1653.66284,490.0,
41,73,41-73,hour_sin,0.965925813,41-121,41-122,41-122,5.93170166,7.0,
41,74,41-74,dayofyear_sin,-0.0730451867,41-123,41-124,41-124,177.137451,8.0,
41,75,41-75,Leaf,,,,,1.79905403,5.0,
41,76,41-76,Leaf,,,,,0.63029784,4.0,
41,77,41-77,Leaf,,,,,0.270969659,2.0,
41,78,41-78,Leaf,,,,,-0.0360046402,1.0,
41,79,41-79,Leaf,,,,,1.23892212,4.0,
41,80,41-80,Leaf,,,,,0.386123657,3.0,
41,81,41-81,depok_air_lag8,102.5,41-125,41-126,41-126,837.688599,1145.0,
41,82,41-82,manggarai_air_lag5,732.5,41-127,41-128,41-128,938.57666,223.0,
41,83,41-83,hour_sin,1.0,41-129,41-130,41-130,106.917725,2.0,
41,84,41-84,dayofyear_sin,-0.985423744,41-131,41-132,41-132,223.060669,107.0,
41,85,41-85,depok_air_lag6,111.0,41-133,41-134,41-134,512.987305,7.0,
41,86,41-86,hour_sin,-0.707106769,41-135,41-136,41-136,40.2390442,6.0,
41,87,41-87,depok_air_lag6,92.5,41-137,41-138,41-138,608.856445,140.0,
41,88,41-88,dayofyear_sin,0.891640186,41-139,41-140,41-140,919.379028,13.0,
41,89,41-89,Leaf,,,,,-0.102524184,2943.0,
41,90,41-90,Leaf,,,,,-0.87551403,20.0,
41,91,41-91,Leaf,,,,,-0.0396813005,9581.0,
41,92,41-92,Leaf,,,,,-0.84668982,16.0,
41,93,41-93,Leaf,,,,,-0.207489416,14.0,
41,94,41-94,Leaf,,,,,0.104319252,11.0,
41,95,41-95,Leaf,,,,,0.248596191,2.0,
41,96,41-96,Leaf,,,,,1.1031388,3.0,
41,97,41-97,Leaf,,,,,0.438026667,6.0,
41,98,41-98,Leaf,,,,,0.110672534,33.0,
41,99,41-99,Leaf,,,,,-0.165839493,20.0,
41,100,41-100,Leaf,,,,,0.351872265,3.0,
41,101,41-101,Leaf,,,,,-1.14696729,7.0,
41,102,41-102,Leaf,,,,,0.643870533,3.0,
41,103,41-103,Leaf,,,,,1.19100559,47.0,
41,104,41-104,Leaf,,,,,0.486055851,58.0,
41,105,41-105,Leaf,,,,,-0.990418077,10.0,
41,106,41-106,Leaf,,,,,0.117439881,42.0,
41,107,41-107,Leaf,,,,,0.55983758,94.0,
41,108,41-108,Leaf,,,,,-0.000540488109,55.0,
41,109,41-109,Leaf,,,,,-0.105973303,2.0,
41,110,41-110,Leaf,,,,,0.0842468292,1.0,
41,111,41-111,Leaf,,,,,1.15901792,9.0,
41,112,41-112,Leaf,,,,,0.281057119,4.0,
41,113,41-113,Leaf,,,,,0.0441558771,7216.0,
41,114,41-114,Leaf,,,,,-1.30829227,12.0,
41,115,41-115,Leaf,,,,,-0.024248993,4337.0,
41,116,41-116,Leaf,,,,,-1.39273071,17.0,
41,117,41-117,Leaf,,,,,0.00991385523,471.0,
41,118,41-118,Leaf,,,,,0.346936882,64.0,
41,119,41-119,Leaf,,,,,0.738345385,60.0,
41,120,41-120,Leaf,,,,,0.18100059,430.0,
41,121,41-121,Leaf,,,,,1.04096854,6.0,
41,122,41-122,Leaf,,,,,0.275125116,1.0,
41,123,41-123,Leaf,,,,,-0.241166189,5.0,
41,124,41-124,Leaf,,,,,0.620834351,3.0,
41,125,41-125,Leaf,,,,,-0.394335747,32.0,
41,126,41-126,Leaf,,,,,0.117223375,1113.0,
41,127,41-127,Leaf,,,,,0.41531235,162.0,
41,128,41-128,Leaf,,,,,-0.0438497253,61.0,
41,129,41-129,Leaf,,,,,2.15382385,1.0,
41,130,41-130,Leaf,,,,,0.368023694,1.0,
41,131,41-131,Leaf,,,,,1.00602925,5.0,
41,132,41-132,Leaf,,,,,0.357251704,102.0,
41,133,41-133,Leaf,,,,,-0.16739808,1.0,
41,134,41-134,Leaf,,,,,2.09969831,6.0,
41,135,41-135,Leaf,,,,,0.642009258,4.0,
41,136,41-136,Leaf,,,,,0.070888266,2.0,
41,137,41-137,Leaf,,,,,-0.611168444,5.0,
41,138,41-138,Leaf,,,,,0.430824757,135.0,
41,139,41-139,Leaf,,,,,-0.0836449265,12.0,
41,140,41-140,Leaf,,,,,-2.40739441,1.0,
42,0,42-0,manggarai_air_lag1,670.0,42-1,42-2,42-2,6700.51465,27219.0,
42,1,42-1,manggarai_air_lag15,607.5,42-3,42-4,42-4,2522.14185,23038.0,
42,2,42-2,depok_cuaca_lag5_hujan,1.0,42-5,42-6,42-6,1752.25439,4181.0,
42,3,42-3,depok_air_lag13,96.0,42-7,42-8,42-8,1491.39697,8936.0,
42,4,42-4,depok_air_lag9,155.0,42-9,42-10,42-10,1486.17383,14102.0,
42,5,42-5,depok_air_lag6,185.0,42-11,42-12,42-12,1399.73364,3727.0,
42,6,42-6,manggarai_air_lag4,645.0,42-13,42-14,42-14,1331.48999,454.0,
42,7,42-7,depok_air_lag9,92.5,42-15,42-16,42-16,2003.14136,8148.0,
42,8,42-8,manggarai_cuaca_lag2_hujan,1.0,42-17,42-18,42-18,4237.5835,788.0,
42,9,42-9,time_index,7061.0,42-19,42-20,42-20,970.313416,14069.0,
42,10,42-10,depok_air_lag6,120.0,42-21,42-22,42-22,1089.26257,33.0,
42,11,42-11,manggarai_cuaca_lag1_hujan,1.0,42-23,42-24,42-24,1334.56543,3559.0,
42,12,42-12,depok_air_lag19,102.5,42-25,42-26,42-26,353.200684,168.0,
42,13,42-13,depok_air_lag8,111.0,42-27,42-28,42-28,812.693604,52.0,
42,14,42-14,depok_air_lag23,350.0,42-29,42-30,42-30,681.208496,402.0,
42,15,42-15,manggarai_air_lag3,640.0,42-31,42-32,42-32,1303.16528,7518.0,
42,16,42-16,depok_air_lag14,85.0,42-33,42-34,42-34,1049.03687,630.0,
42,17,42-17,manggarai_cuaca_lag12_hujan,1.0,42-35,42-36,42-36,2834.41406,755.0,
42,18,42-18,depok_air_lag14,85.0,42-37,42-38,42-38,29328.8945,33.0,
42,19,42-19,manggarai_air_lag3,680.0,42-39,42-40,42-40,1332.71655,2396.0,
42,20,42-20,katulampa_air_lag3,65.0,42-41,42-42,42-42,1435.50525,11673.0,
42,21,42-21,dayofyear_sin,-0.467064917,42-43,42-44,42-44,77.5724792,10.0,
42,22,42-22,depok_air_lag6,130.0,42-45,42-46,42-46,964.202637,23.0,
42,23,42-23,depok_air_lag14,135.0,42-47,42-48,42-48,1222.57349,3317.0,
42,24,42-24,dayofyear_sin,0.99798876,42-49,42-50,42-50,6046.37012,242.0,
42,25,42-25,depok_air_lag8,305.0,42-51,42-52,42-52,347.30072,66.0,
42,26,42-26,manggarai_air_lag1,700.0,42-53,42-54,42-54,342.496826,102.0,
42,27,42-27,time_index,19527.0,42-55,42-56,42-56,925.641846,35.0,
42,28,42-28,depok_air_lag8,120.0,42-57,42-58,42-58,873.348022,17.0,
42,29,42-29,time_index,689.0,42-59,42-60,42-60,595.881958,400.0,
42,30,42-30,hour_sin,1.22464685e-16,42-61,42-62,42-62,72.4299316,2.0,
42,31,42-31,dayofyear_sin,-0.737942815,42-63,42-64,42-64,1023.08691,7439.0,
42,32,42-32,manggarai_air_lag1,658.0,42-65,42-66,42-66,610.312134,79.0,
42,33,42-33,manggarai_air_lag12,645.0,42-67,42-68,42-68,783.408081,203.0,
42,34,42-34,manggarai_air_lag3,570.0,42-69,42-70,42-70,7651.54932,427.0,
42,35,42-35,manggarai_air_lag9,520.0,42-71,42-72,42-72,1388.49683,716.0,
42,36,42-36,katulampa_air_lag21,29.0,42-73,42-74,42-74,18417.834,39.0,
42,37,42-37,manggarai_air_lag3,602.5,42-75,42-76,42-76,47221.8281,4.0,
42,38,42-38,manggarai_air_lag3,592.5,42-77,42-78,42-78,1494.06348,29.0,
42,39,42-39,depok_air_lag8,125.0,42-79,42-80,42-80,535.095154,2360.0,
42,40,42-40,depok_air_lag6,106.0,42-81,42-82,42-82,309.185059,36.0,
42,41,42-41,katulampa_air_lag4,75.0,42-83,42-84,42-84,10632.1572,11575.0,
42,42,42-42,manggarai_air_lag7,612.5,42-85,42-86,42-86,1284.43958,98.0,
42,43,42-43,time_index,26957.0,42-87,42-88,42-88,2.48716736,3.0,
42,44,42-44,dayofyear_sin,0.643336535,42-89,42-90,42-90,16.0201321,7.0,
42,45,42-45,hour_sin,0.866025388,42-91,42-92,42-92,128.455322,5.0,
42,46,42-46,depok_air_lag8,180.0,42-93,42-94,42-94,903.474243,18.0,
42,47,42-47,manggarai_cuaca_lag2_hujan,1.0,42-95,42-96,42-96,1524.99487,2195.0,
42,48,42-48,manggarai_air_lag4,665.0,42-97,42-98,42-98,3103.04248,1122.0,
42,49,42-49,hour_sin,-0.5,42-99,42-100,42-100,3432.81616,237.0,
42,50,42-50,hour_sin,-0.965925813,42-101,42-102,42-102,481.395508,5.0,
42,51,42-51,time_index,22047.0,42-103,42-104,42-104,376.938049,64.0,
42,52,42-52,Leaf,,,,,1.24212444,2.0,
42,53,42-53,depok_air_lag8,106.0,42-105,42-106,42-106,190.23938,24.0,
42,54,42-54,dayofyear_sin,-0.0730451867,42-107,42-108,42-108,219.151489,78.0,
42,55,42-55,hour_sin,-0.707106769,42-109,42-110,42-110,431.807983,29.0,
42,56,42-56,manggarai_air_lag1,685.0,42-111,42-112,42-112,416.193848,6.0,
42,57,42-57,Leaf,,,,,-1.80176699,1.0,
42,58,42-58,hour_sin,-0.5,42-113,42-114,42-114,168.772522,16.0,
42,59,42-59,manggarai_air_lag4,675.0,42-115,42-116,42-116,212.087387,13.0,
42,60,42-60,manggarai_air_lag1,690.0,42-117,42-118,42-118,584.532227,387.0,
42,61,42-61,Leaf,,,,,2.1733582,1.0,
42,62,42-62,Leaf,,,,,0.440707415,1.0,
42,63,42-63,depok_cuaca_lag5_hujan,1.0,42-119,42-120,42-120,1255.71313,2633.0,
42,64,42-64,depok_air_lag20,155.0,42-121,42-122,42-122,990.352783,4806.0,
42,65,42-65,depok_air_lag8,120.0,42-123,42-124,42-124,403.5,73.0,
42,66,42-66,manggarai_air_lag5,602.5,42-125,42-126,42-126,633.545654,6.0,
42,67,42-67,time_index,14229.0,42-127,42-128,42-128,832.578857,201.0,
42,68,42-68,Leaf,,,,,1.91676235,2.0,
42,69,42-69,hour_sin,0.707106769,42-129,42-130,42-130,4394.64502,2.0,
42,70,42-70,depok_air_lag23,106.0,42-131,42-132,42-132,534.923401,425.0,
42,71,42-71,manggarai_air_lag3,550.0,42-133,42-134,42-134,1309.5824,4.0,
42,72,42-72,manggarai_air_lag7,592.5,42-135,42-136,42-136,705.887146,712.0,
42,73,42-73,time_index,3609.0,42-137,42-138,42-138,232.069824,35.0,
42,74,42-74,dayofyear_sin,0.616621196,42-139,42-140,42-140,35517.0938,4.0,
42,75,42-75,Leaf,,,,,-20.2667751,1.0,
42,76,42-76,hour_sin,-0.258819044,42-141,42-142,42-142,54.0350571,3.0,
42,77,42-77,Leaf,,,,,2.57862854,1.0,
42,78,42-78,manggarai_air_lag17,612.5,42-143,42-144,42-144,481.964905,28.0,
42,79,42-79,manggarai_air_lag7,715.0,42-145,42-146,42-146,512.480164,2296.0,
42,80,42-80,depok_air_lag13,86.0,42-147,42-148,42-148,680.272217,64.0,
42,81,42-81,manggarai_air_lag7,710.0,42-149,42-150,42-150,192.365967,19.0,
42,82,42-82,manggarai_air_lag21,612.5,42-151,42-152,42-152,245.550705,17.0,
42,83,42-83,depok_air_lag9,150.0,42-153,42-154,42-154,1269.2146,11566.0,
42,84,42-84,time_index,28820.0,42-155,42-156,42-156,37497.4844,9.0,
42,85,42-85,katulampa_air_lag4,100.0,42-157,42-158,42-158,1765.03345,12.0,
42,86,42-86,manggarai_air_lag1,630.0,42-159,42-160,42-160,783.900574,86.0,
42,87,42-87,Leaf,,,,,-0.626076281,2.0,
42,88,42-88,Leaf,,,,,-0.156280518,1.0,
42,89,42-89,depok_air_lag6,106.0,42-161,42-162,42-162,5.12066078,6.0,
42,90,42-90,Leaf,,,,,-0.246228024,1.0,
42,91,42-91,Leaf,,,,,0.473736584,1.0,
42,92,42-92,Leaf,,,,,2.38972425,4.0,
42,93,42-93,dayofyear_sin,-0.211275756,42-163,42-164,42-164,377.101318,12.0,
42,94,42-94,dayofyear_sin,-0.992887199,42-165,42-166,42-166,818.937622,6.0,
42,95,42-95,time_index,821.0,42-167,42-168,42-168,582.294922,2121.0,
42,96,42-96,manggarai_air_lag15,650.0,42-169,42-170,42-170,2116.07861,74.0,
42,97,42-97,depok_air_lag8,155.0,42-171,42-172,42-172,17608.1777,19.0,
42,98,42-98,dayofyear_sin,-0.997559071,42-173,42-174,42-174,1436.19641,1103.0,
42,99,42-99,depok_cuaca_lag2_hujan,1.0,42-175,42-176,42-176,2250.48682,92.0,
42,100,42-100,katulampa_air_lag21,15.0,42-177,42-178,42-178,1577.58789,145.0,
42,101,42-101,Leaf,,,,,0.637335241,1.0,
42,102,42-102,Leaf,,,,,3.87305903,4.0,
42,103,42-103,depok_air_lag6,255.0,42-179,42-180,42-180,200.151855,43.0,
42,104,42-104,depok_air_lag20,102.5,42-181,42-182,42-182,157.046448,21.0,
42,105,42-105,time_index,21783.0,42-183,42-184,42-184,14.1911087,5.0,
42,106,42-106,katulampa_air_lag4,45.0,42-185,42-186,42-186,187.536255,19.0,
42,107,42-107,depok_cuaca_lag9_hujan,1.0,42-187,42-188,42-188,268.530029,26.0,
42,108,42-108,katulampa_air_lag3,75.0,42-189,42-190,42-190,289.830505,52.0,
42,109,42-109,manggarai_air_lag5,620.0,42-191,42-192,42-192,182.853424,7.0,
42,110,42-110,manggarai_air_lag12,586.0,42-193,42-194,42-194,472.4021,22.0,
42,111,42-111,Leaf,,,,,3.13630176,2.0,
42,112,42-112,Leaf,,,,,1.06555665,4.0,
42,113,42-113,hour_sin,-0.707106769,42-195,42-196,42-196,7.00356674,2.0,
42,114,42-114,manggarai_air_lag1,685.0,42-197,42-198,42-198,136.012543,14.0,
42,115,42-115,dayofyear_sin,-0.794497311,42-199,42-200,42-200,59.9715652,5.0,
42,116,42-116,depok_air_lag20,165.0,42-201,42-202,42-202,178.413696,8.0,
42,117,42-117,manggarai_air_lag4,670.0,42-203,42-204,42-204,178.31691,164.0,
42,118,42-118,dayofyear_sin,0.968250751,42-205,42-206,42-206,662.021484,223.0,
42,119,42-119,Leaf,,,,,-0.12175516,2593.0,
42,120,42-120,Leaf,,,,,0.436303437,40.0,
42,121,42-121,Leaf,,,,,-0.0364780687,4805.0,
42,122,42-122,Leaf,,,,,2.18938303,1.0,
42,123,42-123,Leaf,,,,,-0.333075225,72.0,
42,124,42-124,Leaf,,,,,-1.7976135,1.0,
42,125,42-125,Leaf,,,,,-2.48932719,2.0,
42,126,42-126,Leaf,,,,,-0.42621094,4.0,
42,127,42-127,Leaf,,,,,0.464967489,109.0,
42,128,42-128,Leaf,,,,,0.0566127971,92.0,
42,129,42-129,Leaf,,,,,-7.71270466,1.0,
42,130,42-130,Leaf,,,,,0.207156375,1.0,
42,131,42-131,Leaf,,,,,0.0565122776,424.0,
42,132,42-132,Leaf,,,,,1.69641423,1.0,
42,133,42-133,Leaf,,,,,-3.75557256,1.0,
42,134,42-134,Leaf,,,,,-0.325701922,3.0,
42,135,42-135,Leaf,,,,,0.124108218,126.0,
42,136,42-136,Leaf,,,,,-0.136053845,586.0,
42,137,42-137,Leaf,,,,,-0.321806401,24.0,
42,138,42-138,Leaf,,,,,0.215758249,11.0,
42,139,42-139,Leaf,,,,,0.17804566,3.0,
42,140,42-140,Leaf,,,,,-16.9675751,1.0,
42,141,42-141,Leaf,,,,,-0.544059217,2.0,
42,142,42-142,Leaf,,,,,0.176055908,1.0,
42,143,42-143,Leaf,,,,,-0.10497278,26.0,
42,144,42-144,Leaf,,,,,-1.44922483,2.0,
42,145,42-145,Leaf,,,,,-0.0592399016,2286.0,
42,146,42-146,Leaf,,,,,0.625170887,10.0,
42,147,42-147,Leaf,,,,,0.882290006,12.0,
42,148,42-148,Leaf,,,,,0.0718267485,52.0,
42,149,42-149,Leaf,,,,,-1.05504942,16.0,
42,150,42-150,Leaf,,,,,-0.135729983,3.0,
42,151,42-151,Leaf,,,,,0.547102869,2.0,
42,152,42-152,Leaf,,,,,-0.45753786,15.0,
42,153,42-153,Leaf,,,,,0.0132187996,11553.0,
42,154,42-154,Leaf,,,,,-0.939509332,13.0,
42,155,42-155,Leaf,,,,,-0.167248532,8.0,
42,156,42-156,Leaf,,,,,-15.4975939,1.0,
42,157,42-157,Leaf,,,,,0.613365591,10.0,
42,158,42-158,Leaf,,,,,3.47252393,2.0,
42,159,42-159,Leaf,,,,,-0.366745919,16.0,
42,160,42-160,Leaf,,,,,0.392183542,70.0,
42,161,42-161,Leaf,,,,,0.149095163,3.0,
42,162,42-162,Leaf,,,,,-0.0183700565,3.0,
42,163,42-163,Leaf,,,,,-0.519570947,5.0,
42,164,42-164,Leaf,,,,,0.530144513,7.0,
42,165,42-165,Leaf,,,,,-0.624444604,1.0,
42,166,42-166,Leaf,,,,,1.98593843,5.0,
42,167,42-167,Leaf,,,,,-0.297521055,32.0,
42,168,42-168,Leaf,,,,,0.126366928,2089.0,
42,169,42-169,Leaf,,,,,-1.06839108,25.0,
42,170,42-170,Leaf,,,,,0.0468344726,49.0,
42,171,42-171,Leaf,,,,,-0.0114067933,17.0,
42,172,42-172,Leaf,,,,,-8.32181454,2.0,
42,173,42-173,Leaf,,,,,-1.69266725,4.0,
42,174,42-174,Leaf,,,,,0.00599387428,1099.0,
42,175,42-175,Leaf,,,,,1.16405022,48.0,
42,176,42-176,Leaf,,,,,0.174143478,44.0,
42,177,42-177,Leaf,,,,,0.383616656,48.0,
42,178,42-178,Leaf,,,,,-0.31145975,97.0,
42,179,42-179,Leaf,,,,,0.229386792,40.0,
42,180,42-180,Leaf,,,,,0.986952245,3.0,
42,181,42-181,Leaf,,,,,-0.317226708,18.0,
42,182,42-182,Leaf,,,,,0.38091585,3.0,
42,183,42-183,Leaf,,,,,0.285754412,4.0,
42,184,42-184,Leaf,,,,,-0.0705749542,1.0,
42,185,42-185,Leaf,,,,,1.19529283,12.0,
42,186,42-186,Leaf,,,,,0.450415045,7.0,
42,187,42-187,Leaf,,,,,0.971675098,11.0,
42,188,42-188,Leaf,,,,,0.305053324,15.0,
42,189,42-189,Leaf,,,,,0.101640128,38.0,
42,190,42-190,Leaf,,,,,0.624389231,14.0,
42,191,42-191,Leaf,,,,,-0.450402826,3.0,
42,192,42-192,Leaf,,,,,0.457515866,4.0,
42,193,42-193,Leaf,,,,,-0.678347766,1.0,
42,194,42-194,Leaf,,,,,1.07247925,21.0,
42,195,42-195,Leaf,,,,,-0.0517242439,1.0,
42,196,42-196,Leaf,,,,,-0.439721674,1.0,
42,197,42-197,Leaf,,,,,0.0260595717,4.0,
42,198,42-198,Leaf,,,,,0.713726819,10.0,
42,199,42-199,Leaf,,,,,0.538912952,1.0,
42,200,42-200,Leaf,,,,,-0.112419441,4.0,
42,201,42-201,Leaf,,,,,-0.949526489,6.0,
42,202,42-202,Leaf,,,,,0.08301799,2.0,
42,203,42-203,Leaf,,,,,0.295989007,36.0,
42,204,42-204,Leaf,,,,,0.0462289266,128.0,
42,205,42-205,Leaf,,,,,0.294727057,203.0,
42,206,42-206,Leaf,,,,,0.889851272,20.0,
43,0,43-0,manggarai_air_lag1,645.0,43-1,43-2,43-2,5929.64307,27173.0,
43,1,43-1,depok_air_lag7,100.0,43-3,43-4,43-4,1748.92749,16988.0,
43,2,43-2,manggarai_air_lag2,645.0,43-5,43-6,43-6,2945.99854,10185.0,
43,3,43-3,depok_air_lag24,195.0,43-7,43-8,43-8,4468.41211,12445.0,
43,4,43-4,manggarai_air_lag4,640.0,43-9,43-10,43-10,1504.42395,4543.0,
43,5,43-5,hour_sin,0.0,43-11,43-12,43-12,1783.92188,361.0,
43,6,43-6,manggarai_air_lag6,565.0,43-13,43-14,43-14,1873.07764,9824.0,
43,7,43-7,depok_air_lag10,102.5,43-15,43-16,43-16,2391.58301,12441.0,
43,8,43-8,manggarai_air_lag1,625.0,43-17,43-18,43-18,11112.8164,4.0,
43,9,43-9,depok_air_lag23,170.0,43-19,43-20,43-20,1250.31677,2583.0,
43,10,43-10,hour_sin,0.866025388,43-21,43-22,43-22,1904.12659,1960.0,
43,11,43-11,manggarai_air_lag6,592.5,43-23,43-24,43-24,1264.25439,129.0,
43,12,43-12,depok_air_lag6,96.0,43-25,43-26,43-26,1064.66138,232.0,
43,13,43-13,manggarai_air_lag4,625.0,43-27,43-28,43-28,3317.75146,11.0,
43,14,43-14,manggarai_air_lag1,685.0,43-29,43-30,43-30,1779.73047,9813.0,
43,15,43-15,time_index,26027.0,43-31,43-32,43-32,2540.57104,12273.0,
43,16,43-16,manggarai_cuaca_lag2_hujan,1.0,43-33,43-34,43-34,21561.4512,168.0,
43,17,43-17,Leaf,,,,,-8.83525276,1.0,
43,18,43-18,time_index,14893.0,43-35,43-36,43-36,196.478165,3.0,
43,19,43-19,depok_air_lag19,85.0,43-37,43-38,43-38,1329.69666,2558.0,
43,20,43-20,time_index,5333.0,43-39,43-40,43-40,861.180908,25.0,
43,21,43-21,manggarai_air_lag15,570.0,43-41,43-42,43-42,1420.62341,1627.0,
43,22,43-22,time_index,27753.0,43-43,43-44,43-44,7070.63965,333.0,
43,23,43-23,depok_cuaca_lag2_hujan,1.0,43-45,43-46,43-46,1758.06445,9.0,
43,24,43-24,manggarai_air_lag12,607.5,43-47,43-48,43-48,2737.71387,120.0,
43,25,43-25,manggarai_air_lag1,675.0,43-49,43-50,43-50,3576.97705,26.0,
43,26,43-26,manggarai_air_lag1,675.0,43-51,43-52,43-52,547.047607,206.0,
43,27,43-27,Leaf,,,,,-4.08499575,2.0,
43,28,43-28,manggarai_air_lag17,715.0,43-53,43-54,43-54,216.259033,9.0,
43,29,43-29,manggarai_air_lag3,685.0,43-55,43-56,43-56,926.06604,7495.0,
43,30,43-30,manggarai_air_lag3,680.0,43-57,43-58,43-58,1752.6543,2318.0,
43,31,43-31,manggarai_air_lag2,645.0,43-59,43-60,43-60,2015.7417,11115.0,
43,32,43-32,depok_air_lag9,102.5,43-61,43-62,43-62,1071.02759,1158.0,
43,33,43-33,depok_air_lag9,86.0,43-63,43-64,43-64,22343.0293,166.0,
43,34,43-34,time_index,2149.0,43-65,43-66,43-66,12377.0078,2.0,
43,35,43-35,time_index,7329.0,43-67,43-68,43-68,6.4780879,2.0,
43,36,43-36,Leaf,,,,,1.30885017,1.0,
43,37,43-37,depok_air_lag10,80.0,43-69,43-70,43-70,2065.72412,281.0,
43,38,43-38,manggarai_air_lag4,580.0,43-71,43-72,43-72,2299.45142,2277.0,
43,39,43-39,depok_air_lag3,125.0,43-73,43-74,43-74,163.769547,11.0,
43,40,43-40,depok_air_lag20,137.5,43-75,43-76,43-76,1953.67261,14.0,
43,41,43-41,manggarai_air_lag15,140.0,43-77,43-78,43-78,577.113525,4.0,
43,42,43-42,katulampa_air_lag3,15.0,43-79,43-80,43-80,1511.34839,1623.0,
43,43,43-43,depok_air_lag16,92.5,43-81,43-82,43-82,704.84668,242.0,
43,44,43-44,hour_sin,0.965925813,43-83,43-84,43-84,14823.2295,91.0,
43,45,43-45,manggarai_air_lag4,586.0,43-85,43-86,43-86,419.578705,4.0,
43,46,43-46,Leaf,,,,,2.80877781,5.0,
43,47,43-47,manggarai_air_lag14,598.0,43-87,43-88,43-88,940.079041,13.0,
43,48,43-48,manggarai_air_lag14,620.0,43-89,43-90,43-90,1669.50586,107.0,
43,49,43-49,katulampa_air_lag4,15.0,43-91,43-92,43-92,402.945312,19.0,
43,50,43-50,manggarai_air_lag1,720.0,43-93,43-94,43-94,792.806885,7.0,
43,51,43-51,time_index,689.0,43-95,43-96,43-96,494.442017,176.0,
43,52,43-52,depok_air_lag9,96.0,43-97,43-98,43-98,317.247437,30.0,
43,53,43-53,hour_sin,1.0,43-99,43-100,43-100,27.6645813,7.0,
43,54,43-54,Leaf,,,,,-0.929203331,2.0,
43,55,43-55,manggarai_air_lag14,770.0,43-101,43-102,43-102,1111.42773,6997.0,
43,56,43-56,manggarai_air_lag2,725.0,43-103,43-104,43-104,1845.13306,498.0,
43,57,43-57,depok_air_lag23,102.5,43-105,43-106,43-106,1352.06104,373.0,
43,58,43-58,time_index,19391.0,43-107,43-108,43-108,962.249146,1945.0,
43,59,43-59,manggarai_air_lag21,710.0,43-109,43-110,43-110,1976.01172,11036.0,
43,60,43-60,manggarai_air_lag1,630.0,43-111,43-112,43-112,912.328857,79.0,
43,61,43-61,manggarai_air_lag21,65.0,43-113,43-114,43-114,526.326599,1153.0,
43,62,43-62,depok_air_lag10,86.0,43-115,43-116,43-116,1405.38354,5.0,
43,63,43-63,depok_air_lag10,106.0,43-117,43-118,43-118,54800.293,5.0,
43,64,43-64,depok_air_lag16,130.0,43-119,43-120,43-120,2808.79126,161.0,
43,65,43-65,Leaf,,,,,0.124575809,1.0,
43,66,43-66,Leaf,,,,,-13.378089,1.0,
43,67,43-67,Leaf,,,,,-0.177682504,1.0,
43,68,43-68,Leaf,,,,,0.0826812759,1.0,
43,69,43-69,manggarai_air_lag21,620.0,43-121,43-122,43-122,266.89035,77.0,
43,70,43-70,depok_air_lag7,155.0,43-123,43-124,43-124,775.177734,204.0,
43,71,43-71,depok_air_lag10,137.5,43-125,43-126,43-126,8755.32031,18.0,
43,72,43-72,manggarai_air_lag3,665.0,43-127,43-128,43-128,916.618469,2259.0,
43,73,43-73,depok_air_lag19,130.0,43-129,43-130,43-130,80.9317551,8.0,
43,74,43-74,Leaf,,,,,-0.464878857,3.0,
43,75,43-75,Leaf,,,,,2.64695144,5.0,
43,76,43-76,manggarai_air_lag5,640.0,43-131,43-132,43-132,134.911835,9.0,
43,77,43-77,Leaf,,,,,0.232977301,2.0,
43,78,43-78,Leaf,,,,,2.55788779,2.0,
43,79,43-79,hour_sin,-0.866025388,43-133,43-134,43-134,4161.16016,315.0,
43,80,43-80,time_index,1617.0,43-135,43-136,43-136,560.401062,1308.0,
43,81,43-81,depok_air_lag3,150.0,43-137,43-138,43-138,486.878174,18.0,
43,82,43-82,manggarai_cuaca_lag1_hujan,1.0,43-139,43-140,43-140,598.69104,224.0,
43,83,43-83,time_index,27890.0,43-141,43-142,43-142,23415.1523,38.0,
43,84,43-84,time_index,29616.0,43-143,43-144,43-144,224.21077,53.0,
43,85,43-85,Leaf,,,,,0.904534936,2.0,
43,86,43-86,Leaf,,,,,-0.769042969,2.0,
43,87,43-87,time_index,157.0,43-145,43-146,43-146,7.79780579,4.0,
43,88,43-88,manggarai_air_lag3,630.0,43-147,43-148,43-148,900.090088,9.0,
43,89,43-89,katulampa_air_lag14,15.0,43-149,43-150,43-150,1069.8584,15.0,
43,90,43-90,manggarai_cuaca_lag2_hujan,1.0,43-151,43-152,43-152,796.576416,92.0,
43,91,43-91,manggarai_air_lag5,612.5,43-153,43-154,43-154,354.1409,13.0,
43,92,43-92,hour_sin,0.5,43-155,43-156,43-156,139.568481,6.0,
43,93,43-93,time_index,26160.0,43-157,43-158,43-158,563.506836,6.0,
43,94,43-94,Leaf,,,,,0.225854501,1.0,
43,95,43-95,depok_air_lag6,111.0,43-159,43-160,43-160,203.796097,10.0,
43,96,43-96,manggarai_air_lag4,145.0,43-161,43-162,43-162,454.174438,166.0,
43,97,43-97,katulampa_air_lag3,35.0,43-163,43-164,43-164,132.648987,5.0,
43,98,43-98,manggarai_air_lag3,694.0,43-165,43-166,43-166,189.71106,25.0,
43,99,43-99,time_index,22179.0,43-167,43-168,43-168,3.70882225,6.0,
43,100,43-100,Leaf,,,,,-0.263269037,1.0,
43,101,43-101,manggarai_air_lag1,665.0,43-169,43-170,43-170,765.456543,6920.0,
43,102,43-102,katulampa_air_lag19,29.0,43-171,43-172,43-172,10536.8535,77.0,
43,103,43-103,manggarai_air_lag5,680.0,43-173,43-174,43-174,991.929565,495.0,
43,104,43-104,Leaf,,,,,2.03219461,3.0,
43,105,43-105,depok_air_lag7,125.0,43-175,43-176,43-176,1254.6875,160.0,
43,106,43-106,manggarai_air_lag17,651.0,43-177,43-178,43-178,1592.96289,213.0,
43,107,43-107,katulampa_air_lag19,90.0,43-179,43-180,43-180,1288.6709,1088.0,
43,108,43-108,manggarai_air_lag9,650.0,43-181,43-182,43-182,3026.24048,857.0,
43,109,43-109,Leaf,,,,,-0.061187245,10978.0,
43,110,43-110,Leaf,,,,,-0.641521156,58.0,
43,111,43-111,Leaf,,,,,-1.37981927,11.0,
43,112,43-112,Leaf,,,,,-0.418735743,68.0,
43,113,43-113,Leaf,,,,,1.70241392,1.0,
43,114,43-114,Leaf,,,,,0.0777744949,1152.0,
43,115,43-115,Leaf,,,,,0.268010259,4.0,
43,116,43-116,Leaf,,,,,3.59196162,1.0,
43,117,43-117,Leaf,,,,,-19.7880383,1.0,
43,118,43-118,Leaf,,,,,0.390948504,4.0,
43,119,43-119,Leaf,,,,,0.0917562991,144.0,
43,120,43-120,Leaf,,,,,-1.23275721,17.0,
43,121,43-121,Leaf,,,,,-0.224619851,73.0,
43,122,43-122,Leaf,,,,,0.534714401,4.0,
43,123,43-123,Leaf,,,,,0.385300815,197.0,
43,124,43-124,Leaf,,,,,1.40102696,7.0,
43,125,43-125,Leaf,,,,,-0.310001642,17.0,
43,126,43-126,Leaf,,,,,-7.32706928,1.0,
43,127,43-127,Leaf,,,,,0.0374503769,2257.0,
43,128,43-128,Leaf,,,,,1.786731,2.0,
43,129,43-129,Leaf,,,,,-0.0240734871,4.0,
43,130,43-130,Leaf,,,,,0.573662102,4.0,
43,131,43-131,Leaf,,,,,0.0353187583,7.0,
43,132,43-132,Leaf,,,,,0.842309594,2.0,
43,133,43-133,Leaf,,,,,-1.10051107,44.0,
43,134,43-134,Leaf,,,,,-0.0618465208,271.0,
43,135,43-135,Leaf,,,,,-0.36703366,33.0,
43,136,43-136,Leaf,,,,,0.0443663783,1275.0,
43,137,43-137,Leaf,,,,,-0.373713851,17.0,
43,138,43-138,Leaf,,,,,-2.07004094,1.0,
43,139,43-139,Leaf,,,,,0.0375687145,220.0,
43,140,43-140,Leaf,,,,,1.14448488,4.0,
43,141,43-141,Leaf,,,,,-7.75517368,6.0,
43,142,43-142,Leaf,,,,,-1.3055172,32.0,
43,143,43-143,Leaf,,,,,0.0301301777,52.0,
43,144,43-144,Leaf,,,,,1.10989988,1.0,
43,145,43-145,Leaf,,,,,0.0749328658,1.0,
43,146,43-146,Leaf,,,,,0.483796686,3.0,
43,147,43-147,Leaf,,,,,-1.79435658,7.0,
43,148,43-148,Leaf,,,,,0.406616211,2.0,
43,149,43-149,Leaf,,,,,0.725000024,8.0,
43,150,43-150,Leaf,,,,,2.49564815,7.0,
43,151,43-151,Leaf,,,,,0.735686481,62.0,
43,152,43-152,Leaf,,,,,0.105640247,30.0,
43,153,43-153,Leaf,,,,,0.275305182,10.0,
43,154,43-154,Leaf,,,,,-0.823518395,3.0,
43,155,43-155,Leaf,,,,,0.138287351,2.0,
43,156,43-156,Leaf,,,,,1.20595956,4.0,
43,157,43-157,Leaf,,,,,-2.94615793,5.0,
43,158,43-158,Leaf,,,,,-0.183432013,1.0,
43,159,43-159,Leaf,,,,,-1.04812169,3.0,
43,160,43-160,Leaf,,,,,-0.130448923,7.0,
43,161,43-161,Leaf,,,,,-1.28871155,1.0,
43,162,43-162,Leaf,,,,,0.23516801,165.0,
43,163,43-163,Leaf,,,,,-0.446406573,3.0,
43,164,43-164,Leaf,,,,,0.435064703,2.0,
43,165,43-165,Leaf,,,,,0.619786263,22.0,
43,166,43-166,Leaf,,,,,1.47207189,3.0,
43,167,43-167,Leaf,,,,,0.20924072,4.0,
43,168,43-168,Leaf,,,,,0.0301228855,2.0,
43,169,43-169,Leaf,,,,,0.0198914371,5420.0,
43,170,43-170,Leaf,,,,,0.100593701,1500.0,
43,171,43-171,Leaf,,,,,-3.2109077,10.0,
43,172,43-172,Leaf,,,,,0.126862034,67.0,
43,173,43-173,Leaf,,,,,-0.492379189,63.0,
43,174,43-174,Leaf,,,,,-0.0702697262,432.0,
43,175,43-175,Leaf,,,,,0.978229463,46.0,
43,176,43-176,Leaf,,,,,0.357920259,114.0,
43,177,43-177,Leaf,,,,,-0.205596134,77.0,
43,178,43-178,Leaf,,,,,0.360962719,136.0,
43,179,43-179,Leaf,,,,,0.168792143,1051.0,
43,180,43-180,Leaf,,,,,-0.424480408,37.0,
43,181,43-181,Leaf,,,,,-0.431947201,132.0,
43,182,43-182,Leaf,,,,,0.0869179517,725.0,
44,0,44-0,manggarai_air_lag1,645.0,44-1,44-2,44-2,5241.01416,27223.0,
44,1,44-1,depok_cuaca_lag6_hujan,1.0,44-3,44-4,44-4,1472.8894,17001.0,
44,2,44-2,depok_air_lag6,120.0,44-5,44-6,44-6,1699.4541,10222.0,
44,3,44-3,manggarai_air_lag20,20.0,44-7,44-8,44-8,1412.29077,16319.0,
44,4,44-4,depok_air_lag6,160.0,44-9,44-10,44-10,816.854614,682.0,
44,5,44-5,manggarai_air_lag6,690.0,44-11,44-12,44-12,1261.4519,7285.0,
44,6,44-6,depok_cuaca_lag2_hujan,1.0,44-13,44-14,44-14,1531.59131,2937.0,
44,7,44-7,Leaf,,,,,2.12746787,2.0,
44,8,44-8,depok_air_lag3,80.0,44-15,44-16,44-16,990.898682,16317.0,
44,9,44-9,manggarai_air_lag3,625.0,44-17,44-18,44-18,620.75415,673.0,
44,10,44-10,manggarai_air_lag2,625.0,44-19,44-20,44-20,1081.47534,9.0,
44,11,44-11,manggarai_air_lag12,745.0,44-21,44-22,44-22,2043.14514,6367.0,
44,12,44-12,depok_air_lag9,106.0,44-23,44-24,44-24,1003.94421,918.0,
44,13,44-13,manggarai_air_lag5,570.0,44-25,44-26,44-26,1008.33203,2716.0,
44,14,44-14,manggarai_air_lag14,586.0,44-27,44-28,44-28,1221.83813,221.0,
44,15,44-15,manggarai_air_lag1,20.0,44-29,44-30,44-30,2024.65649,4142.0,
44,16,44-16,depok_air_lag13,105.0,44-31,44-32,44-32,1309.82776,12175.0,
44,17,44-17,manggarai_air_lag1,625.0,44-33,44-34,44-34,518.330444,377.0,
44,18,44-18,manggarai_air_lag20,720.0,44-35,44-36,44-36,441.937531,296.0,
44,19,44-19,dayofyear_cos,0.55299747,44-37,44-38,44-38,196.446655,6.0,
44,20,44-20,Leaf,,,,,2.28024602,3.0,
44,21,44-21,katulampa_air_lag4,30.0,44-39,44-40,44-40,1187.67273,6335.0,
44,22,44-22,hour_sin,1.22464685e-16,44-41,44-42,44-42,12002.7412,32.0,
44,23,44-23,manggarai_air_lag12,780.0,44-43,44-44,44-44,2311.48145,171.0,
44,24,44-24,manggarai_air_lag9,602.5,44-45,44-46,44-46,1147.35986,747.0,
44,25,44-25,manggarai_air_lag2,685.0,44-47,44-48,44-48,709.768677,4.0,
44,26,44-26,dayofyear_cos,-0.182816923,44-49,44-50,44-50,921.079834,2712.0,
44,27,44-27,Leaf,,,,,2.11129761,3.0,
44,28,44-28,katulampa_air_lag3,45.0,44-51,44-52,44-52,937.200439,218.0,
44,29,44-29,Leaf,,,,,-3.26630855,1.0,
44,30,44-30,manggarai_air_lag3,630.0,44-53,44-54,44-54,1630.30078,4141.0,
44,31,44-31,depok_air_lag23,190.0,44-55,44-56,44-56,3515.41772,9831.0,
44,32,44-32,depok_air_lag14,86.0,44-57,44-58,44-58,4944.646,2344.0,
44,33,44-33,manggarai_cuaca_lag1_hujan,1.0,44-59,44-60,44-60,385.683411,330.0,
44,34,44-34,manggarai_air_lag2,607.5,44-61,44-62,44-62,836.620117,47.0,
44,35,44-35,depok_air_lag16,135.0,44-63,44-64,44-64,379.571686,291.0,
44,36,44-36,katulampa_air_lag19,15.0,44-65,44-66,44-66,313.74408,5.0,
44,37,44-37,dayofyear_cos,-0.620844424,44-67,44-68,44-68,19.2864532,3.0,
44,38,44-38,Leaf,,,,,-0.380909741,3.0,
44,39,44-39,manggarai_air_lag2,694.0,44-69,44-70,44-70,951.066406,5050.0,
44,40,44-40,manggarai_cuaca_lag1_hujan,1.0,44-71,44-72,44-72,1052.85205,1285.0,
44,41,44-41,depok_air_lag14,102.5,44-73,44-74,44-74,200.520782,28.0,
44,42,44-42,hour_sin,0.5,44-75,44-76,44-76,22094.2656,4.0,
44,43,44-43,manggarai_air_lag3,658.0,44-77,44-78,44-78,964.480103,169.0,
44,44,44-44,hour_sin,-0.965925813,44-79,44-80,44-80,633.829102,2.0,
44,45,44-45,depok_air_lag7,125.0,44-81,44-82,44-82,3431.22144,12.0,
44,46,44-46,manggarai_air_lag6,770.0,44-83,44-84,44-84,686.184692,735.0,
44,47,44-47,hour_sin,-0.866025388,44-85,44-86,44-86,11.7243433,2.0,
44,48,44-48,Leaf,,,,,-2.29522491,2.0,
44,49,44-49,hour_sin,0.258819044,44-87,44-88,44-88,976.825928,770.0,
44,50,44-50,dayofyear_cos,-0.170117676,44-89,44-90,44-90,4969.39062,1942.0,
44,51,44-51,dayofyear_cos,-0.995322049,44-91,44-92,44-92,1057.11304,121.0,
44,52,44-52,depok_air_lag8,180.0,44-93,44-94,44-94,981.868896,97.0,
44,53,44-53,manggarai_air_lag2,625.0,44-95,44-96,44-96,2752.11401,4086.0,
44,54,44-54,manggarai_air_lag5,625.0,44-97,44-98,44-98,16228.5391,55.0,
44,55,44-55,depok_air_lag9,102.5,44-99,44-100,44-100,1709.52747,9824.0,
44,56,44-56,manggarai_air_lag5,625.0,44-101,44-102,44-102,10536.6914,7.0,
44,57,44-57,hour_sin,-0.258819044,44-103,44-104,44-104,28281.5195,56.0,
44,58,44-58,katulampa_air_lag5,20.0,44-105,44-106,44-106,1184.40686,2288.0,
44,59,44-59,depok_air_lag6,135.0,44-107,44-108,44-108,402.148254,302.0,
44,60,44-60,dayofyear_cos,-0.998315096,44-109,44-110,44-110,1855.69116,28.0,
44,61,44-61,depok_air_lag7,85.0,44-111,44-112,44-112,347.842407,7.0,
44,62,44-62,depok_cuaca_lag5_hujan,1.0,44-113,44-114,44-114,388.627258,40.0,
44,63,44-63,manggarai_air_lag9,670.0,44-115,44-116,44-116,399.805237,289.0,
44,64,44-64,hour_sin,-0.707106769,44-117,44-118,44-118,556.062988,2.0,
44,65,44-65,Leaf,,,,,-1.58847249,2.0,
44,66,44-66,dayofyear_cos,-0.707486808,44-119,44-120,44-120,1.6199069,3.0,
44,67,44-67,Leaf,,,,,0.106085204,1.0,
44,68,44-68,Leaf,,,,,0.748046875,2.0,
44,69,44-69,manggarai_air_lag1,695.0,44-121,44-122,44-122,777.652588,4914.0,
44,70,44-70,manggarai_air_lag3,645.0,44-123,44-124,44-124,2258.46729,136.0,
44,71,44-71,manggarai_air_lag20,800.0,44-125,44-126,44-126,834.879028,1164.0,
44,72,44-72,depok_air_lag20,155.0,44-127,44-128,44-128,4983.98633,121.0,
44,73,44-73,hour_sin,-0.5,44-129,44-130,44-130,20.830246,3.0,
44,74,44-74,manggarai_cuaca_lag1_hujan,1.0,44-131,44-132,44-132,96.407753,25.0,
44,75,44-75,Leaf,,,,,-13.3955507,1.0,
44,76,44-76,manggarai_air_lag9,675.0,44-133,44-134,44-134,59.1492729,3.0,
44,77,44-77,hour_sin,0.0,44-135,44-136,44-136,67.2150879,3.0,
44,78,44-78,depok_air_lag23,125.0,44-137,44-138,44-138,377.189087,166.0,
44,79,44-79,Leaf,,,,,-0.464733899,1.0,
44,80,44-80,Leaf,,,,,-4.11621714,1.0,
44,81,44-81,depok_air_lag9,125.0,44-139,44-140,44-140,178.904129,11.0,
44,82,44-82,Leaf,,,,,-4.77580595,1.0,
44,83,44-83,manggarai_cuaca_lag1_hujan,1.0,44-141,44-142,44-142,763.425232,698.0,
44,84,44-84,hour_cos,0.5,44-143,44-144,44-144,807.446106,37.0,
44,85,44-85,Leaf,,,,,-0.106341556,1.0,
44,86,44-86,Leaf,,,,,0.245346069,1.0,
44,87,44-87,katulampa_air_lag4,29.0,44-145,44-146,44-146,1127.65845,171.0,
44,88,44-88,dayofyear_cos,-0.789904535,44-147,44-148,44-148,640.218872,599.0,
44,89,44-89,manggarai_air_lag1,651.0,44-149,44-150,44-150,11733.3379,5.0,
44,90,44-90,manggarai_cuaca_lag4_hujan,1.0,44-151,44-152,44-152,805.9505,1937.0,
44,91,44-91,manggarai_air_lag3,675.0,44-153,44-154,44-154,677.660889,5.0,
44,92,44-92,dayofyear_cos,0.38640523,44-155,44-156,44-156,441.125549,116.0,
44,93,44-93,depok_air_lag7,120.0,44-157,44-158,44-158,617.385742,88.0,
44,94,44-94,depok_air_lag3,150.0,44-159,44-160,44-160,647.409912,9.0,
44,95,44-95,Leaf,,,,,-0.0792803019,4080.0,
44,96,44-96,Leaf,,,,,1.90545142,6.0,
44,97,44-97,Leaf,,,,,-4.78919077,7.0,
44,98,44-98,Leaf,,,,,0.0741831288,48.0,
44,99,44-99,Leaf,,,,,-0.020350175,9303.0,
44,100,44-100,Leaf,,,,,0.165626168,521.0,
44,101,44-101,Leaf,,,,,-8.39348888,1.0,
44,102,44-102,Leaf,,,,,-0.0105242049,6.0,
44,103,44-103,Leaf,,,,,-5.32903433,11.0,
44,104,44-104,Leaf,,,,,0.13196823,45.0,
44,105,44-105,Leaf,,,,,-0.168774366,818.0,
44,106,44-106,Leaf,,,,,-0.0186967365,1470.0,
44,107,44-107,Leaf,,,,,0.0809342861,295.0,
44,108,44-108,Leaf,,,,,0.800347924,7.0,
44,109,44-109,Leaf,,,,,3.42730713,1.0,
44,110,44-110,Leaf,,,,,0.255253822,27.0,
44,111,44-111,Leaf,,,,,2.12342834,3.0,
44,112,44-112,Leaf,,,,,0.581455112,4.0,
44,113,44-113,Leaf,,,,,-0.0879857689,16.0,
44,114,44-114,Leaf,,,,,0.538326919,24.0,
44,115,44-115,Leaf,,,,,0.026923269,266.0,
44,116,44-116,Leaf,,,,,-0.399178326,23.0,
44,117,44-117,Leaf,,,,,-0.433499157,1.0,
44,118,44-118,Leaf,,,,,2.11707759,1.0,
44,119,44-119,Leaf,,,,,-0.169732675,1.0,
44,120,44-120,Leaf,,,,,-0.025740562,2.0,
44,121,44-121,Leaf,,,,,0.0300278906,4871.0,
44,122,44-122,Leaf,,,,,0.452356666,43.0,
44,123,44-123,Leaf,,,,,-1.86435473,7.0,
44,124,44-124,Leaf,,,,,-0.131154358,129.0,
44,125,44-125,Leaf,,,,,0.0986501798,1159.0,
44,126,44-126,Leaf,,,,,1.28207815,5.0,
44,127,44-127,Leaf,,,,,0.293590873,118.0,
44,128,44-128,Leaf,,,,,3.88840485,3.0,
44,129,44-129,Leaf,,,,,-0.222045898,2.0,
44,130,44-130,Leaf,,,,,-0.864349365,1.0,
44,131,44-131,Leaf,,,,,0.210691169,24.0,
44,132,44-132,Leaf,,,,,-0.520297229,1.0,
44,133,44-133,Leaf,,,,,-0.32156679,1.0,
44,134,44-134,Leaf,,,,,0.388566107,2.0,
44,135,44-135,Leaf,,,,,-2.08486533,2.0,
44,136,44-136,Leaf,,,,,-0.445480347,1.0,
44,137,44-137,Leaf,,,,,-0.15665105,149.0,
44,138,44-138,Leaf,,,,,-0.643914819,17.0,
44,139,44-139,Leaf,,,,,-0.433658451,9.0,
44,140,44-140,Leaf,,,,,0.460494012,2.0,
44,141,44-141,Leaf,,,,,-0.0146216368,669.0,
44,142,44-142,Leaf,,,,,-0.530292571,29.0,
44,143,44-143,Leaf,,,,,0.213162944,33.0,
44,144,44-144,Leaf,,,,,1.58723152,4.0,
44,145,44-145,Leaf,,,,,0.767766416,56.0,
44,146,44-146,Leaf,,,,,0.22070387,115.0,
44,147,44-147,Leaf,,,,,-0.00726435846,212.0,
44,148,44-148,Leaf,,,,,0.208802924,387.0,
44,149,44-149,Leaf,,,,,-9.06586552,1.0,
44,150,44-150,Leaf,,,,,0.254564226,4.0,
44,151,44-151,Leaf,,,,,0.0905369744,1799.0,
44,152,44-152,Leaf,,,,,-0.159463868,138.0,
44,153,44-153,Leaf,,,,,2.51581216,2.0,
44,154,44-154,Leaf,,,,,0.280448914,3.0,
44,155,44-155,Leaf,,,,,0.332711399,43.0,
44,156,44-156,Leaf,,,,,-0.067428343,73.0,
44,157,44-157,Leaf,,,,,1.24853587,8.0,
44,158,44-158,Leaf,,,,,0.361139745,80.0,
44,159,44-159,Leaf,,,,,2.82000136,2.0,
44,160,44-160,Leaf,,,,,0.838587224,7.0,
45,0,45-0,depok_air_lag6,155.0,45-1,45-2,45-2,3453.01855,27112.0,
45,1,45-1,manggarai_cuaca_lag1_hujan,1.0,45-3,45-4,45-4,3153.00269,26417.0,
45,2,45-2,depok_air_lag6,210.0,45-5,45-6,45-6,700.480957,695.0,
45,3,45-3,depok_cuaca_lag5_hujan,1.0,45-7,45-8,45-8,2188.79517,25262.0,
45,4,45-4,hour_sin,-0.866025388,45-9,45-10,45-10,3787.11548,1155.0,
45,5,45-5,depok_cuaca_lag22_hujan,1.0,45-11,45-12,45-12,581.633545,578.0,
45,6,45-6,manggarai_air_lag4,658.0,45-13,45-14,45-14,419.677734,117.0,
45,7,45-7,manggarai_air_lag9,625.0,45-15,45-16,45-16,1531.09888,23902.0,
45,8,45-8,dayofyear_cos,0.38640523,45-17,45-18,45-18,982.18457,1360.0,
45,9,45-9,time_index,19527.0,45-19,45-20,45-20,3378.90137,188.0,
45,10,45-10,dayofyear_cos,-0.995322049,45-21,45-22,45-22,1763.9856,967.0,
45,11,45-11,time_index,13829.0,45-23,45-24,45-24,635.935303,541.0,
45,12,45-12,depok_air_lag9,200.0,45-25,45-26,45-26,389.925903,37.0,
45,13,45-13,manggarai_air_lag3,592.5,45-27,45-28,45-28,504.377197,47.0,
45,14,45-14,depok_air_lag9,250.0,45-29,45-30,45-30,239.998901,70.0,
45,15,45-15,manggarai_air_lag21,710.0,45-31,45-32,45-32,2765.22021,11621.0,
45,16,45-16,katulampa_air_lag4,75.0,45-33,45-34,45-34,1381.45923,12281.0,
45,17,45-17,dayofyear_cos,0.17647098,45-35,45-36,45-36,833.448242,669.0,
45,18,45-18,depok_air_lag7,96.0,45-37,45-38,45-38,862.610596,691.0,
45,19,45-19,depok_cuaca_lag2_hujan,1.0,45-39,45-40,45-40,2124.80469,120.0,
45,20,45-20,manggarai_air_lag17,592.5,45-41,45-42,45-42,906.767334,68.0,
45,21,45-21,dayofyear_sin,-0.0751895756,45-43,45-44,45-44,2950.78516,30.0,
45,22,45-22,time_index,20455.0,45-45,45-46,45-46,1487.24438,937.0,
45,23,45-23,manggarai_air_lag21,825.0,45-47,45-48,45-48,429.13208,219.0,
45,24,45-24,depok_air_lag9,106.0,45-49,45-50,45-50,648.885132,322.0,
45,25,45-25,manggarai_air_lag20,775.0,45-51,45-52,45-52,394.653107,28.0,
45,26,45-26,dayofyear_cos,0.293433964,45-53,45-54,45-54,369.894287,9.0,
45,27,45-27,manggarai_air_lag14,607.5,45-55,45-56,45-56,116.112167,5.0,
45,28,45-28,depok_air_lag12,85.0,45-57,45-58,45-58,491.724365,42.0,
45,29,45-29,manggarai_air_lag14,625.0,45-59,45-60,45-60,216.896301,49.0,
45,30,45-30,manggarai_air_lag20,651.0,45-61,45-62,45-62,231.868347,21.0,
45,31,45-31,depok_air_lag9,92.5,45-63,45-64,45-64,1311.19653,11576.0,
45,32,45-32,dayofyear_cos,-0.989639819,45-65,45-66,45-66,37865.6484,45.0,
45,33,45-33,dayofyear_cos,0.243729711,45-67,45-68,45-68,976.639587,12234.0,
45,34,45-34,katulampa_air_lag3,35.0,45-69,45-70,45-70,42073.2812,47.0,
45,35,45-35,time_index,7461.0,45-71,45-72,45-72,396.253784,573.0,
45,36,45-36,manggarai_air_lag9,575.0,45-73,45-74,45-74,1488.26611,96.0,
45,37,45-37,manggarai_air_lag14,710.0,45-75,45-76,45-76,12403.2637,223.0,
45,38,45-38,depok_air_lag7,165.0,45-77,45-78,45-78,544.984436,468.0,
45,39,45-39,dayofyear_cos,-0.101961888,45-79,45-80,45-80,2864.1582,64.0,
45,40,45-40,dayofyear_sin,0.995827019,45-81,45-82,45-82,2393.44385,56.0,
45,41,45-41,hour_sin,-0.965925813,45-83,45-84,45-84,757.044617,2.0,
45,42,45-42,depok_cuaca_lag9_hujan,1.0,45-85,45-86,45-86,451.992126,66.0,
45,43,45-43,manggarai_air_lag3,675.0,45-87,45-88,45-88,491.911133,9.0,
45,44,45-44,hour_cos,-0.5,45-89,45-90,45-90,1389.80432,21.0,
45,45,45-45,time_index,5737.0,45-91,45-92,45-92,2074.51953,604.0,
45,46,45-46,depok_air_lag10,137.5,45-93,45-94,45-94,2152.42627,333.0,
45,47,45-47,hour_sin,1.0,45-95,45-96,45-96,373.661255,216.0,
45,48,45-48,manggarai_air_lag9,705.0,45-97,45-98,45-98,81.3198853,3.0,
45,49,45-49,depok_air_lag7,195.0,45-99,45-100,45-100,1140.5946,95.0,
45,50,45-50,dayofyear_sin,-0.946713924,45-101,45-102,45-102,667.802917,227.0,
45,51,45-51,time_index,32668.0,45-103,45-104,45-104,267.250671,25.0,
45,52,45-52,hour_sin,0.866025388,45-105,45-106,45-106,137.363159,3.0,
45,53,45-53,hour_cos,-0.866025388,45-107,45-108,45-108,2.42260742,5.0,
45,54,45-54,depok_air_lag16,345.0,45-109,45-110,45-110,30.618206,4.0,
45,55,45-55,Leaf,,,,,-0.682360828,2.0,
45,56,45-56,time_index,4933.0,45-111,45-112,45-112,17.5009842,3.0,
45,57,45-57,dayofyear_cos,-0.830198109,45-113,45-114,45-114,37.4121704,6.0,
45,58,45-58,depok_air_lag7,235.0,45-115,45-116,45-116,200.897949,36.0,
45,59,45-59,manggarai_air_lag9,592.5,45-117,45-118,45-118,9.55682373,8.0,
45,60,45-60,depok_air_lag13,96.0,45-119,45-120,45-120,305.248352,41.0,
45,61,45-61,time_index,8657.0,45-121,45-122,45-122,96.2337189,9.0,
45,62,45-62,hour_cos,-0.965925813,45-123,45-124,45-124,62.4506836,12.0,
45,63,45-63,depok_air_lag10,102.5,45-125,45-126,45-126,12225.2803,9008.0,
45,64,45-64,depok_air_lag13,92.5,45-127,45-128,45-128,2123.68433,2568.0,
45,65,45-65,time_index,23903.0,45-129,45-130,45-130,40105.1055,3.0,
45,66,45-66,time_index,26425.0,45-131,45-132,45-132,503.20575,42.0,
45,67,45-67,depok_air_lag7,160.0,45-133,45-134,45-134,697.425781,6455.0,
45,68,45-68,depok_air_lag12,102.5,45-135,45-136,45-136,1359.08337,5779.0,
45,69,45-69,Leaf,,,,,-14.7286425,1.0,
45,70,45-70,depok_air_lag10,106.0,45-137,45-138,45-138,511.265778,46.0,
45,71,45-71,time_index,6929.0,45-139,45-140,45-140,1012.19739,134.0,
45,72,45-72,manggarai_air_lag6,658.0,45-141,45-142,45-142,389.863861,439.0,
45,73,45-73,Leaf,,,,,2.6731689,2.0,
45,74,45-74,depok_cuaca_lag2_hujan,1.0,45-143,45-144,45-144,489.186523,94.0,
45,75,45-75,manggarai_air_lag21,694.0,45-145,45-146,45-146,784.538818,222.0,
45,76,45-76,Leaf,,,,,-7.97381449,1.0,
45,77,45-77,depok_air_lag16,80.0,45-147,45-148,45-148,540.472351,466.0,
45,78,45-78,time_index,19527.0,45-149,45-150,45-150,211.512939,2.0,
45,79,45-79,manggarai_air_lag14,612.5,45-151,45-152,45-152,5058.17871,12.0,
45,80,45-80,hour_cos,-1.83697015e-16,45-153,45-154,45-154,2004.61572,52.0,
45,81,45-81,manggarai_cuaca_lag2_hujan,1.0,45-155,45-156,45-156,1425.0752,52.0,
45,82,45-82,dayofyear_sin,0.999578714,45-157,45-158,45-158,2445.83228,4.0,
45,83,45-83,Leaf,,,,,2.83822036,1.0,
45,84,45-84,Leaf,,,,,-0.283605963,1.0,
45,85,45-85,manggarai_air_lag3,612.5,45-159,45-160,45-160,191.44577,64.0,
45,86,45-86,time_index,27890.0,45-161,45-162,45-162,120.033295,2.0,
45,87,45-87,depok_air_lag6,86.0,45-163,45-164,45-164,503.618164,8.0,
45,88,45-88,Leaf,,,,,0.0637176558,1.0,
45,89,45-89,depok_air_lag19,85.0,45-165,45-166,45-166,1037.06299,6.0,
45,90,45-90,manggarai_air_lag9,640.0,45-167,45-168,45-168,343.955109,15.0,
45,91,45-91,depok_air_lag10,74.0,45-169,45-170,45-170,3387.47632,243.0,
45,92,45-92,manggarai_air_lag17,732.5,45-171,45-172,45-172,1610.47461,361.0,
45,93,45-93,manggarai_air_lag15,710.0,45-173,45-174,45-174,601.676208,307.0,
45,94,45-94,time_index,20851.0,45-175,45-176,45-176,8598.0791,26.0,
45,95,45-95,depok_cuaca_lag9_hujan,1.0,45-177,45-178,45-178,296.292725,198.0,
45,96,45-96,time_index,8125.0,45-179,45-180,45-180,509.232086,18.0,
45,97,45-97,Leaf,,,,,1.59190881,2.0,
45,98,45-98,Leaf,,,,,0.23973389,1.0,
45,99,45-99,depok_air_lag19,106.0,45-181,45-182,45-182,627.682678,81.0,
45,100,45-100,dayofyear_sin,-0.526754737,45-183,45-184,45-184,1729.39722,14.0,
45,101,45-101,time_index,26160.0,45-185,45-186,45-186,536.727661,4.0,
45,102,45-102,manggarai_air_lag6,730.0,45-187,45-188,45-188,561.181091,223.0,
45,103,45-103,depok_air_lag12,106.0,45-189,45-190,45-190,162.021591,24.0,
45,104,45-104,Leaf,,,,,1.30389714,1.0,
45,105,45-105,Leaf,,,,,1.61604619,2.0,
45,106,45-106,Leaf,,,,,0.123843387,1.0,
45,107,45-107,Leaf,,,,,0.481790155,1.0,
45,108,45-108,Leaf,,,,,1.72919309,4.0,
45,109,45-109,Leaf,,,,,0.404997259,3.0,
45,110,45-110,Leaf,,,,,-0.121365361,1.0,
45,111,45-111,Leaf,,,,,0.36769715,1.0,
45,112,45-112,Leaf,,,,,-0.0352437347,2.0,
45,113,45-113,hour_sin,0.965925813,45-191,45-192,45-192,0.286714554,3.0,
45,114,45-114,Leaf,,,,,0.175357059,3.0,
45,115,45-115,depok_air_lag9,135.0,45-193,45-194,45-194,182.184326,20.0,
45,116,45-116,depok_air_lag6,330.0,45-195,45-196,45-196,99.661377,16.0,
45,117,45-117,Leaf,,,,,0.130224615,1.0,
45,118,45-118,depok_air_lag13,80.0,45-197,45-198,45-198,12.7021179,7.0,
45,119,45-119,hour_cos,0.258819044,45-199,45-200,45-200,2.97071838,3.0,
45,120,45-120,manggarai_air_lag9,694.0,45-201,45-202,45-202,92.2346954,38.0,
45,121,45-121,Leaf,,,,,0.769268811,1.0,
45,122,45-122,depok_air_lag7,280.0,45-203,45-204,45-204,7.11825943,8.0,
45,123,45-123,Leaf,,,,,0.0342376716,1.0,
45,124,45-124,katulampa_cuaca_lag14_hujan,1.0,45-205,45-206,45-206,48.1307373,11.0,
45,125,45-125,Leaf,,,,,-0.056295462,9000.0,
45,126,45-126,Leaf,,,,,-3.74379134,8.0,
45,127,45-127,Leaf,,,,,0.183773503,610.0,
45,128,45-128,Leaf,,,,,-0.0297660138,1958.0,
45,129,45-129,Leaf,,,,,-0.0684366897,2.0,
45,130,45-130,Leaf,,,,,-20.1290894,1.0,
45,131,45-131,Leaf,,,,,-0.0576492734,38.0,
45,132,45-132,Leaf,,,,,1.00835693,4.0,
45,133,45-133,Leaf,,,,,0.0370265171,6414.0,
45,134,45-134,Leaf,,,,,-0.371836871,41.0,
45,135,45-135,Leaf,,,,,0.0403799899,2167.0,
45,136,45-136,Leaf,,,,,-0.0597741269,3612.0,
45,137,45-137,Leaf,,,,,0.32566154,30.0,
45,138,45-138,Leaf,,,,,-0.357216507,16.0,
45,139,45-139,Leaf,,,,,0.202696711,120.0,
45,140,45-140,Leaf,,,,,1.07745814,14.0,
45,141,45-141,Leaf,,,,,0.0395155512,297.0,
45,142,45-142,Leaf,,,,,0.240661457,142.0,
45,143,45-143,Leaf,,,,,0.291713446,80.0,
45,144,45-144,Leaf,,,,,0.923128724,14.0,
45,145,45-145,Leaf,,,,,-0.0879263058,219.0,
45,146,45-146,Leaf,,,,,1.32558441,3.0,
45,147,45-147,Leaf,,,,,0.911183178,7.0,
45,148,45-148,Leaf,,,,,0.081421271,459.0,
45,149,45-149,Leaf,,,,,0.12644653,1.0,
45,150,45-150,Leaf,,,,,2.04751277,1.0,
45,151,45-151,Leaf,,,,,0.104900114,5.0,
45,152,45-152,Leaf,,,,,4.18092299,7.0,
45,153,45-153,Leaf,,,,,1.78160179,17.0,
45,154,45-154,Leaf,,,,,0.462648213,35.0,
45,155,45-155,Leaf,,,,,0.810346544,22.0,
45,156,45-156,Leaf,,,,,-0.230230123,30.0,
45,157,45-157,Leaf,,,,,3.66900635,3.0,
45,158,45-158,Leaf,,,,,-1.05267644,1.0,
45,159,45-159,Leaf,,,,,-0.667217016,5.0,
45,160,45-160,Leaf,,,,,-0.0722747818,59.0,
45,161,45-161,Leaf,,,,,1.579831,1.0,
45,162,45-162,Leaf,,,,,0.112023927,1.0,
45,163,45-163,Leaf,,,,,0.654172778,2.0,
45,164,45-164,Leaf,,,,,2.89180923,6.0,
45,165,45-165,Leaf,,,,,0.201711416,4.0,
45,166,45-166,Leaf,,,,,2.71774292,2.0,
45,167,45-167,Leaf,,,,,-0.743002355,9.0,
45,168,45-168,Leaf,,,,,0.188995361,6.0,
45,169,45-169,Leaf,,,,,2.80670786,3.0,
45,170,45-170,Leaf,,,,,-0.127721608,240.0,
45,171,45-171,Leaf,,,,,0.252648532,347.0,
45,172,45-172,Leaf,,,,,1.31380737,14.0,
45,173,45-173,Leaf,,,,,-0.0190235227,300.0,
45,174,45-174,Leaf,,,,,-0.897834778,7.0,
45,175,45-175,Leaf,,,,,-4.71691084,4.0,
45,176,45-176,Leaf,,,,,-0.117247216,22.0,
45,177,45-177,Leaf,,,,,0.380024076,137.0,
45,178,45-178,Leaf,,,,,0.112937786,61.0,
45,179,45-179,Leaf,,,,,0.170131132,13.0,
45,180,45-180,Leaf,,,,,-0.93393451,5.0,
45,181,45-181,Leaf,,,,,0.13361676,64.0,
45,182,45-182,Leaf,,,,,-0.533682287,17.0,
45,183,45-183,Leaf,,,,,-0.182402462,10.0,
45,184,45-184,Leaf,,,,,-2.48081183,4.0,
45,185,45-185,Leaf,,,,,2.14055181,2.0,
45,186,45-186,Leaf,,,,,0.0170552563,2.0,
45,187,45-187,Leaf,,,,,0.213487148,169.0,
45,188,45-188,Leaf,,,,,-0.154497191,54.0,
45,189,45-189,Leaf,,,,,-0.421907961,4.0,
45,190,45-190,Leaf,,,,,0.213175461,20.0,
45,191,45-191,Leaf,,,,,-0.293216974,2.0,
45,192,45-192,Leaf,,,,,-0.0767395049,1.0,
45,193,45-193,Leaf,,,,,1.2388649,18.0,
45,194,45-194,Leaf,,,,,0.1507487,2.0,
45,195,45-195,Leaf,,,,,0.656221032,15.0,
45,196,45-196,Leaf,,,,,-0.208346561,1.0,
45,197,45-197,Leaf,,,,,0.239603683,2.0,
45,198,45-198,Leaf,,,,,0.736354589,5.0,
45,199,45-199,Leaf,,,,,-0.883984387,2.0,
45,200,45-200,Leaf,,,,,-0.229687497,1.0,
45,201,45-201,Leaf,,,,,0.248975545,25.0,
45,202,45-202,Leaf,,,,,-0.0726667121,13.0,
45,203,45-203,Leaf,,,,,-0.0602713488,6.0,
45,204,45-204,Leaf,,,,,0.123874918,2.0,
45,205,45-205,Leaf,,,,,0.365000933,3.0,
45,206,45-206,Leaf,,,,,1.0278362,8.0,
46,0,46-0,manggarai_air_lag1,645.0,46-1,46-2,46-2,3685.9978,27204.0,
46,1,46-1,depok_air_lag7,20.0,46-3,46-4,46-4,2779.87891,16998.0,
46,2,46-2,manggarai_air_lag2,645.0,46-5,46-6,46-6,1564.85327,10206.0,
46,3,46-3,time_index,289.0,46-7,46-8,46-8,3573.49146,3.0,
46,4,46-4,manggarai_air_lag2,700.0,46-9,46-10,46-10,1888.41272,16995.0,
46,5,46-5,time_index,20455.0,46-11,46-12,46-12,1196.56836,358.0,
46,6,46-6,manggarai_air_lag6,565.0,46-13,46-14,46-14,1188.36829,9848.0,
46,7,46-7,Leaf,,,,,-5.6561532,1.0,
46,8,46-8,Leaf,,,,,0.218467221,2.0,
46,9,46-9,manggarai_cuaca_lag1_hujan,1.0,46-15,46-16,46-16,1368.66821,16989.0,
46,10,46-10,manggarai_air_lag14,680.0,46-17,46-18,46-18,688.113525,6.0,
46,11,46-11,katulampa_air_lag4,90.0,46-19,46-20,46-20,1164.80835,270.0,
46,12,46-12,depok_air_lag8,92.5,46-21,46-22,46-22,2185.92627,88.0,
46,13,46-13,manggarai_air_lag5,625.0,46-23,46-24,46-24,3126.18896,13.0,
46,14,46-14,katulampa_air_lag5,37.0,46-25,46-26,46-26,1109.62927,9835.0,
46,15,46-15,depok_air_lag7,210.0,46-27,46-28,46-28,1253.12268,16445.0,
46,16,46-16,dayofyear_cos,-0.998315096,46-29,46-30,46-30,2010.11914,544.0,
46,17,46-17,Leaf,,,,,2.24165297,4.0,
46,18,46-18,time_index,8789.0,46-31,46-32,46-32,21.1019592,2.0,
46,19,46-19,depok_air_lag8,106.0,46-33,46-34,46-34,1277.31641,269.0,
46,20,46-20,Leaf,,,,,-2.06189895,1.0,
46,21,46-21,depok_air_lag23,92.5,46-35,46-36,46-36,1786.03381,15.0,
46,22,46-22,manggarai_air_lag17,635.0,46-37,46-38,46-38,1297.60803,73.0,
46,23,46-23,Leaf,,,,,-3.74228716,2.0,
46,24,46-24,manggarai_air_lag17,715.0,46-39,46-40,46-40,238.14946,11.0,
46,25,46-25,dayofyear_cos,0.38640523,46-41,46-42,46-42,1428.55957,8118.0,
46,26,46-26,katulampa_air_lag19,110.0,46-43,46-44,46-44,1038.53564,1717.0,
46,27,46-27,manggarai_air_lag20,20.0,46-45,46-46,46-46,1224.3916,16441.0,
46,28,46-28,manggarai_air_lag20,607.5,46-47,46-48,46-48,9.99316406,4.0,
46,29,46-29,Leaf,,,,,3.29309082,1.0,
46,30,46-30,hour_sin,-0.707106769,46-49,46-50,46-50,2092.34424,543.0,
46,31,46-31,Leaf,,,,,-0.206729129,1.0,
46,32,46-32,Leaf,,,,,0.253430188,1.0,
46,33,46-33,dayofyear_sin,-0.909388244,46-51,46-52,46-52,1128.1582,127.0,
46,34,46-34,dayofyear_sin,-0.211275756,46-53,46-54,46-54,463.215179,142.0,
46,35,46-35,time_index,23239.0,46-55,46-56,46-56,1370.3418,10.0,
46,36,46-36,hour_sin,0.0,46-57,46-58,46-58,276.530029,5.0,
46,37,46-37,depok_air_lag23,96.0,46-59,46-60,46-60,667.939087,16.0,
46,38,46-38,depok_air_lag19,160.0,46-61,46-62,46-62,821.264587,57.0,
46,39,46-39,katulampa_air_lag19,56.0,46-63,46-64,46-64,34.3231506,9.0,
46,40,46-40,Leaf,,,,,-0.867291272,2.0,
46,41,46-41,manggarai_cuaca_lag1_hujan,1.0,46-65,46-66,46-66,660.97522,5877.0,
46,42,46-42,depok_air_lag12,135.0,46-67,46-68,46-68,1750.07141,2241.0,
46,43,46-43,manggarai_air_lag6,650.0,46-69,46-70,46-70,719.149902,1701.0,
46,44,46-44,depok_air_lag13,165.0,46-71,46-72,46-72,8160.84033,16.0,
46,45,46-45,Leaf,,,,,1.98616731,2.0,
46,46,46-46,depok_air_lag6,210.0,46-73,46-74,46-74,971.956665,16439.0,
46,47,46-47,Leaf,,,,,0.454431146,1.0,
46,48,46-48,Leaf,,,,,1.70960236,3.0,
46,49,46-49,manggarai_air_lag6,675.0,46-75,46-76,46-76,3203.87524,161.0,
46,50,46-50,time_index,2545.0,46-77,46-78,46-78,884.316956,382.0,
46,51,46-51,manggarai_air_lag5,607.5,46-79,46-80,46-80,864.032715,9.0,
46,52,46-52,manggarai_air_lag7,645.0,46-81,46-82,46-82,993.868408,118.0,
46,53,46-53,dayofyear_sin,-0.497204065,46-83,46-84,46-84,203.82312,67.0,
46,54,46-54,manggarai_air_lag3,685.0,46-85,46-86,46-86,359.542725,75.0,
46,55,46-55,Leaf,,,,,-2.11046767,2.0,
46,56,46-56,dayofyear_sin,0.16481784,46-87,46-88,46-88,182.003174,8.0,
46,57,46-57,Leaf,,,,,-0.436929315,1.0,
46,58,46-58,Leaf,,,,,-2.81718993,4.0,
46,59,46-59,manggarai_air_lag12,592.5,46-89,46-90,46-90,73.7687683,12.0,
46,60,46-60,time_index,28953.0,46-91,46-92,46-92,219.704224,4.0,
46,61,46-61,katulampa_air_lag5,35.0,46-93,46-94,46-94,355.742584,56.0,
46,62,46-62,Leaf,,,,,-2.05567622,1.0,
46,63,46-63,depok_air_lag10,135.0,46-95,46-96,46-96,13.0653648,8.0,
46,64,46-64,Leaf,,,,,-0.24918519,1.0,
46,65,46-65,manggarai_cuaca_lag19_hujan,1.0,46-97,46-98,46-98,741.974365,5654.0,
46,66,46-66,manggarai_air_lag2,650.0,46-99,46-100,46-100,4480.27734,223.0,
46,67,46-67,depok_air_lag6,85.0,46-101,46-102,46-102,1048.76929,1830.0,
46,68,46-68,dayofyear_sin,0.827189326,46-103,46-104,46-104,1435.75903,411.0,
46,69,46-69,depok_air_lag8,102.5,46-105,46-106,46-106,588.25293,226.0,
46,70,46-70,manggarai_air_lag7,650.0,46-107,46-108,46-108,1045.34033,1475.0,
46,71,46-71,Leaf,,,,,-6.66464567,1.0,
46,72,46-72,manggarai_air_lag1,770.0,46-109,46-110,46-110,337.393921,15.0,
46,73,46-73,Leaf,,,,,-0.034991432,16428.0,
46,74,46-74,Leaf,,,,,0.865371704,11.0,
46,75,46-75,Leaf,,,,,0.353445739,159.0,
46,76,46-76,Leaf,,,,,3.66078305,2.0,
46,77,46-77,Leaf,,,,,-0.317435116,75.0,
46,78,46-78,Leaf,,,,,0.0634473339,307.0,
46,79,46-79,Leaf,,,,,-0.152217612,2.0,
46,80,46-80,Leaf,,,,,2.10017633,7.0,
46,81,46-81,Leaf,,,,,0.648758054,96.0,
46,82,46-82,Leaf,,,,,-0.0918557867,22.0,
46,83,46-83,Leaf,,,,,0.0844717845,48.0,
46,84,46-84,Leaf,,,,,-0.294413447,19.0,
46,85,46-85,Leaf,,,,,0.286076248,73.0,
46,86,46-86,Leaf,,,,,1.41982627,2.0,
46,87,46-87,Leaf,,,,,-0.0321502686,5.0,
46,88,46-88,Leaf,,,,,0.866722107,3.0,
46,89,46-89,Leaf,,,,,0.0320861824,3.0,
46,90,46-90,Leaf,,,,,0.608696282,9.0,
46,91,46-91,Leaf,,,,,2.26148844,3.0,
46,92,46-92,Leaf,,,,,0.274249285,1.0,
46,93,46-93,Leaf,,,,,0.105440311,49.0,
46,94,46-94,Leaf,,,,,-0.61277467,7.0,
46,95,46-95,Leaf,,,,,0.113428608,6.0,
46,96,46-96,Leaf,,,,,0.402207434,2.0,
46,97,46-97,Leaf,,,,,0.0534430556,5385.0,
46,98,46-98,Leaf,,,,,-0.116457276,269.0,
46,99,46-99,Leaf,,,,,2.28975654,9.0,
46,100,46-100,Leaf,,,,,0.123254851,214.0,
46,101,46-101,Leaf,,,,,-0.781668603,16.0,
46,102,46-102,Leaf,,,,,0.00744571118,1814.0,
46,103,46-103,Leaf,,,,,-0.169728562,376.0,
46,104,46-104,Leaf,,,,,-0.831909657,35.0,
46,105,46-105,Leaf,,,,,0.551506758,61.0,
46,106,46-106,Leaf,,,,,0.187986344,165.0,
46,107,46-107,Leaf,,,,,-0.378136247,44.0,
46,108,46-108,Leaf,,,,,0.111569695,1431.0,
46,109,46-109,Leaf,,,,,-0.484199017,5.0,
46,110,46-110,Leaf,,,,,0.450151503,10.0,
47,0,47-0,depok_air_lag7,110.0,47-1,47-2,47-2,3112.44629,27095.0,
47,1,47-1,time_index,27890.0,47-3,47-4,47-4,1334.60535,21008.0,
47,2,47-2,depok_cuaca_lag5_hujan,1.0,47-5,47-6,47-6,1567.64551,6087.0,
47,3,47-3,time_index,27753.0,47-7,47-8,47-8,3193.0271,17257.0,
47,4,47-4,katulampa_air_lag4,75.0,47-9,47-10,47-10,3787.65967,3751.0,
47,5,47-5,depok_air_lag6,225.0,47-11,47-12,47-12,1428.59644,5571.0,
47,6,47-6,depok_air_lag23,350.0,47-13,47-14,47-14,651.637939,516.0,
47,7,47-7,manggarai_cuaca_lag1_hujan,1.0,47-15,47-16,47-16,1351.68469,17191.0,
47,8,47-8,hour_sin,0.866025388,47-17,47-18,47-18,15694.8369,66.0,
47,9,47-9,depok_cuaca_lag22_hujan,1.0,47-19,47-20,47-20,483.458191,3738.0,
47,10,47-10,dayofyear_sin,0.478433818,47-21,47-22,47-22,35765.4688,13.0,
47,11,47-11,dayofyear_sin,-0.750864267,47-23,47-24,47-24,1303.95386,5519.0,
47,12,47-12,manggarai_air_lag15,658.0,47-25,47-26,47-26,272.006958,52.0,
47,13,47-13,dayofyear_cos,0.992758632,47-27,47-28,47-28,640.269287,515.0,
47,14,47-14,Leaf,,,,,2.03263855,1.0,
47,15,47-15,depok_air_lag16,150.0,47-29,47-30,47-30,1322.16821,16489.0,
47,16,47-16,depok_air_lag3,111.0,47-31,47-32,47-32,1495.77405,702.0,
47,17,47-17,katulampa_air_lag4,56.0,47-33,47-34,47-34,161.159622,54.0,
47,18,47-18,depok_air_lag3,106.0,47-35,47-36,47-36,25122.1719,12.0,
47,19,47-19,depok_air_lag12,106.0,47-37,47-38,47-38,419.698608,3492.0,
47,20,47-20,dayofyear_sin,0.918121457,47-39,47-40,47-40,2934.93237,246.0,
47,21,47-21,katulampa_air_lag14,15.0,47-41,47-42,47-42,517.059998,12.0,
47,22,47-22,Leaf,,,,,-13.9948826,1.0,
47,23,47-23,katulampa_air_lag19,90.0,47-43,47-44,47-44,1606.51807,935.0,
47,24,47-24,time_index,18329.0,47-45,47-46,47-46,1911.59363,4584.0,
47,25,47-25,katulampa_air_lag4,56.0,47-47,47-48,47-48,220.261963,31.0,
47,26,47-26,depok_air_lag13,106.0,47-49,47-50,47-50,243.704102,21.0,
47,27,47-27,dayofyear_sin,-0.929633915,47-51,47-52,47-52,685.348633,483.0,
47,28,47-28,depok_air_lag3,111.0,47-53,47-54,47-54,785.438232,32.0,
47,29,47-29,depok_cuaca_lag5_hujan,1.0,47-55,47-56,47-56,1232.19897,16362.0,
47,30,47-30,depok_air_lag3,86.0,47-57,47-58,47-58,1108.40942,127.0,
47,31,47-31,manggarai_air_lag17,725.0,47-59,47-60,47-60,1513.06677,623.0,
47,32,47-32,hour_sin,1.22464685e-16,47-61,47-62,47-62,696.511108,79.0,
47,33,47-33,manggarai_air_lag7,645.0,47-63,47-64,47-64,44.7010269,53.0,
47,34,47-34,Leaf,,,,,-0.855657995,1.0,
47,35,47-35,depok_air_lag23,106.0,47-65,47-66,47-66,48859.1289,5.0,
47,36,47-36,hour_sin,0.965925813,47-67,47-68,47-68,70.21698,7.0,
47,37,47-37,manggarai_air_lag20,650.0,47-69,47-70,47-70,285.305054,3222.0,
47,38,47-38,manggarai_air_lag6,635.0,47-71,47-72,47-72,4357.96631,270.0,
47,39,47-39,depok_air_lag3,111.0,47-73,47-74,47-74,508.374634,202.0,
47,40,47-40,dayofyear_sin,0.920658827,47-75,47-76,47-76,65171.9844,44.0,
47,41,47-41,time_index,28820.0,47-77,47-78,47-78,341.965759,4.0,
47,42,47-42,depok_air_lag8,92.5,47-79,47-80,47-80,109.779388,8.0,
47,43,47-43,manggarai_air_lag20,585.0,47-81,47-82,47-82,963.225708,914.0,
47,44,47-44,manggarai_air_lag20,670.0,47-83,47-84,47-84,14442.457,21.0,
47,45,47-45,manggarai_cuaca_lag1_hujan,1.0,47-85,47-86,47-86,2088.57471,1694.0,
47,46,47-46,dayofyear_cos,0.448905945,47-87,47-88,47-88,1086.27637,2890.0,
47,47,47-47,manggarai_air_lag7,635.0,47-89,47-90,47-90,92.2926025,19.0,
47,48,47-48,depok_air_lag7,180.0,47-91,47-92,47-92,29.0582237,12.0,
47,49,47-49,hour_sin,1.0,47-93,47-94,47-94,83.71521,8.0,
47,50,47-50,manggarai_air_lag12,755.0,47-95,47-96,47-96,51.9817505,13.0,
47,51,47-51,dayofyear_cos,0.354450226,47-97,47-98,47-98,699.137939,28.0,
47,52,47-52,dayofyear_sin,0.931210041,47-99,47-100,47-100,837.258667,455.0,
47,53,47-53,manggarai_air_lag20,650.0,47-101,47-102,47-102,259.340088,12.0,
47,54,47-54,depok_air_lag6,120.0,47-103,47-104,47-104,318.309998,20.0,
47,55,47-55,time_index,3741.0,47-105,47-106,47-106,1186.86133,15630.0,
47,56,47-56,dayofyear_cos,0.687457204,47-107,47-108,47-108,661.905518,732.0,
47,57,47-57,dayofyear_sin,-0.750864267,47-109,47-110,47-110,2458.53418,5.0,
47,58,47-58,dayofyear_cos,-0.896932185,47-111,47-112,47-112,308.178711,122.0,
47,59,47-59,katulampa_air_lag21,35.0,47-113,47-114,47-114,1183.04224,617.0,
47,60,47-60,manggarai_air_lag20,635.0,47-115,47-116,47-116,398.511353,6.0,
47,61,47-61,dayofyear_cos,-0.488785386,47-117,47-118,47-118,334.128906,53.0,
47,62,47-62,depok_air_lag6,106.0,47-119,47-120,47-120,668.160645,26.0,
47,63,47-63,hour_sin,-0.965925813,47-121,47-122,47-122,30.6284294,52.0,
47,64,47-64,Leaf,,,,,-0.408233643,1.0,
47,65,47-65,hour_sin,0.965925813,47-123,47-124,47-124,47513.5078,2.0,
47,66,47-66,depok_cuaca_lag22_hujan,1.0,47-125,47-126,47-126,7.63615036,3.0,
47,67,47-67,Leaf,,,,,0.581239879,2.0,
47,68,47-68,manggarai_air_lag6,645.0,47-127,47-128,47-128,21.9143562,5.0,
47,69,47-69,manggarai_air_lag15,224.0,47-129,47-130,47-130,98.1576538,797.0,
47,70,47-70,hour_sin,1.0,47-131,47-132,47-132,113.102173,2425.0,
47,71,47-71,dayofyear_sin,0.718791902,47-133,47-134,47-134,16392.9961,13.0,
47,72,47-72,depok_cuaca_lag7_hujan,1.0,47-135,47-136,47-136,839.253479,257.0,
47,73,47-73,time_index,28820.0,47-137,47-138,47-138,45.1546173,198.0,
47,74,47-74,time_index,32269.0,47-139,47-140,47-140,438.092651,4.0,
47,75,47-75,Leaf,,,,,-18.4745235,1.0,
47,76,47-76,manggarai_air_lag17,690.0,47-141,47-142,47-142,98.8233185,43.0,
47,77,47-77,Leaf,,,,,-0.231698617,1.0,
47,78,47-78,time_index,32668.0,47-143,47-144,47-144,72.8173828,3.0,
47,79,47-79,hour_sin,0.0,47-145,47-146,47-146,64.5271072,5.0,
47,80,47-80,hour_sin,-0.258819044,47-147,47-148,47-148,0.0718154907,3.0,
47,81,47-81,depok_air_lag10,130.0,47-149,47-150,47-150,2390.20923,24.0,
47,82,47-82,manggarai_air_lag7,575.0,47-151,47-152,47-152,1240.8988,890.0,
47,83,47-83,manggarai_air_lag17,598.0,47-153,47-154,47-154,148.297256,18.0,
47,84,47-84,time_index,7993.0,47-155,47-156,47-156,4435.26074,3.0,
47,85,47-85,depok_air_lag8,120.0,47-157,47-158,47-158,850.499268,1596.0,
47,86,47-86,hour_sin,-0.866025388,47-159,47-160,47-160,2434.13794,98.0,
47,87,47-87,depok_cuaca_lag4_hujan,1.0,47-161,47-162,47-162,1048.95557,1386.0,
47,88,47-88,dayofyear_sin,0.77585876,47-163,47-164,47-164,1375.72437,1504.0,
47,89,47-89,depok_air_lag7,215.0,47-165,47-166,47-166,88.2070923,9.0,
47,90,47-90,manggarai_air_lag6,730.0,47-167,47-168,47-168,54.99263,10.0,
47,91,47-91,Leaf,,,,,0.287825525,2.0,
47,92,47-92,katulampa_air_lag21,29.0,47-169,47-170,47-170,20.012001,10.0,
47,93,47-93,Leaf,,,,,1.36821294,7.0,
47,94,47-94,Leaf,,,,,0.180371091,1.0,
47,95,47-95,Leaf,,,,,0.605508745,10.0,
47,96,47-96,dayofyear_cos,0.612380207,47-171,47-172,47-172,7.68080044,3.0,
47,97,47-97,manggarai_cuaca_lag4_hujan,1.0,47-173,47-174,47-174,805.204346,27.0,
47,98,47-98,Leaf,,,,,2.49758315,1.0,
47,99,47-99,dayofyear_sin,-0.638384461,47-175,47-176,47-176,500.970154,378.0,
47,100,47-100,dayofyear_cos,-0.182816923,47-177,47-178,47-178,374.017944,77.0,
47,101,47-101,depok_air_lag6,111.0,47-179,47-180,47-180,51.2224731,8.0,
47,102,47-102,Leaf,,,,,1.8839258,4.0,
47,103,47-103,manggarai_air_lag7,650.0,47-181,47-182,47-182,77.9343872,10.0,
47,104,47-104,depok_air_lag8,135.0,47-183,47-184,47-184,237.614777,10.0,
47,105,47-105,Leaf,,,,,-0.111546509,2094.0,
47,106,47-106,Leaf,,,,,-0.0306582395,13536.0,
47,107,47-107,Leaf,,,,,0.163737983,462.0,
47,108,47-108,Leaf,,,,,-0.0331608057,270.0,
47,109,47-109,Leaf,,,,,-0.205874011,4.0,
47,110,47-110,Leaf,,,,,-4.55603361,1.0,
47,111,47-111,Leaf,,,,,-0.57717663,28.0,
47,112,47-112,Leaf,,,,,-0.199722141,94.0,
47,113,47-113,Leaf,,,,,0.104671076,583.0,
47,114,47-114,Leaf,,,,,0.703713596,34.0,
47,115,47-115,Leaf,,,,,2.55971479,2.0,
47,116,47-116,Leaf,,,,,0.730018318,4.0,
47,117,47-117,Leaf,,,,,0.0428167731,9.0,
47,118,47-118,Leaf,,,,,-0.620091021,44.0,
47,119,47-119,Leaf,,,,,-0.14225243,21.0,
47,120,47-120,Leaf,,,,,1.0494374,5.0,
47,121,47-121,Leaf,,,,,-0.194877625,3.0,
47,122,47-122,Leaf,,,,,0.0952856466,49.0,
47,123,47-123,Leaf,,,,,-26.5162354,1.0,
47,124,47-124,Leaf,,,,,0.0903564468,1.0,
47,125,47-125,Leaf,,,,,0.11352133,2.0,
47,126,47-126,Leaf,,,,,0.479623407,1.0,
47,127,47-127,Leaf,,,,,0.131240845,3.0,
47,128,47-128,Leaf,,,,,-0.226765946,2.0,
47,129,47-129,Leaf,,,,,0.812173486,1.0,
47,130,47-130,Leaf,,,,,0.106547765,796.0,
47,131,47-131,Leaf,,,,,0.0439434908,2326.0,
47,132,47-132,Leaf,,,,,-0.0647418797,99.0,
47,133,47-133,Leaf,,,,,-0.00382232666,11.0,
47,134,47-134,Leaf,,,,,-8.34359741,2.0,
47,135,47-135,Leaf,,,,,0.0481224097,252.0,
47,136,47-136,Leaf,,,,,-1.1485393,5.0,
47,137,47-137,Leaf,,,,,-0.0565940849,39.0,
47,138,47-138,Leaf,,,,,0.0623916276,159.0,
47,139,47-139,Leaf,,,,,-0.0579671226,2.0,
47,140,47-140,Leaf,,,,,1.82484746,2.0,
47,141,47-141,Leaf,,,,,0.0448463447,39.0,
47,142,47-142,Leaf,,,,,-0.426710218,4.0,
47,143,47-143,Leaf,,,,,1.92767131,2.0,
47,144,47-144,Leaf,,,,,0.381118774,1.0,
47,145,47-145,Leaf,,,,,-0.00576477079,3.0,
47,146,47-146,Leaf,,,,,-0.663590491,2.0,
47,147,47-147,Leaf,,,,,0.1615275,2.0,
47,148,47-148,Leaf,,,,,0.441928118,1.0,
47,149,47-149,Leaf,,,,,0.00841403566,17.0,
47,150,47-150,Leaf,,,,,-2.08722568,7.0,
47,151,47-151,Leaf,,,,,1.20752418,7.0,
47,152,47-152,Leaf,,,,,-0.0435926989,883.0,
47,153,47-153,Leaf,,,,,-0.399806708,2.0,
47,154,47-154,Leaf,,,,,0.381466866,16.0,
47,155,47-155,Leaf,,,,,-0.286529541,1.0,
47,156,47-156,Leaf,,,,,-8.27732658,2.0,
47,157,47-157,Leaf,,,,,0.0355923139,721.0,
47,158,47-158,Leaf,,,,,0.182298467,875.0,
47,159,47-159,Leaf,,,,,1.81518114,13.0,
47,160,47-160,Leaf,,,,,0.383294821,85.0,
47,161,47-161,Leaf,,,,,0.0571997054,1338.0,
47,162,47-162,Leaf,,,,,0.528391719,48.0,
47,163,47-163,Leaf,,,,,-0.0135406079,1325.0,
47,164,47-164,Leaf,,,,,-0.308191478,179.0,
47,165,47-165,Leaf,,,,,0.314722896,4.0,
47,166,47-166,Leaf,,,,,1.040797,5.0,
47,167,47-167,Leaf,,,,,0.172158211,9.0,
47,168,47-168,Leaf,,,,,0.788104236,1.0,
47,169,47-169,Leaf,,,,,-0.242395028,3.0,
47,170,47-170,Leaf,,,,,0.0340568535,7.0,
47,171,47-171,Leaf,,,,,-0.027986655,2.0,
47,172,47-172,Leaf,,,,,0.23727417,1.0,
47,173,47-173,Leaf,,,,,0.273521006,24.0,
47,174,47-174,Leaf,,,,,1.82480168,3.0,
47,175,47-175,Leaf,,,,,-0.200230226,49.0,
47,176,47-176,Leaf,,,,,0.139745355,329.0,
47,177,47-177,Leaf,,,,,0.833609581,19.0,
47,178,47-178,Leaf,,,,,0.319683433,58.0,
47,179,47-179,Leaf,,,,,0.363854975,4.0,
47,180,47-180,Leaf,,,,,1.00706053,4.0,
47,181,47-181,Leaf,,,,,-0.591308594,2.0,
47,182,47-182,Leaf,,,,,0.00565931527,8.0,
47,183,47-183,Leaf,,,,,0.896176934,7.0,
47,184,47-184,Leaf,,,,,-0.113372803,3.0,
48,0,48-0,manggarai_air_lag1,651.0,48-1,48-2,48-2,2609.4707,27186.0,
48,1,48-1,manggarai_air_lag2,658.0,48-3,48-4,48-4,1256.43018,21221.0,
48,2,48-2,depok_air_lag13,125.0,48-5,48-6,48-6,830.105957,5965.0,
48,3,48-3,manggarai_air_lag1,598.0,48-7,48-8,48-8,1298.18726,20944.0,
48,4,48-4,manggarai_air_lag4,635.0,48-9,48-10,48-10,1273.05981,277.0,
48,5,48-5,manggarai_air_lag1,690.0,48-11,48-12,48-12,1351.00391,3739.0,
48,6,48-6,manggarai_air_lag6,658.0,48-13,48-14,48-14,1443.78809,2226.0,
48,7,48-7,hour_sin,0.258819044,48-15,48-16,48-16,1714.35315,5955.0,
48,8,48-8,depok_air_lag8,195.0,48-17,48-18,48-18,1092.80518,14989.0,
48,9,48-9,dayofyear_sin,-0.952769279,48-19,48-20,48-20,495.816406,17.0,
48,10,48-10,manggarai_air_lag6,725.0,48-21,48-22,48-22,1066.82019,260.0,
48,11,48-11,manggarai_air_lag2,694.0,48-23,48-24,48-24,986.645874,2720.0,
48,12,48-12,depok_air_lag3,92.5,48-25,48-26,48-26,829.860596,1019.0,
48,13,48-13,manggarai_cuaca_lag4_hujan,1.0,48-27,48-28,48-28,9255.57422,149.0,
48,14,48-14,dayofyear_sin,-0.992887199,48-29,48-30,48-30,1027.62134,2077.0,
48,15,48-15,manggarai_cuaca_lag1_hujan,1.0,48-31,48-32,48-32,1045.36462,3167.0,
48,16,48-16,manggarai_cuaca_lag7_hujan,1.0,48-33,48-34,48-34,1290.11719,2788.0,
48,17,48-17,depok_air_lag8,170.0,48-35,48-36,48-36,2424.50952,14983.0,
48,18,48-18,manggarai_air_lag15,651.0,48-37,48-38,48-38,430.209717,6.0,
48,19,48-19,hour_cos,-0.258819044,48-39,48-40,48-40,74.6940842,4.0,
48,20,48-20,dayofyear_sin,0.635068297,48-41,48-42,48-42,183.028076,13.0,
48,21,48-21,depok_air_lag6,80.0,48-43,48-44,48-44,477.24231,250.0,
48,22,48-22,manggarai_air_lag21,690.0,48-45,48-46,48-46,561.765198,10.0,
48,23,48-23,manggarai_air_lag6,602.5,48-47,48-48,48-48,613.467407,2685.0,
48,24,48-24,depok_cuaca_lag9_hujan,1.0,48-49,48-50,48-50,1133.26416,35.0,
48,25,48-25,depok_air_lag20,92.5,48-51,48-52,48-52,2309.92236,21.0,
48,26,48-26,manggarai_air_lag2,625.0,48-53,48-54,48-54,1363.13086,998.0,
48,27,48-27,dayofyear_cos,-0.999609292,48-55,48-56,48-56,1196.81177,145.0,
48,28,48-28,depok_air_lag9,130.0,48-57,48-58,48-58,18550.0312,4.0,
48,29,48-29,manggarai_air_lag15,602.5,48-59,48-60,48-60,1697.51392,13.0,
48,30,48-30,depok_air_lag3,155.0,48-61,48-62,48-62,829.892822,2064.0,
48,31,48-31,manggarai_air_lag21,585.0,48-63,48-64,48-64,858.093323,3100.0,
48,32,48-32,manggarai_cuaca_lag4_hujan,1.0,48-65,48-66,48-66,1424.97876,67.0,
48,33,48-33,dayofyear_sin,-0.974859536,48-67,48-68,48-68,1312.1084,2740.0,
48,34,48-34,dayofyear_sin,0.686675966,48-69,48-70,48-70,13931.209,48.0,
48,35,48-35,hour_cos,-0.707106769,48-71,48-72,48-72,1097.92688,14971.0,
48,36,48-36,hour_sin,1.22464685e-16,48-73,48-74,48-74,12378.8555,12.0,
48,37,48-37,Leaf,,,,,1.58192146,5.0,
48,38,48-38,Leaf,,,,,-0.363009661,1.0,
48,39,48-39,Leaf,,,,,-0.538739026,1.0,
48,40,48-40,hour_sin,0.5,48-75,48-76,48-76,0.906909943,3.0,
48,41,48-41,Leaf,,,,,-1.52301359,10.0,
48,42,48-42,dayofyear_cos,-0.101961888,48-77,48-78,48-78,2.44389343,3.0,
48,43,48-43,hour_sin,0.5,48-79,48-80,48-80,136.03656,3.0,
48,44,48-44,depok_air_lag24,165.0,48-81,48-82,48-82,358.946777,247.0,
48,45,48-45,manggarai_air_lag2,665.0,48-83,48-84,48-84,298.316864,8.0,
48,46,48-46,Leaf,,,,,1.97474158,2.0,
48,47,48-47,dayofyear_cos,-0.818019867,48-85,48-86,48-86,840.278931,80.0,
48,48,48-48,manggarai_air_lag4,630.0,48-87,48-88,48-88,681.097168,2605.0,
48,49,48-49,manggarai_air_lag4,658.0,48-89,48-90,48-90,234.554565,28.0,
48,50,48-50,manggarai_air_lag2,705.0,48-91,48-92,48-92,739.552979,7.0,
48,51,48-51,dayofyear_cos,-0.101961888,48-93,48-94,48-94,279.295776,13.0,
48,52,48-52,hour_sin,-0.965925813,48-95,48-96,48-96,502.458252,8.0,
48,53,48-53,hour_cos,0.707106769,48-97,48-98,48-98,689.988647,9.0,
48,54,48-54,manggarai_air_lag2,700.0,48-99,48-100,48-100,769.569092,989.0,
48,55,48-55,Leaf,,,,,2.2908082,1.0,
48,56,48-56,manggarai_cuaca_lag1_hujan,1.0,48-101,48-102,48-102,1537.20972,144.0,
48,57,48-57,dayofyear_sin,0.616621196,48-103,48-104,48-104,185.298096,3.0,
48,58,48-58,Leaf,,,,,-11.9822178,1.0,
48,59,48-59,hour_sin,1.0,48-105,48-106,48-106,1479.94922,3.0,
48,60,48-60,manggarai_air_lag21,665.0,48-107,48-108,48-108,176.647873,10.0,
48,61,48-61,manggarai_cuaca_lag1_hujan,1.0,48-109,48-110,48-110,486.433685,1902.0,
48,62,48-62,katulampa_air_lag4,35.0,48-111,48-112,48-112,569.577148,162.0,
48,63,48-63,depok_air_lag3,130.0,48-113,48-114,48-114,802.663391,1415.0,
48,64,48-64,manggarai_cuaca_lag7_hujan,1.0,48-115,48-116,48-116,472.444031,1685.0,
48,65,48-65,depok_cuaca_lag2_hujan,1.0,48-117,48-118,48-118,1812.10815,55.0,
48,66,48-66,dayofyear_sin,0.447944939,48-119,48-120,48-120,252.069397,12.0,
48,67,48-67,hour_cos,0.965925813,48-121,48-122,48-122,7570.99609,310.0,
48,68,48-68,manggarai_air_lag1,550.0,48-123,48-124,48-124,945.197998,2430.0,
48,69,48-69,depok_air_lag6,125.0,48-125,48-126,48-126,215.860779,40.0,
48,70,48-70,dayofyear_sin,0.694452107,48-127,48-128,48-128,63353.7812,8.0,
48,71,48-71,manggarai_air_lag12,607.5,48-129,48-130,48-130,1330.20203,3029.0,
48,72,48-72,manggarai_air_lag2,598.0,48-131,48-132,48-132,1195.11609,11942.0,
48,73,48-73,Leaf,,,,,-8.5995121,1.0,
48,74,48-74,dayofyear_sin,-0.773138344,48-133,48-134,48-134,528.802185,11.0,
48,75,48-75,Leaf,,,,,0.245607495,2.0,
48,76,48-76,Leaf,,,,,0.0528900139,1.0,
48,77,48-77,Leaf,,,,,-0.503222644,2.0,
48,78,48-78,Leaf,,,,,-0.118997194,1.0,
48,79,48-79,Leaf,,,,,1.21601367,2.0,
48,80,48-80,Leaf,,,,,-0.0676452667,1.0,
48,81,48-81,depok_air_lag9,130.0,48-135,48-136,48-136,308.287964,238.0,
48,82,48-82,dayofyear_sin,-0.852836728,48-137,48-138,48-138,113.131287,9.0,
48,83,48-83,hour_sin,-0.707106769,48-139,48-140,48-140,91.367981,3.0,
48,84,48-84,hour_cos,-0.707106769,48-141,48-142,48-142,38.5966873,5.0,
48,85,48-85,depok_air_lag10,92.5,48-143,48-144,48-144,1212.22913,19.0,
48,86,48-86,manggarai_air_lag2,690.0,48-145,48-146,48-146,679.105225,61.0,
48,87,48-87,katulampa_air_lag3,45.0,48-147,48-148,48-148,725.5896,110.0,
48,88,48-88,manggarai_cuaca_lag2_hujan,1.0,48-149,48-150,48-150,620.641541,2495.0,
48,89,48-89,dayofyear_sin,-0.640038133,48-151,48-152,48-152,392.349731,9.0,
48,90,48-90,dayofyear_cos,-0.797750354,48-153,48-154,48-154,86.3303833,19.0,
48,91,48-91,dayofyear_sin,0.478433818,48-155,48-156,48-156,75.3063583,5.0,
48,92,48-92,Leaf,,,,,1.85008943,2.0,
48,93,48-93,manggarai_air_lag17,620.0,48-157,48-158,48-158,168.689117,12.0,
48,94,48-94,Leaf,,,,,-0.754068017,1.0,
48,95,48-95,Leaf,,,,,0.239263922,1.0,
48,96,48-96,hour_sin,-0.866025388,48-159,48-160,48-160,31.8913574,7.0,
48,97,48-97,manggarai_air_lag5,635.0,48-161,48-162,48-162,205.541992,5.0,
48,98,48-98,dayofyear_sin,-0.750864267,48-163,48-164,48-164,2.82458878,4.0,
48,99,48-99,hour_sin,0.5,48-165,48-166,48-166,1088.27124,390.0,
48,100,48-100,manggarai_air_lag1,765.0,48-167,48-168,48-168,675.236145,599.0,
48,101,48-101,manggarai_cuaca_lag2_hujan,1.0,48-169,48-170,48-170,701.613953,139.0,
48,102,48-102,dayofyear_cos,0.38640523,48-171,48-172,48-172,7042.62305,5.0,
48,103,48-103,hour_sin,-0.258819044,48-173,48-174,48-174,8.45774841,2.0,
48,104,48-104,Leaf,,,,,1.03789675,1.0,
48,105,48-105,hour_sin,-0.258819044,48-175,48-176,48-176,158.68335,2.0,
48,106,48-106,Leaf,,,,,0.402423114,1.0,
48,107,48-107,manggarai_air_lag1,675.0,48-177,48-178,48-178,27.6162682,6.0,
48,108,48-108,Leaf,,,,,-0.559254169,4.0,
48,109,48-109,dayofyear_sin,0.911168635,48-179,48-180,48-180,433.572815,1779.0,
48,110,48-110,depok_air_lag20,155.0,48-181,48-182,48-182,1318.81055,123.0,
48,111,48-111,depok_air_lag8,135.0,48-183,48-184,48-184,393.699097,19.0,
48,112,48-112,depok_air_lag23,345.0,48-185,48-186,48-186,616.773254,143.0,
48,113,48-113,Leaf,,,,,-0.0704683587,1414.0,
48,114,48-114,Leaf,,,,,1.93484497,1.0,
48,115,48-115,Leaf,,,,,0.0305239353,1654.0,
48,116,48-116,Leaf,,,,,0.418517679,31.0,
48,117,48-117,Leaf,,,,,0.203233287,38.0,
48,118,48-118,Leaf,,,,,1.4280355,17.0,
48,119,48-119,Leaf,,,,,0.0750842318,4.0,
48,120,48-120,Leaf,,,,,-0.861547887,8.0,
48,121,48-121,Leaf,,,,,-0.126049936,279.0,
48,122,48-122,Leaf,,,,,-1.75064874,31.0,
48,123,48-123,Leaf,,,,,0.810221851,11.0,
48,124,48-124,Leaf,,,,,-0.0797481388,2419.0,
48,125,48-125,Leaf,,,,,0.257077098,36.0,
48,126,48-126,Leaf,,,,,-0.44792968,4.0,
48,127,48-127,Leaf,,,,,-19.8706455,1.0,
48,128,48-128,Leaf,,,,,0.272779852,7.0,
48,129,48-129,Leaf,,,,,-0.171334952,696.0,
48,130,48-130,Leaf,,,,,-0.0138910133,2333.0,
48,131,48-131,Leaf,,,,,0.313138694,134.0,
48,132,48-132,Leaf,,,,,0.0139040174,11808.0,
48,133,48-133,Leaf,,,,,-0.996427953,3.0,
48,134,48-134,Leaf,,,,,0.385663509,8.0,
48,135,48-135,Leaf,,,,,-0.280329555,224.0,
48,136,48-136,Leaf,,,,,0.19265829,14.0,
48,137,48-137,Leaf,,,,,-0.219881177,2.0,
48,138,48-138,Leaf,,,,,0.537586212,7.0,
48,139,48-139,Leaf,,,,,1.23951423,2.0,
48,140,48-140,Leaf,,,,,0.065316774,1.0,
48,141,48-141,Leaf,,,,,0.23789978,1.0,
48,142,48-142,Leaf,,,,,-0.298145741,4.0,
48,143,48-143,Leaf,,,,,-1.47973526,10.0,
48,144,48-144,Leaf,,,,,0.077041626,9.0,
48,145,48-145,Leaf,,,,,0.0319758169,60.0,
48,146,48-146,Leaf,,,,,-1.84078979,1.0,
48,147,48-147,Leaf,,,,,0.230657682,102.0,
48,148,48-148,Leaf,,,,,1.17304826,8.0,
48,149,48-149,Leaf,,,,,0.0695730299,2321.0,
48,150,48-150,Leaf,,,,,-0.125765949,174.0,
48,151,48-151,Leaf,,,,,-0.152096555,3.0,
48,152,48-152,Leaf,,,,,-1.57502699,6.0,
48,153,48-153,Leaf,,,,,0.0811543763,2.0,
48,154,48-154,Leaf,,,,,-0.574760616,17.0,
48,155,48-155,Leaf,,,,,-0.384800732,3.0,
48,156,48-156,Leaf,,,,,0.282961011,2.0,
48,157,48-157,Leaf,,,,,0.230565742,8.0,
48,158,48-158,Leaf,,,,,1.01282966,4.0,
48,159,48-159,Leaf,,,,,-0.815531433,2.0,
48,160,48-160,Leaf,,,,,-2.16015315,5.0,
48,161,48-161,Leaf,,,,,2.32103634,4.0,
48,162,48-162,Leaf,,,,,0.33379212,1.0,
48,163,48-163,Leaf,,,,,0.347845465,2.0,
48,164,48-164,Leaf,,,,,0.103696696,2.0,
48,165,48-165,Leaf,,,,,0.518051267,141.0,
48,166,48-166,Leaf,,,,,0.169999316,249.0,
48,167,48-167,Leaf,,,,,0.0752588734,523.0,
48,168,48-168,Leaf,,,,,0.392717093,76.0,
48,169,48-169,Leaf,,,,,-0.0623000637,135.0,
48,170,48-170,Leaf,,,,,-1.26941407,4.0,
48,171,48-171,Leaf,,,,,0.549622834,4.0,
48,172,48-172,Leaf,,,,,-6.60014343,1.0,
48,173,48-173,Leaf,,,,,-0.354483038,1.0,
48,174,48-174,Leaf,,,,,0.000851440418,1.0,
48,175,48-175,Leaf,,,,,-1.04851079,1.0,
48,176,48-176,Leaf,,,,,-4.47995615,1.0,
48,177,48-177,Leaf,,,,,0.309179693,5.0,
48,178,48-178,Leaf,,,,,-0.152062997,1.0,
48,179,48-179,Leaf,,,,,-0.0226781871,1318.0,
48,180,48-180,Leaf,,,,,0.0898915753,461.0,
48,181,48-181,Leaf,,,,,0.0268516783,94.0,
48,182,48-182,Leaf,,,,,0.788671672,29.0,
48,183,48-183,Leaf,,,,,1.04698539,13.0,
48,184,48-184,Leaf,,,,,0.0669930577,6.0,
48,185,48-185,Leaf,,,,,0.157881349,142.0,
48,186,48-186,Leaf,,,,,1.93100584,1.0,
49,0,49-0,manggarai_air_lag1,675.0,49-1,49-2,49-2,2492.30542,27243.0,
49,1,49-1,time_index,557.0,49-3,49-4,49-4,1587.76489,23784.0,
49,2,49-2,time_index,22443.0,49-5,49-6,49-6,904.311035,3459.0,
49,3,49-3,manggarai_air_lag20,20.0,49-7,49-8,49-8,5319.75293,371.0,
49,4,49-4,manggarai_air_lag1,20.0,49-9,49-10,49-10,1897.82422,23413.0,
49,5,49-5,manggarai_air_lag2,680.0,49-11,49-12,49-12,997.761719,2851.0,
49,6,49-6,depok_air_lag20,106.0,49-13,49-14,49-14,739.373352,608.0,
49,7,49-7,Leaf,,,,,-5.3637805,1.0,
49,8,49-8,depok_air_lag10,137.5,49-15,49-16,49-16,2716.8501,370.0,
49,9,49-9,Leaf,,,,,-3.09059763,1.0,
49,10,49-10,time_index,19391.0,49-17,49-18,49-18,1185.10791,23412.0,
49,11,49-11,katulampa_air_lag14,56.0,49-19,49-20,49-20,1055.78906,332.0,
49,12,49-12,time_index,4269.0,49-21,49-22,49-22,775.194702,2519.0,
49,13,49-13,depok_air_lag24,125.0,49-23,49-24,49-24,641.042114,314.0,
49,14,49-14,katulampa_air_lag5,15.0,49-25,49-26,49-26,7574.32471,294.0,
49,15,49-15,manggarai_air_lag7,575.0,49-27,49-28,49-28,712.40094,363.0,
49,16,49-16,time_index,289.0,49-29,49-30,49-30,6258.38281,7.0,
49,17,49-17,depok_air_lag8,120.0,49-31,49-32,49-32,1670.1897,13463.0,
49,18,49-18,manggarai_air_lag20,20.0,49-33,49-34,49-34,961.38623,9949.0,
49,19,49-19,katulampa_air_lag5,120.0,49-35,49-36,49-36,1020.47046,319.0,
49,20,49-20,time_index,20719.0,49-37,49-38,49-38,5007.55176,13.0,
49,21,49-21,manggarai_air_lag1,685.0,49-39,49-40,49-40,1002.27588,128.0,
49,22,49-22,depok_air_lag3,155.0,49-41,49-42,49-42,610.32959,2391.0,
49,23,49-23,depok_air_lag23,111.0,49-43,49-44,49-44,492.39389,310.0,
49,24,49-24,time_index,31473.0,49-45,49-46,49-46,274.429077,4.0,
49,25,49-25,Leaf,,,,,-4.46924305,3.0,
49,26,49-26,depok_air_lag23,102.5,49-47,49-48,49-48,1941.82007,291.0,
49,27,49-27,depok_air_lag8,86.0,49-49,49-50,49-50,1097.13904,68.0,
49,28,49-28,depok_air_lag6,145.0,49-51,49-52,49-52,387.695435,295.0,
49,29,49-29,Leaf,,,,,-6.86350775,1.0,
49,30,49-30,depok_air_lag8,125.0,49-53,49-54,49-54,59.4294815,6.0,
49,31,49-31,depok_air_lag23,190.0,49-55,49-56,49-56,2347.6875,12999.0,
49,32,49-32,depok_air_lag10,102.5,49-57,49-58,49-58,1121.12842,464.0,
49,33,49-33,Leaf,,,,,2.20843506,1.0,
49,34,49-34,katulampa_air_lag4,75.0,49-59,49-60,49-60,675.740967,9948.0,
49,35,49-35,time_index,2813.0,49-61,49-62,49-62,737.54834,318.0,
49,36,49-36,Leaf,,,,,-1.9624573,1.0,
49,37,49-37,time_index,1217.0,49-63,49-64,49-64,182.642883,12.0,
49,38,49-38,Leaf,,,,,-5.22396851,1.0,
49,39,49-39,katulampa_air_lag3,29.0,49-65,49-66,49-66,1258.21179,20.0,
49,40,49-40,manggarai_air_lag9,592.5,49-67,49-68,49-68,857.270935,108.0,
49,41,49-41,manggarai_air_lag3,650.0,49-69,49-70,49-70,667.537109,2234.0,
49,42,49-42,manggarai_air_lag1,705.0,49-71,49-72,49-72,635.823364,157.0,
49,43,49-43,depok_air_lag10,106.0,49-73,49-74,49-74,475.237762,306.0,
49,44,49-44,time_index,24567.0,49-75,49-76,49-76,142.406006,4.0,
49,45,49-45,hour_sin,0.965925813,49-77,49-78,49-78,32.1187134,3.0,
49,46,49-46,Leaf,,,,,0.229556277,1.0,
49,47,49-47,hour_sin,-0.258819044,49-79,49-80,49-80,4502.39893,28.0,
49,48,49-48,depok_air_lag24,102.5,49-81,49-82,49-82,559.453308,263.0,
49,49,49-49,depok_air_lag20,86.0,49-83,49-84,49-84,281.926788,52.0,
49,50,49-50,manggarai_air_lag5,565.0,49-85,49-86,49-86,211.117188,16.0,
49,51,49-51,depok_air_lag10,20.0,49-87,49-88,49-88,256.014771,279.0,
49,52,49-52,depok_air_lag8,111.0,49-89,49-90,49-90,278.918518,16.0,
49,53,49-53,Leaf,,,,,-0.67863977,2.0,
49,54,49-54,depok_air_lag23,102.5,49-91,49-92,49-92,11.9893122,4.0,
49,55,49-55,manggarai_air_lag2,690.0,49-93,49-94,49-94,1756.80273,12958.0,
49,56,49-56,depok_air_lag23,195.0,49-95,49-96,49-96,19840.9141,41.0,
49,57,49-57,depok_air_lag10,80.0,49-97,49-98,49-98,608.036865,159.0,
49,58,49-58,manggarai_air_lag2,710.0,49-99,49-100,49-100,1084.2041,305.0,
49,59,49-59,depok_air_lag8,170.0,49-101,49-102,49-102,773.908325,9908.0,
49,60,49-60,katulampa_air_lag3,35.0,49-103,49-104,49-104,35016.2695,40.0,
49,61,49-61,hour_sin,-0.965925813,49-105,49-106,49-106,365.051788,30.0,
49,62,49-62,hour_sin,1.22464685e-16,49-107,49-108,49-108,801.467041,288.0,
49,63,49-63,Leaf,,,,,-0.418865979,3.0,
49,64,49-64,manggarai_air_lag3,607.5,49-109,49-110,49-110,49.6708069,9.0,
49,65,49-65,hour_sin,-0.965925813,49-111,49-112,49-112,250.558044,18.0,
49,66,49-66,time_index,1353.0,49-113,49-114,49-114,964.4021,2.0,
49,67,49-67,manggarai_air_lag1,705.0,49-115,49-116,49-116,370.205261,16.0,
49,68,49-68,manggarai_air_lag14,586.0,49-117,49-118,49-118,1327.73254,92.0,
49,69,49-69,dayofyear_cos,-0.993512869,49-119,49-120,49-120,798.830994,34.0,
49,70,49-70,manggarai_air_lag4,675.0,49-121,49-122,49-122,666.990601,2200.0,
49,71,49-71,manggarai_air_lag17,715.0,49-123,49-124,49-124,192.340469,50.0,
49,72,49-72,depok_air_lag16,150.0,49-125,49-126,49-126,554.994995,107.0,
49,73,49-73,depok_air_lag8,102.5,49-127,49-128,49-128,722.480408,69.0,
49,74,49-74,depok_air_lag6,180.0,49-129,49-130,49-130,328.887817,237.0,
49,75,49-75,time_index,23903.0,49-131,49-132,49-132,2.20113945,2.0,
49,76,49-76,Leaf,,,,,1.52763069,2.0,
49,77,49-77,Leaf,,,,,-1.90805054,1.0,
49,78,49-78,Leaf,,,,,-0.632287621,2.0,
49,79,49-79,depok_air_lag20,190.0,49-133,49-134,49-134,586.50238,17.0,
49,80,49-80,depok_air_lag20,155.0,49-135,49-136,49-136,10750.3799,11.0,
49,81,49-81,manggarai_air_lag15,694.0,49-137,49-138,49-138,135.36084,6.0,
49,82,49-82,manggarai_air_lag2,665.0,49-139,49-140,49-140,709.511841,257.0,
49,83,49-83,Leaf,,,,,-0.157280132,48.0,
49,84,49-84,Leaf,,,,,0.632011712,4.0,
49,85,49-85,Leaf,,,,,0.299521297,6.0,
49,86,49-86,Leaf,,,,,1.10491884,10.0,
49,87,49-87,Leaf,,,,,0.686002612,2.0,
49,88,49-88,Leaf,,,,,-0.253482997,277.0,
49,89,49-89,Leaf,,,,,0.634360731,8.0,
49,90,49-90,Leaf,,,,,-0.161243364,8.0,
49,91,49-91,Leaf,,,,,-0.201623544,2.0,
49,92,49-92,Leaf,,,,,0.0857991502,2.0,
49,93,49-93,Leaf,,,,,-0.0322555937,12942.0,
49,94,49-94,Leaf,,,,,-1.04952502,16.0,
49,95,49-95,Leaf,,,,,-5.64295244,6.0,
49,96,49-96,Leaf,,,,,0.184360251,35.0,
49,97,49-97,Leaf,,,,,-0.267806143,13.0,
49,98,49-98,Leaf,,,,,0.429611892,146.0,
49,99,49-99,Leaf,,,,,0.0254379865,303.0,
49,100,49-100,Leaf,,,,,1.936023,2.0,
49,101,49-101,Leaf,,,,,0.0187633149,9885.0,
49,102,49-102,Leaf,,,,,-0.549793899,23.0,
49,103,49-103,Leaf,,,,,-13.2958345,1.0,
49,104,49-104,Leaf,,,,,0.265623629,39.0,
49,105,49-105,Leaf,,,,,1.16287231,1.0,
49,106,49-106,Leaf,,,,,-0.2368512,29.0,
49,107,49-107,Leaf,,,,,0.56356442,117.0,
49,108,49-108,Leaf,,,,,0.222406536,171.0,
49,109,49-109,Leaf,,,,,-0.0402832031,2.0,
49,110,49-110,Leaf,,,,,0.4981125,7.0,
49,111,49-111,Leaf,,,,,0.67577821,1.0,
49,112,49-112,Leaf,,,,,-0.548146904,17.0,
49,113,49-113,Leaf,,,,,-0.0831054673,1.0,
49,114,49-114,Leaf,,,,,-3.97235727,1.0,
49,115,49-115,Leaf,,,,,-1.42495859,4.0,
49,116,49-116,Leaf,,,,,-0.352891177,12.0,
49,117,49-117,Leaf,,,,,1.17205513,9.0,
49,118,49-118,Leaf,,,,,-0.0471930355,83.0,
49,119,49-119,Leaf,,,,,-1.68745887,3.0,
49,120,49-120,Leaf,,,,,-0.177117348,31.0,
49,121,49-121,Leaf,,,,,0.238737866,251.0,
49,122,49-122,Leaf,,,,,0.065760538,1949.0,
49,123,49-123,Leaf,,,,,-0.111719787,40.0,
49,124,49-124,Leaf,,,,,0.359220207,10.0,
49,125,49-125,Leaf,,,,,0.539915025,83.0,
49,126,49-126,Leaf,,,,,-0.00514135743,24.0,
49,127,49-127,Leaf,,,,,-0.0354738124,33.0,
49,128,49-128,Leaf,,,,,0.607091486,36.0,
49,129,49-129,Leaf,,,,,0.048032634,212.0,
49,130,49-130,Leaf,,,,,-0.328714222,25.0,
49,131,49-131,Leaf,,,,,0.336129755,1.0,
49,132,49-132,Leaf,,,,,0.0623687766,1.0,
49,133,49-133,Leaf,,,,,-0.261403918,11.0,
49,134,49-134,Leaf,,,,,0.893165767,6.0,
49,135,49-135,Leaf,,,,,-0.912101686,10.0,
49,136,49-136,Leaf,,,,,-9.06875324,1.0,
49,137,49-137,Leaf,,,,,1.16067994,4.0,
49,138,49-138,Leaf,,,,,0.119714357,2.0,
49,139,49-139,Leaf,,,,,-0.897941113,8.0,
49,140,49-140,Leaf,,,,,0.00583024928,249.0,
