sequence_length,lstm_units,dropout_rate,learning_rate,batch_size,epochs,train_rmse,train_r2,val_rmse,val_r2,test_rmse,test_r2,test_mae,test_mape,epochs_trained,final_train_loss,final_val_loss,best_val_loss
24,[32],0.3,0.001,64,30,77.47764077903543,-1.758308657346042,80.22199275894508,-3.047044459242853,95.3175665430521,-10.523024019231915,92.58432181676228,15.17835498990982,30,0.0017108275787904859,0.009243486449122429,0.009120704606175423
24,[32],0.5,0.001,64,30,23.275856919700193,0.7510561254699777,26.383760035042133,0.5622517079535913,27.009724812950704,0.0747461658412516,11.8646799325943,3.0638514102114267,30,0.0013231445336714387,0.0009998386958613992,0.000986540107987821
24,[64],0.3,0.001,64,30,22.610770314141856,0.7650795611092037,25.825190374826676,0.5805906124347648,29.20925750577905,-0.08208557956108242,16.867507417996723,3.809013584724181,30,0.0009312672191299498,0.0011205167975276709,0.0009452103986404836
24,[64],0.5,0.001,64,30,33.560144813726836,0.48246736727096384,30.085377168081894,0.43080378368807504,33.25247045313407,-0.40238871087863015,21.33913826942444,4.492836008528035,25,0.0010967907728627324,0.002980883466079831,0.001282780314795673
