sequence_length,lstm_units,dropout_rate,learning_rate,batch_size,epochs,train_rmse,train_r2,val_rmse,val_r2,test_rmse,test_r2,test_mae,test_mape,epochs_trained,final_train_loss,final_val_loss,best_val_loss
24,"[64, 32, 16]",0.2,0.001,64,50,20.097321450188407,0.8144049261492216,25.531209764499568,0.5900849429180575,30.148947635613943,-0.15282899121850324,18.2614582379659,4.051411432720075,48,0.0003636492183431983,0.0010289219208061695,0.0009238134953193367
24,"[64, 32, 16]",0.2,0.005,64,50,16.808429693859225,0.8701791732053488,23.17908014593064,0.6621347875570258,26.2794830436935,0.12410063779506741,11.566065947214762,3.021751145790655,49,0.00031252263579517603,0.0009525777422823012,0.0007614368223585188
24,"[64, 32, 16]",0.2,0.01,64,50,22.22515898178514,0.7730240516260494,27.35771426077435,0.5293363027255638,31.038237046634638,-0.2218409202093472,21.25600242614746,4.464221364729265,50,0.0003282837278675288,0.0011208107462152839,0.0010607208823785186
24,"[128, 64, 32]",0.2,0.001,64,50,17.917450897721373,0.852482843380268,24.348874253903833,0.627171711424479,28.483769046046927,-0.029000263721378428,14.633151888847351,3.4976569276597806,47,0.0003532524569891393,0.0009277517674490809,0.0008402321836911142
24,"[128, 64, 32]",0.2,0.005,64,50,21.990558320744643,0.7777905120700679,26.648645403849905,0.5534178506398981,32.88743157591698,-0.37176743784843436,23.94159988562266,4.874226743336187,39,0.0003339220129419118,0.001529755536466837,0.0010064493399113417
24,"[128, 64, 32]",0.2,0.01,64,50,15.592680194924368,0.8882798191365546,22.594261154237383,0.6789687039894438,24.91657558651094,0.21259660295337213,6.899248560269673,2.322242934194654,48,0.000332952564349398,0.000769913662225008,0.0007234987569972873
