sequence_length,lstm_units,dropout_rate,learning_rate,batch_size,epochs,train_rmse,train_r2,val_rmse,val_r2,test_rmse,test_r2,test_mae,test_mape,epochs_trained,final_train_loss,final_val_loss,best_val_loss
24,"[64, 32, 16]",0.2,0.001,64,50,23.45131639108222,0.747288771620707,25.652896869276553,0.5861681485697061,29.91582159868651,-0.13506947347820053,18.050129373868305,3.980459526216066,29,0.0005715255974791944,0.0018961698515340686,0.0009326394065283239
24,"[64, 32, 16]",0.2,0.005,64,50,31.384761399022512,0.5473862435793335,29.871034510544085,0.43888534603208373,38.48224531571029,-0.878198036471628,30.14903513590495,5.773891912875598,22,0.0005176002159714699,0.0038670701906085014,0.001264567137695849
24,"[64, 32, 16]",0.2,0.01,64,50,40.11418753964593,0.26058869213318747,41.790237346970095,-0.09824885473819167,50.30844241450626,-2.2099799335599446,45.289435625076294,8.039007656439066,23,0.0005627564969472587,0.0037560241762548685,0.0024750910233706236
24,"[128, 64, 32]",0.2,0.001,64,50,26.479202296400405,0.677819032043965,29.95986552354264,0.43554307831392935,33.63954877522795,-0.435227998717419,24.92943835258484,5.003727056083801,50,0.0004740701988339424,0.0017210399964824319,0.0012721025850623846
24,"[128, 64, 32]",0.2,0.005,64,50,22.154188897299377,0.7744713108474303,25.056501032816215,0.6051865557143998,26.475226483766313,0.11100372224321131,8.408934275309244,2.5191167195866035,26,0.0005435521597974002,0.0010325114708393812,0.0008897805237211287
24,"[128, 64, 32]",0.2,0.01,64,50,39.844094674656056,0.2705122328019901,35.08907434367062,0.22572558844980528,40.12183255199757,-1.0416537781628374,30.87859316666921,5.842724006229069,32,0.001920308219268918,0.002053182804957032,0.0017449607839807868
