sequence_length,lstm_units,dropout_rate,learning_rate,batch_size,epochs,train_rmse,train_r2,val_rmse,val_r2,test_rmse,test_r2,test_mae,test_mape,epochs_trained,final_train_loss,final_val_loss,best_val_loss
24,[32],0.3,0.001,64,30,15.622715513116152,0.8878490037866477,23.892064117750518,0.6410297754194052,26.20778458750239,0.12887355987211113,6.37380588054657,2.264022632990266,30,0.0915071964263916,0.18870435655117035,0.18870435655117035
24,[32],0.5,0.001,64,30,19.212776369411543,0.8303826232232416,24.384606950226647,0.62607663530638,26.776808465714918,0.09063507560550299,7.875015616416931,2.5062986711265602,30,0.10235437005758286,0.20975197851657867,0.19656500220298767
24,[64],0.3,0.001,64,30,15.91984844894042,0.8835423706936268,23.67067593537106,0.6476515193834298,26.108445547352414,0.13546494936697928,7.564375122388204,2.44196842210824,30,0.0850130021572113,0.1887662559747696,0.18522341549396515
24,[64],0.5,0.001,64,30,15.977997223330194,0.8826900716426753,23.639449741004523,0.6485805376301068,26.180171311171073,0.13070828059731632,6.896536707878113,2.348016714521546,30,0.09344471246004105,0.19639569520950317,0.18473505973815918
