sequence_length,lstm_units,dropout_rate,learning_rate,batch_size,epochs,train_rmse,train_r2,val_rmse,val_r2,test_rmse,test_r2,test_mae,test_mape,epochs_trained,final_train_loss,final_val_loss,best_val_loss
36,[64],0.4,0.0005,32,25,14.361631636749086,0.9045052902803564,22.378602454275896,0.685197741162738,24.478324751418448,0.24461237918812506,3.9103831694194966,1.876249979862045,25,0.07025589048862457,0.16660812497138977,0.16555432975292206
36,[64],0.4,0.001,32,25,14.486234320365465,0.9028410622450198,22.388370797596895,0.6849228564647878,24.459155466927943,0.24579502305952394,4.2342706715341,1.9215657085915205,18,0.07050474733114243,0.16852349042892456,0.16569891571998596
36,[64],0.5,0.0005,32,25,14.28716203142889,0.9054930632513192,22.33233294636844,0.6864981519212845,24.497943259115676,0.24340106128247296,3.797256029184096,1.8602231540600522,25,0.07352805882692337,0.16672782599925995,0.1648704558610916
36,[64],0.5,0.001,32,25,14.407128817070214,0.9038992836461242,22.422613872691695,0.6839582966539965,24.525308854251673,0.2417097891437171,3.799424058809055,1.8604138874646527,25,0.07161471992731094,0.17937840521335602,0.16620610654354095
36,[64],0.6,0.0005,32,25,14.422044226261164,0.9037001983874832,22.38676866495952,0.6849679492781685,24.538972447356194,0.24086463321760254,4.136565281024442,1.9127720718489867,25,0.07639791816473007,0.16719983518123627,0.1656751036643982
36,[64],0.6,0.001,32,25,15.31694169560692,0.8913784827558215,22.53191122068395,0.6808697443837204,24.631875608118683,0.23510566518938802,4.115205980035577,1.9092987372383858,23,0.07430601865053177,0.20562326908111572,0.16783040761947632
