sequence_length,lstm_units,dropout_rate,learning_rate,batch_size,epochs,train_rmse,train_r2,val_rmse,val_r2,test_rmse,test_r2,test_mae,test_mape,epochs_trained,final_train_loss,final_val_loss,best_val_loss
24,[32],0.3,0.001,64,30,22.811766331087963,0.7608843973131632,25.34021399146197,0.5961950487419851,25.74324161681645,0.1594819577552956,7.3267808357874555,2.3681587383761897,30,0.20568978786468506,0.22664695978164673,0.21227316558361053
24,[32],0.5,0.001,64,30,36.8792526101433,0.3750369960466391,32.464970663000855,0.33720211618606943,36.333145106040234,-0.6742741085658619,25.448414484659832,5.0985843175972265,17,0.38183873891830444,0.5727294087409973,0.3484213054180145
24,[64],0.3,0.001,64,30,20.566106995233135,0.8056456485333474,24.352314040021085,0.6270663644466963,25.088897514032826,0.20166764742144605,5.213532169659932,2.0520793122304983,30,0.14132700860500336,0.23885425925254822,0.1960446685552597
24,[64],0.5,0.001,64,30,27.187842061599774,0.6603437866233715,28.35640141399664,0.4943461540000146,28.587355478197292,-0.03649816778622994,13.10066024462382,3.262258240382396,30,0.17796756327152252,0.3372797966003418,0.26581332087516785
