sequence_length,lstm_units,dropout_rate,learning_rate,batch_size,epochs,train_rmse,train_r2,val_rmse,val_r2,test_rmse,test_r2,test_mae,test_mape,epochs_trained,final_train_loss,final_val_loss,best_val_loss
36,[64],0.4,0.0005,32,25,14.237411514205945,0.9061500982542579,22.3653151659265,0.685571457672189,24.49972972847381,0.2432907099693744,4.3265765332800195,1.9377218260320308,18,0.07281364500522614,0.16582663357257843,0.1653577834367752
36,[64],0.4,0.001,32,25,14.497382759793393,0.9026914598975394,22.462436400746338,0.682834720637878,24.53136213553397,0.24133542399857788,4.059348078850373,1.8996178476961678,13,0.07093297690153122,0.16878867149353027,0.166781947016716
36,[64],0.5,0.0005,32,25,14.754860747175593,0.8992043066605145,22.460809251231456,0.6828806690496472,24.513453596866427,0.24244270981027338,4.360561661207144,1.9461116979723783,19,0.07369236648082733,0.16868211328983307,0.16677282750606537
36,[64],0.5,0.001,32,25,14.210347122465302,0.906506564220687,22.333296764181597,0.6864710911402512,24.47272813532083,0.24495775668188302,4.550066970464751,1.9718388830704987,18,0.07287002354860306,0.16554483771324158,0.16488461196422577
36,[64],0.6,0.0005,32,25,14.675206739436321,0.9002896587240806,22.443907417532007,0.6833577561807527,24.515406046193277,0.24232202904867806,4.040908372934096,1.89201190434936,15,0.0774461179971695,0.16916199028491974,0.16652192175388336
36,[64],0.6,0.001,32,25,14.416206725757284,0.9037781396783312,22.42288455016429,0.6839506663316517,24.50502478986144,0.24296358349250158,4.275243764161438,1.929805026337849,14,0.07734375447034836,0.16859276592731476,0.16621017456054688
